HG00096	-0.01836738935915085	-0.03218832392020466	10473108253681171589
HG00097	-0.01920535721077912	0.04039761573876643	10473108253681171589
HG00099	-0.01634134235718681	-0.0352733145455807	10473108253681171589
HG00100	0.04377624442907862	-0.032295897539947105	10473108253681171589
HG00101	-0.016259931230046955	-0.0351944521946696	10473108253681171589
HG00102	-0.019412823487033815	-0.03237947038121826	10473108253681171589
HG00103	-0.019604717084518667	0.04203012164497771	10473108253681171589
HG00104	-0.019155445352118976	-0.03232963057214686	10473108253681171589
HG00106	-0.020820107228161987	0.039099728154419595	10473108253681171589
HG00108	-0.019786836078333224	0.041391481940367465	10473108253681171589
HG00109	-0.018960820167518603	-0.03253228932814762	10473108253681171589
HG00110	-0.021171052319857577	0.03949767662763065	10473108253681171589
HG00111	-0.01931179859680608	-0.03142466736929121	10473108253681171589
HG00112	-0.016285466440072154	-0.034978772610386545	10473108253681171589
HG00113	-0.0168570607905732	-0.035236574565078956	10473108253681171589
HG00114	-0.02057719501748447	0.03757643621360217	10473108253681171589
HG00116	-0.021671842893702	0.041294710436478574	10473108253681171589
HG00117	-0.020902705903085596	0.0407762827048802	10473108253681171589
HG00118	-0.01811831722882191	-0.031710600393868645	10473108253681171589
HG00119	-0.01873619227355113	-0.03135766992391733	10473108253681171589
HG00120	-0.019098364830201737	-0.03022539773567499	10473108253681171589
HG00121	-0.020082542839184852	0.03979654031337895	10473108253681171589
HG00122	-0.017143107446489815	-0.0345889207247538	10473108253681171589
HG00123	-0.008934784225067686	-0.02832563049877348	10473108253681171589
HG00124	-0.02070884390122213	0.03905546038417144	10473108253681171589
HG00125	-0.01025298586071074	-0.028452601425939868	10473108253681171589
HG00126	0.0330905789877354	-0.03570911456034021	10473108253681171589
HG00127	-0.018335981558573845	-0.03286655191448605	10473108253681171589
HG00128	-0.01816167595725892	-0.03263962684668338	10473108253681171589
HG00129	-0.0185823573207537	-0.031239066625501355	10473108253681171589
HG00130	-0.01598028509475664	-0.03525029578403736	10473108253681171589
HG00131	0.032958565179424436	-0.03468546954094304	10473108253681171589
HG00133	-0.009855236161295657	-0.03442813677897084	10473108253681171589
HG00134	-0.017035381001984526	-0.03528610938904203	10473108253681171589
HG00135	-0.016648540644527938	-0.03207447760427528	10473108253681171589
HG00136	-0.016691620450754254	-0.03414306000634666	10473108253681171589
HG00137	-0.020102931108532653	0.03864613536069679	10473108253681171589
HG00138	-0.017717845799953835	-0.03374575197521265	10473108253681171589
HG00139	-0.01955107632800144	0.041842715145255796	10473108253681171589
HG00140	-0.01883975802756408	0.03688459780871662	10473108253681171589
HG00141	-0.016588282445287438	-0.0338362906826578	10473108253681171589
HG00142	-0.016753325998669383	-0.032693754588765146	10473108253681171589
HG00143	0.04349775079736725	8.176119691150464E-4	10473108253681171589
HG00146	-0.01813927239784276	-0.03140884794027926	10473108253681171589
HG00148	-0.018703709451843784	-0.031188193017668224	10473108253681171589
HG00149	-0.02078889210136769	0.039514105694391795	10473108253681171589
HG00150	0.04008423694512615	0.0035047442712725528	10473108253681171589
HG00151	-0.021160647246819424	0.03971608463764099	10473108253681171589
HG00152	-0.016436535326480657	-0.034922748517442474	10473108253681171589
HG00154	-0.01891927280609772	-0.031336481964143174	10473108253681171589
HG00155	0.05486706292929049	0.007306160715278669	10473108253681171589
HG00156	-0.021271731707068232	0.03865482798415926	10473108253681171589
HG00158	-0.02060451868687884	0.03969661275863983	10473108253681171589
HG00159	0.06738446063404141	0.004378585099351451	10473108253681171589
HG00160	-0.018899897065215006	-0.032518549420282226	10473108253681171589
HG00171	-0.019196537764154576	0.04027318625741799	10473108253681171589
HG00173	-0.01844611807327832	0.03793762730268179	10473108253681171589
HG00174	-0.020283089691867328	0.04011711975346778	10473108253681171589
HG00176	-0.016341754569080883	-0.035435470376953083	10473108253681171589
HG00177	-0.01907291329938248	-0.0322803211771854	10473108253681171589
HG00178	0.03218875337162214	-0.03427184287294035	10473108253681171589
HG00179	-0.019618493186287483	-0.03163365006874357	10473108253681171589
HG00180	-0.01851010327670776	-0.03181153279992536	10473108253681171589
HG00182	-0.021136255041949586	0.039456399606610446	10473108253681171589
HG00183	-0.018287297134284498	-0.03242019908138813	10473108253681171589
HG00185	0.04007307605703496	0.0017613461546653806	10473108253681171589
HG00186	-0.017261677188487447	-0.032510760361927536	10473108253681171589
HG00187	-0.01949352637129407	0.04181808789353121	10473108253681171589
HG00188	-0.018751601883231148	-0.03220773056092924	10473108253681171589
HG00189	0.05415819539893348	0.010272433890641799	10473108253681171589
HG00190	0.0561601175813851	0.009498767866701676	10473108253681171589
HG00231	-0.01623070525833016	-0.0317488836680274	10473108253681171589
HG00232	0.046895915516012396	-0.03507058094604315	10473108253681171589
HG00233	-0.017983616658412107	-0.033377545467663666	10473108253681171589
HG00234	-0.019115588995550298	0.03887970362367849	10473108253681171589
HG00235	-0.02007525368535079	0.04210745835265312	10473108253681171589
HG00236	-0.019938682407459277	0.04056539534769841	10473108253681171589
HG00237	-0.02108383187249977	0.039310781895376144	10473108253681171589
HG00238	-0.0190924151037621	-0.03241388500421481	10473108253681171589
HG00239	-0.020903747728413732	0.03947048434935111	10473108253681171589
HG00240	0.05052010597358657	0.011982610735850385	10473108253681171589
HG00242	-0.01990139658094832	0.03550619504238412	10473108253681171589
HG00243	-0.01005192910653304	-0.028163567067608954	10473108253681171589
HG00244	-0.01676013255744788	-0.03547374761413839	10473108253681171589
HG00245	0.05339921272887873	0.009850848446291782	10473108253681171589
HG00246	-0.01673106794913175	-0.035177150241268086	10473108253681171589
HG00247	-0.017699496111133098	-0.031716409446533506	10473108253681171589
HG00249	-0.012868225205970361	0.03609638150490809	10473108253681171589
HG00250	-0.019035594348833087	-0.03336589187253311	10473108253681171589
HG00251	0.05378038405283058	0.00968212859111818	10473108253681171589
HG00252	-0.019063511936130567	-0.029978325793769994	10473108253681171589
HG00253	-0.019777956250720714	0.038779607896567356	10473108253681171589
HG00254	-0.017005624908378723	-0.035456936991605424	10473108253681171589
HG00255	-0.02076360936419989	0.0406185038412124	10473108253681171589
HG00256	-0.018881298732630974	-0.033473381126942946	10473108253681171589
HG00257	-0.01871694343145085	0.04000118128971225	10473108253681171589
HG00258	0.0509191844285984	0.011452319783127319	10473108253681171589
HG00259	-0.019633491854003905	-0.030494860719847007	10473108253681171589
HG00260	0.044322702367378654	-0.03463575126740968	10473108253681171589
HG00261	-0.0164884705720999	-0.03563828245068157	10473108253681171589
HG00262	0.052648599833934974	0.011697832416042622	10473108253681171589
HG00263	-0.01950595628546382	-0.03189869288483287	10473108253681171589
HG00264	-0.017095097032943256	0.039517571160488964	10473108253681171589
HG00265	-0.018840496546953044	-0.03291112130963173	10473108253681171589
HG00266	-0.01645597640246401	-0.035081424486352916	10473108253681171589
HG00267	-0.017078934964451706	0.039082043824611834	10473108253681171589
HG00268	0.05105338404310863	0.011846713236110041	10473108253681171589
HG00269	-0.01662679040610743	-0.03408974561997699	10473108253681171589
HG00270	-0.0163255354779721	-0.03174964240852992	10473108253681171589
HG00271	-0.016548206823762922	-0.02946087284357	10473108253681171589
HG00272	-0.018985433984595727	-0.031596293942432456	10473108253681171589
HG00273	-0.01985802240885231	0.03999976564069131	10473108253681171589
HG00274	0.04024320844510811	0.0022126728903529122	10473108253681171589
HG00275	-0.01903013341902802	-0.03274008693754295	10473108253681171589
HG00276	-0.018474201689807315	-0.03409471092125711	10473108253681171589
HG00277	-0.011410510964006484	-0.027202500380039848	10473108253681171589
HG00278	-0.016754860277793732	-0.03561473901862326	10473108253681171589
HG00280	-0.01650650176000172	-0.03560504143197847	10473108253681171589
HG00281	-0.01642175249837243	-0.033333965934105515	10473108253681171589
HG00282	-0.016456075679897	-0.03114693165781154	10473108253681171589
HG00284	-0.01683181820673993	-0.032547522054683045	10473108253681171589
HG00285	-0.016140140524943985	-0.035355741672677465	10473108253681171589
HG00306	-0.019666688358494964	0.04184064033576285	10473108253681171589
HG00309	-0.016210461027929626	-0.035456856767358526	10473108253681171589
HG00310	-0.01882778802097241	-0.03258194099217736	10473108253681171589
HG00311	-0.02017247911284513	0.03981972076823988	10473108253681171589
HG00312	-0.01728823018925516	-0.03260143354326313	10473108253681171589
HG00313	-0.01689157708230877	-0.03555484419239947	10473108253681171589
HG00315	-0.017304376550856072	-0.032152141393312426	10473108253681171589
HG00318	-0.01947313926488091	-0.0312306346065036	10473108253681171589
HG00319	0.05446473839031719	0.010393803817104277	10473108253681171589
HG00320	-0.016675926236858908	0.03621630052180571	10473108253681171589
HG00321	-0.01996496090820077	-0.030548009166787866	10473108253681171589
HG00323	0.008202151223829413	-0.034443928096076576	10473108253681171589
HG00324	-0.01871232999882054	-0.030816211004509646	10473108253681171589
HG00325	-0.019151248246316855	-0.032835337412041705	10473108253681171589
HG00326	-0.01642789716090758	-0.034231177094063155	10473108253681171589
HG00327	-0.007192328060955054	0.03019942811210525	10473108253681171589
HG00328	-0.01620881374568102	-0.03564075076148884	10473108253681171589
HG00329	-0.017238961575949792	-0.03549892921033122	10473108253681171589
HG00330	0.04295277386534112	0.002872472144957511	10473108253681171589
HG00331	-0.0170144977371568	-0.031346736236187236	10473108253681171589
HG00332	-0.016328171485884946	-0.035234402779148924	10473108253681171589
HG00334	0.045950070271383175	-0.03549423848908313	10473108253681171589
HG00335	0.05152229812561301	0.01240984397790665	10473108253681171589
HG00336	-0.01856791472047851	0.037778565562086155	10473108253681171589
HG00337	-0.01681644342386216	-0.03571758030864056	10473108253681171589
HG00338	-0.0203260440802537	0.03985340733801974	10473108253681171589
HG00339	0.052787589692151186	0.007792890286150378	10473108253681171589
HG00341	-0.016767687313365472	-0.03483090390541301	10473108253681171589
HG00342	0.040968372106485546	0.002802975424714186	10473108253681171589
HG00343	-0.01686345389766579	-0.030279927992463478	10473108253681171589
HG00344	0.047377218031827976	-0.03393838157615412	10473108253681171589
HG00345	-0.017974068942654443	0.04129470051271793	10473108253681171589
HG00346	-0.008317436258296966	-0.027789355997390432	10473108253681171589
HG00349	-0.018772243659444864	-0.03189095049824623	10473108253681171589
HG00350	-0.020151587187555407	-0.030332774832795065	10473108253681171589
HG00351	-0.015003539263665946	-0.030273605986782613	10473108253681171589
HG00353	-0.01875853111259075	-0.033717410334466284	10473108253681171589
HG00355	0.04590871526921089	-0.03321024582873268	10473108253681171589
HG00356	-0.016640199551891804	-0.030429842536144322	10473108253681171589
HG00357	-0.02200290614798695	0.04080171188681289	10473108253681171589
HG00358	-0.019539321698053495	-0.03171996060837637	10473108253681171589
HG00359	-0.016299583680662633	-0.03362085627615035	10473108253681171589
HG00360	0.015259420292668163	0.003483451327525552	10473108253681171589
HG00361	-0.02079463816397764	0.03771311234708207	10473108253681171589
HG00362	-0.016531144818028077	-0.03285845218190984	10473108253681171589
HG00364	-0.01766276106877389	0.039822147222770825	10473108253681171589
HG00366	-0.016626519567003333	-0.03527468062281075	10473108253681171589
HG00367	0.046995126949946335	-0.035618877850379635	10473108253681171589
HG00369	0.05468592477659856	0.00706538156843424	10473108253681171589
HG00372	-0.016836305059387057	-0.03496134919362225	10473108253681171589
HG00373	0.0333433532508329	-0.03463180807141383	10473108253681171589
HG00375	-0.0197790252197475	-0.029595874518298877	10473108253681171589
HG00376	-0.019098286128015795	-0.031688850535107	10473108253681171589
HG00377	-0.018224438562843105	-0.03225057238027716	10473108253681171589
HG00378	-0.0178897098683735	-0.032674924762190805	10473108253681171589
HG00381	-0.02102936058176073	0.038840106542606695	10473108253681171589
HG00382	0.0038683524532195724	0.002844114830727182	10473108253681171589
HG00383	-0.01727576624269596	-0.03186281594033353	10473108253681171589
HG00384	-0.01905895150356795	-0.030835571469095463	10473108253681171589
HG00403	-0.020388768757204308	-0.028827341974032417	10473108253681171589
HG00404	-0.020608297278313224	-0.02970510236567488	10473108253681171589
HG00406	-0.016837459261564883	-0.033675187590919184	10473108253681171589
HG00407	-0.016908352686019482	-0.0340876593331392	10473108253681171589
HG00418	-0.022052864589484942	0.04125739813311478	10473108253681171589
HG00419	-0.019231757449239256	-0.03138191513876221	10473108253681171589
HG00421	-0.01736817390885821	-0.03346833630291359	10473108253681171589
HG00422	-0.021643153437584495	0.03480423578795749	10473108253681171589
HG00427	-0.01930385299785163	-0.031348491402316374	10473108253681171589
HG00428	-0.016858092305263278	-0.03351330237549446	10473108253681171589
HG00436	-0.01937303358334156	-0.031658276212320834	10473108253681171589
HG00437	-0.02051629244827726	0.04248789638270082	10473108253681171589
HG00442	-0.021230848733267277	0.039546178859881924	10473108253681171589
HG00443	-0.019837699919870114	-0.031700857532001525	10473108253681171589
HG00445	-0.02336074106483669	0.032014732540928244	10473108253681171589
HG00446	-0.02009065933189932	-0.030898409715868904	10473108253681171589
HG00448	-0.02065680713340214	-0.01181260921169879	10473108253681171589
HG00449	-0.020196107479619724	-0.031097091070283515	10473108253681171589
HG00451	-0.020549358740767687	-0.029772156090492035	10473108253681171589
HG00452	-0.020059614476918695	-0.030470075590980864	10473108253681171589
HG00457	-0.020293823579704627	0.029936883320539218	10473108253681171589
HG00458	-0.01979182314950743	-0.0306509874088285	10473108253681171589
HG00463	-0.02197730453099492	0.03991419617935571	10473108253681171589
HG00464	-0.01747317891804691	-0.033574416551922635	10473108253681171589
HG00472	-0.016420810865851645	-0.03444726255955057	10473108253681171589
HG00473	-0.019850954146587215	-0.020335264042131918	10473108253681171589
HG00475	-0.016277337171374345	-0.03480300523091328	10473108253681171589
HG00476	-0.010904929392386348	0.01594725005967913	10473108253681171589
HG00478	-0.018878037190791425	0.0417269325206874	10473108253681171589
HG00479	-0.019201955796702093	0.03496305750778379	10473108253681171589
HG00500	-0.02218693406737564	0.040531321796432984	10473108253681171589
HG00501	-0.02073189501206784	0.036935020637089006	10473108253681171589
HG00512	-0.021157128851253214	0.03707047104635905	10473108253681171589
HG00513	-0.01308090113805973	0.032892173508470506	10473108253681171589
HG00524	-0.021186085280888507	0.0380470319390864	10473108253681171589
HG00525	-0.016604441790311765	-0.034989755679026555	10473108253681171589
HG00530	-0.01818995396630851	0.02205932434005807	10473108253681171589
HG00531	-0.019193689615823524	0.04145147036733927	10473108253681171589
HG00533	-0.02019039008399818	-0.032180036536480626	10473108253681171589
HG00534	-0.01660295187437085	-0.03463533807877736	10473108253681171589
HG00536	-0.019779840073399425	0.02239510027233196	10473108253681171589
HG00537	-0.01922851574776031	-0.03206344645151689	10473108253681171589
HG00542	-0.020397740256727158	-0.028597093924737447	10473108253681171589
HG00543	-0.021517923469390708	0.0412631604927296	10473108253681171589
HG00553	-0.015780938575579977	-0.02907502935381377	10473108253681171589
HG00554	-0.020213413748557035	0.039947145893676955	10473108253681171589
HG00556	-0.022314019010674174	0.04047091233293008	10473108253681171589
HG00557	-0.020685092681192487	0.04244238722119849	10473108253681171589
HG00559	-0.016059272924537123	-0.03450833206620833	10473108253681171589
HG00560	-0.01622480359768641	-0.03414230570497594	10473108253681171589
HG00565	-0.01965548898348538	0.0349357554948017	10473108253681171589
HG00566	-0.01886957270028661	0.03036073729409968	10473108253681171589
HG00577	-0.012953316410599845	-0.020531165131516687	10473108253681171589
HG00578	-0.021284003685494424	0.04017639011122816	10473108253681171589
HG00580	-0.020480219459420648	-0.020676718585139364	10473108253681171589
HG00581	-0.01648397483147599	-0.034733986664203916	10473108253681171589
HG00583	-0.016612915794982905	-0.03487529535518537	10473108253681171589
HG00584	-0.016928831018252804	-0.030957979422840225	10473108253681171589
HG00589	-0.01852473334346484	-0.03241002097662303	10473108253681171589
HG00590	-0.015324691075836939	0.03524369494847945	10473108253681171589
HG00592	-0.01629555229120425	-0.030521902110115587	10473108253681171589
HG00593	-0.01682063602203121	-0.03477796900775776	10473108253681171589
HG00595	-0.020315162006179274	-0.019511209436557608	10473108253681171589
HG00596	-0.020095829042283967	-0.031006587115145028	10473108253681171589
HG00607	-0.019806788644098555	-0.0321173124639239	10473108253681171589
HG00608	-0.021948388344943958	0.0400136172914181	10473108253681171589
HG00610	-0.021542672217338913	0.040029210431814004	10473108253681171589
HG00611	-0.01785331870968606	-0.017794301977852197	10473108253681171589
HG00613	-0.019017884066512235	-0.03210332032821366	10473108253681171589
HG00614	-0.022080842474044543	0.04129788043894169	10473108253681171589
HG00619	-0.022025653741444065	0.04053788992973035	10473108253681171589
HG00620	-0.02002540643530322	0.038673326566595015	10473108253681171589
HG00625	0.057035294238114605	0.008732746209332138	10473108253681171589
HG00626	-0.018719675469554848	-0.0315326134474556	10473108253681171589
HG00628	-0.016684233618856983	-0.034300227478527026	10473108253681171589
HG00629	-0.02016775024448728	-0.030706579945041397	10473108253681171589
HG00634	-0.01510494630975985	0.034889035354157806	10473108253681171589
HG00635	-0.021302158637187825	0.04043781129565803	10473108253681171589
HG00637	-0.018550650267197502	-0.032067961461568165	10473108253681171589
HG00638	0.009451974371669674	-0.03457190086717136	10473108253681171589
HG00640	0.04193480315442752	8.909893890781699E-4	10473108253681171589
HG00641	-0.015697859325300514	-0.030361549487921677	10473108253681171589
HG00650	-0.0200303387586889	0.04187911765175324	10473108253681171589
HG00651	-0.020337731733914503	-0.030539038795920837	10473108253681171589
HG00653	-0.018938502184603016	-0.032973927090509766	10473108253681171589
HG00654	-0.02196919308528626	0.04122134414639669	10473108253681171589
HG00656	-0.020351415665861555	0.04022007758768935	10473108253681171589
HG00657	-0.016474758205836885	-0.034915049606924854	10473108253681171589
HG00662	-0.02049154060862738	0.04182264683022916	10473108253681171589
HG00663	-0.020352760471255137	-0.0301042813696721	10473108253681171589
HG00671	-0.020633364165718385	0.03712148962530402	10473108253681171589
HG00672	-0.016104235911467615	-0.03429573198480678	10473108253681171589
HG00683	-0.020239081053931393	-0.031926283022949024	10473108253681171589
HG00684	-0.020045204093446303	-0.03199329649140559	10473108253681171589
HG00689	-0.017670807138757176	0.03918414297116493	10473108253681171589
HG00690	-0.02175115092787065	0.04138771343749816	10473108253681171589
HG00692	-0.020877508063704562	0.03997081328623119	10473108253681171589
HG00693	-0.02192016494142248	0.03903267685695045	10473108253681171589
HG00698	-0.02022405936608707	-0.03215532056106049	10473108253681171589
HG00699	-0.01859023864643259	-0.03283534843431119	10473108253681171589
HG00701	-0.020392344336029183	-0.03133812562393167	10473108253681171589
HG00702	-0.01616595458214339	-0.028804834311704722	10473108253681171589
HG00704	-0.021759185342669074	0.04064178891819333	10473108253681171589
HG00705	-0.016786217313351875	-0.03466357038981118	10473108253681171589
HG00707	-0.016228106393922654	-0.030517574614860335	10473108253681171589
HG00708	-0.022160069961804304	0.041196093117190385	10473108253681171589
HG00731	-0.016126213813561684	-0.035194744561331676	10473108253681171589
HG00732	-0.017904261574280333	0.020095582866289038	10473108253681171589
HG00734	-0.021054867819480075	0.039396432590726824	10473108253681171589
HG00736	-0.01569428431529292	-0.02817902598677658	10473108253681171589
HG00737	0.006075659687881134	7.761866720719134E-4	10473108253681171589
HG00740	-0.01659927808535525	-0.03518214375261138	10473108253681171589
HG01047	-0.01969026467228941	-0.031582771752245484	10473108253681171589
HG01048	-0.015972730752033818	-0.03466150910612552	10473108253681171589
HG01051	-0.01672478216206063	0.03497134430435966	10473108253681171589
HG01052	-0.016328490962588715	0.03819300937694116	10473108253681171589
HG01055	-0.019097796828732933	-0.032792136747534006	10473108253681171589
HG01060	0.04062191354114993	-0.03169917704123932	10473108253681171589
HG01061	0.04106173533540796	-0.031381211557805266	10473108253681171589
HG01066	0.04617630032068637	-0.035648520916182216	10473108253681171589
HG01067	0.053313206661822946	0.007828357754211247	10473108253681171589
HG01069	-0.01704492542266714	0.04028891789087371	10473108253681171589
HG01070	-0.011017174492749892	-0.030496925403157953	10473108253681171589
HG01072	-0.01893961770881848	0.03641061047789876	10473108253681171589
HG01073	-0.021422373851195196	0.0405629266931478	10473108253681171589
HG01075	-0.01930213939302613	-0.031631423220080036	10473108253681171589
HG01079	-0.01626527431892333	-0.033246018321057794	10473108253681171589
HG01080	0.05975090829673793	-0.0036970574709700877	10473108253681171589
HG01082	0.04836579949442031	0.0124193540790229	10473108253681171589
HG01083	-0.016733766971811812	-0.03565364745821277	10473108253681171589
HG01085	0.030383570196538593	-0.03398938821124292	10473108253681171589
HG01095	-0.01941397632448305	-0.03197678449714403	10473108253681171589
HG01097	-0.020333001995052707	0.03980450620609917	10473108253681171589
HG01098	-0.020415965632871992	0.03835954856862495	10473108253681171589
HG01101	0.03944188391739032	-0.033905039666321114	10473108253681171589
HG01102	0.037340271260803255	0.005612884915262782	10473108253681171589
HG01104	0.03374547800173916	0.007030124569662655	10473108253681171589
HG01105	-0.018064342810055267	0.02401941643929343	10473108253681171589
HG01107	-0.017147567631049458	0.02001602601451958	10473108253681171589
HG01108	0.017385707409050773	0.001907143894388768	10473108253681171589
HG01112	-0.019667426512593178	0.04056064195360203	10473108253681171589
HG01113	-0.018489424582360303	-0.03223965260559507	10473108253681171589
HG01124	-0.021576972572261096	0.04058378150418143	10473108253681171589
HG01125	-0.01736365327568647	-0.032759628100928535	10473108253681171589
HG01133	-0.016003841560709314	-0.03499181892984247	10473108253681171589
HG01134	-0.020026606700073873	0.04013527130861171	10473108253681171589
HG01136	-0.0162242158676092	-0.031266013694396244	10473108253681171589
HG01137	-0.015861670058768422	-0.03518418209240722	10473108253681171589
HG01140	-0.017504224171596673	-0.03305341575388277	10473108253681171589
HG01148	-0.01677867417924174	-0.03538248055950532	10473108253681171589
HG01149	-0.016812688467310422	-0.024889849587600918	10473108253681171589
HG01167	0.04569392254218002	0.012973690237786455	10473108253681171589
HG01168	-0.01720685272551215	-0.03197158455278513	10473108253681171589
HG01170	-0.010820571831627886	-0.028146013917708292	10473108253681171589
HG01171	-0.01853654324262735	0.039290682968852554	10473108253681171589
HG01173	-0.019773100340026432	0.03000492420344465	10473108253681171589
HG01174	-0.021847097492137518	0.0415254225857893	10473108253681171589
HG01176	-0.021338128567745845	0.041385711104326865	10473108253681171589
HG01183	-0.014943952514615187	-0.034584997800011306	10473108253681171589
HG01187	0.010784172533809073	0.001540159530061639	10473108253681171589
HG01188	-0.017943325467136624	-0.0320470454723139	10473108253681171589
HG01190	-0.018193686524774697	0.020988328887299748	10473108253681171589
HG01191	0.03163083530686386	0.015666079496090446	10473108253681171589
HG01197	-0.01968972171335286	-0.03043158842200505	10473108253681171589
HG01198	0.05467387995357355	0.010200218158487725	10473108253681171589
HG01204	0.03310687611727085	0.007038377335660355	10473108253681171589
HG01250	0.05111525242392058	0.012810804907660739	10473108253681171589
HG01251	-0.019762714884466286	0.041388774716760224	10473108253681171589
HG01257	-0.01582085293568577	-0.026427759016479414	10473108253681171589
HG01259	-0.016038907524497235	-0.03324796466674488	10473108253681171589
HG01271	-0.019914624264708903	0.04059601216480553	10473108253681171589
HG01272	0.04509609540973796	0.0033705944872284956	10473108253681171589
HG01274	-0.018636823414153732	-0.03215688901635655	10473108253681171589
HG01275	-0.018319599760858032	0.038577849771223346	10473108253681171589
HG01277	-0.016654782565493405	-0.034026695908319846	10473108253681171589
HG01278	-0.018007128910790794	-0.030936551370226946	10473108253681171589
HG01334	-0.01842514060140046	0.03844395754953838	10473108253681171589
HG01342	0.04309449332223705	0.0020052970466945146	10473108253681171589
HG01344	-0.020002516315471817	0.03990031589173265	10473108253681171589
HG01345	-0.018531348240138693	-0.02891704464899503	10473108253681171589
HG01350	-0.01613321828520497	-0.03384862903218985	10473108253681171589
HG01351	-0.020863540347195897	0.03655529491942739	10473108253681171589
HG01353	0.028458627790605647	-0.03164722138066095	10473108253681171589
HG01354	0.03558645771017961	0.007182450618709854	10473108253681171589
HG01356	-0.018771107090742863	-0.031972256461965755	10473108253681171589
HG01357	-0.019187910426101927	-0.032740949991180865	10473108253681171589
HG01359	-0.01886165746894208	-0.03231666855666749	10473108253681171589
HG01360	-0.017351110096215174	0.040476084900134414	10473108253681171589
HG01365	-0.016373138860607515	-0.03259873531417206	10473108253681171589
HG01366	-0.010252590767911804	0.034358791654926585	10473108253681171589
HG01374	0.011590040038718292	-0.033721784542116405	10473108253681171589
HG01375	-0.01932523894853133	-0.032811672197627796	10473108253681171589
HG01377	0.014940749479777183	0.004248602809354378	10473108253681171589
HG01378	-0.020579919996619067	0.0401091765885781	10473108253681171589
HG01383	-0.019693840410731283	0.0395136478146996	10473108253681171589
HG01384	-0.02142151200368335	0.041002122654692295	10473108253681171589
HG01389	0.04203621282807873	9.479646814785414E-4	10473108253681171589
HG01390	-0.018359575168266567	-0.03164485864854626	10473108253681171589
HG01437	-0.020005284264978676	0.04232786521284381	10473108253681171589
HG01440	0.05059083244379127	0.010374449809518472	10473108253681171589
HG01441	-0.018860821590984952	-0.031003105460283113	10473108253681171589
HG01455	-0.021086307347881385	0.04067848787211536	10473108253681171589
HG01456	0.05051061184341909	0.012584140719638913	10473108253681171589
HG01461	-0.020417247812672044	0.0394180642531319	10473108253681171589
HG01462	-0.018838692741078657	-0.0326933965990319	10473108253681171589
HG01465	-0.016684202939588364	-0.035208471880027875	10473108253681171589
HG01488	-0.017395931942885582	-0.03326500578962422	10473108253681171589
HG01489	-0.019278549802828827	0.03808348517061804	10473108253681171589
HG01491	-0.02000735833661431	-0.0013365612889878868	10473108253681171589
HG01492	-0.018223543235269413	-0.03170487092621755	10473108253681171589
HG01494	-0.018405400704180442	-0.031120010385492333	10473108253681171589
HG01495	0.03989168946507196	0.011405295269631887	10473108253681171589
HG01497	0.006018974194424035	0.003986634853023935	10473108253681171589
HG01498	-0.013388908717453775	-0.032088172396353934	10473108253681171589
HG01515	0.05371769480004704	0.010085808550248404	10473108253681171589
HG01516	-0.01786111760806627	-0.030680370843266608	10473108253681171589
HG01518	-0.02109635890020298	0.0403929181883541	10473108253681171589
HG01519	-0.020044068257888785	0.040111733066930735	10473108253681171589
HG01521	-0.020741502544619997	0.04033778630843043	10473108253681171589
HG01522	0.07270019474358298	0.007184222723888275	10473108253681171589
HG01550	3.418029520494389E-4	-0.0175414183621691	10473108253681171589
HG01551	0.033191423734948225	-0.034565361781015554	10473108253681171589
HG01617	-0.01730792794163707	-0.03415608787430216	10473108253681171589
HG01618	-0.018061251517834852	0.016780206636784124	10473108253681171589
HG01619	-0.01985950518279345	-0.03110501580949629	10473108253681171589
HG01620	0.04656428423966073	-0.020994503809325212	10473108253681171589
HG01623	-0.020444235517776917	-0.030473039277237327	10473108253681171589
HG01624	-0.019448769101408213	0.03869913496483729	10473108253681171589
HG01625	-0.02048582095832069	0.03942449286024374	10473108253681171589
HG01626	-0.017936435514339405	0.038597591221118895	10473108253681171589
NA06984	0.06292706906542672	-0.0013724606466119869	10473108253681171589
NA06986	0.03843102098775733	0.004305610822868398	10473108253681171589
NA06989	-0.01603252612648872	-0.035179538617810036	10473108253681171589
NA06994	-0.016138057384766206	-0.035615849607394105	10473108253681171589
NA07000	-0.016908689886692266	-0.03477190873498806	10473108253681171589
NA07037	-0.019786126661505476	0.039616446746186126	10473108253681171589
NA07048	-0.01680469988863533	-0.030093413221279293	10473108253681171589
NA07051	-0.01921902472116693	-0.031819760134010826	10473108253681171589
NA07056	-0.020316166293888757	0.03938457995903029	10473108253681171589
NA07346	-0.018198029253768382	0.03906825933355751	10473108253681171589
NA07347	-0.01931169280889923	0.04193614130349499	10473108253681171589
NA07357	-0.020099194975595473	0.03978897684947249	10473108253681171589
NA10847	-0.018168973896157	-0.03127581788822188	10473108253681171589
NA10851	-0.0159024278896114	-0.03203214449630083	10473108253681171589
NA11829	0.05403496102623649	0.008808818130027702	10473108253681171589
NA11830	0.03101030235720067	-0.034661172736494314	10473108253681171589
NA11831	0.04989564465970769	0.01341886270627629	10473108253681171589
NA11843	-0.01754823123251819	-0.031243392275477785	10473108253681171589
NA11892	-0.020181064492527438	0.04073417124957021	10473108253681171589
NA11893	-0.019123710570348545	-0.03103173698745957	10473108253681171589
NA11894	0.04574996586614157	-0.03532784817425928	10473108253681171589
NA11918	-0.018198029253768382	0.03906825933355751	10473108253681171589
NA11919	-0.021413273055460213	0.03917195857634102	10473108253681171589
NA11920	-0.01914087186854098	0.04148187580057948	10473108253681171589
NA11930	-0.017027681106832126	-0.03549247715402911	10473108253681171589
NA11931	-0.021848092744629764	0.04102633893687199	10473108253681171589
NA11932	-0.02007052529146686	0.03940053779563763	10473108253681171589
NA11933	-0.01972881870795906	-0.031180589676909905	10473108253681171589
NA11992	-0.019809873610547937	0.03995092295545589	10473108253681171589
NA11993	-0.01050299183990826	-0.027794777262990115	10473108253681171589
NA11994	0.05297260368662456	0.010446788104020093	10473108253681171589
NA11995	0.04885441711294568	0.0058305982680881465	10473108253681171589
NA12003	-0.02102594402876955	0.04134211492188524	10473108253681171589
NA12004	-0.0203828005611495	0.039015546586023735	10473108253681171589
NA12006	0.05188604433634841	0.011542585747656792	10473108253681171589
NA12043	-0.019077592502969226	0.038646301544472815	10473108253681171589
NA12044	-0.02031987048747025	0.040269527221750805	10473108253681171589
NA12045	-0.015517233924237322	-0.035916943733683634	10473108253681171589
NA12046	-0.02043716863074703	0.01356531521769745	10473108253681171589
NA12058	-0.021347914776641313	0.03865701343287637	10473108253681171589
NA12144	-0.018886559604014284	0.03878763636375672	10473108253681171589
NA12154	-0.01891323531274087	-0.03366389126074259	10473108253681171589
NA12155	-0.019292149614291203	-0.03224786099321042	10473108253681171589
NA12249	-0.0203663579369008	0.04099649370330465	10473108253681171589
NA12272	-0.016410761628813355	-0.03561981909957885	10473108253681171589
NA12273	-0.01849999338839442	-0.02910134463118674	10473108253681171589
NA12275	-0.019777295455877277	0.03927981146302296	10473108253681171589
NA12282	-0.016475812046053077	-0.03511568300518045	10473108253681171589
NA12283	-0.02064728216183717	0.040269366462369637	10473108253681171589
NA12286	-0.019743161107774694	0.04183743636577617	10473108253681171589
NA12287	-0.016790406879113557	-0.03379841003306528	10473108253681171589
NA12340	0.039236332917896674	0.0030079279110383885	10473108253681171589
NA12341	-0.02095068338502772	0.04071796117217513	10473108253681171589
NA12342	-0.020386425981808246	0.03970798555978406	10473108253681171589
NA12347	-0.016183201320901515	-0.03297303747214265	10473108253681171589
NA12348	-0.016378364181870806	-0.035208818097096535	10473108253681171589
NA12383	0.04342304018087418	-0.031248144241728226	10473108253681171589
NA12399	0.01195114303423114	0.0034749464597822644	10473108253681171589
NA12400	-0.016640776908697082	-0.03213122694949739	10473108253681171589
NA12413	0.05909471645071586	-0.0020679434797190857	10473108253681171589
NA12489	-0.020253722368743465	0.039660045519597585	10473108253681171589
NA12546	-0.018608774137027946	-0.03228160461229634	10473108253681171589
NA12716	-0.016668312585013684	-0.035508681850240684	10473108253681171589
NA12717	-0.015551587266763962	-0.03333180533179828	10473108253681171589
NA12718	-0.016930691368056083	0.03932983902341093	10473108253681171589
NA12748	0.05060002843762663	0.012018309433975381	10473108253681171589
NA12749	-0.019224013795664477	0.041838097381179384	10473108253681171589
NA12750	-0.020595456384202307	0.02488279096812851	10473108253681171589
NA12751	0.04550595147755043	-0.03390817313246244	10473108253681171589
NA12761	0.051693686094599386	0.011433224980679028	10473108253681171589
NA12763	-0.021994090842908234	0.03990639604942177	10473108253681171589
NA12775	0.05352005589105127	0.008867715300055062	10473108253681171589
NA12777	0.0513796371387361	0.012535305558597014	10473108253681171589
NA12778	-0.018525142752752733	0.03846285433683706	10473108253681171589
NA12812	-0.017963388846038056	-0.03155556387834578	10473108253681171589
NA12814	-0.017517632289642596	0.04051963280680823	10473108253681171589
NA12815	0.03317714505580082	-0.03556521820078403	10473108253681171589
NA12827	0.06338802394108338	9.900456515068644E-5	10473108253681171589
NA12829	-0.01903669446473787	-0.03152815400846489	10473108253681171589
NA12830	-0.01895213792902051	-0.03243565120801863	10473108253681171589
NA12842	0.043825084105602714	-0.03279326085743338	10473108253681171589
NA12843	-0.01722764424532667	-0.03276111334470824	10473108253681171589
NA12872	-0.021047477205439282	0.03894326944392133	10473108253681171589
NA12873	-0.021935822856059113	0.04011268599399726	10473108253681171589
NA12874	-0.021673631939165407	0.03963927597461409	10473108253681171589
NA12889	-0.008800622491623698	-0.02793099123762889	10473108253681171589
NA12890	-0.015775029070292854	-0.035241080896707105	10473108253681171589
NA18486	0.04793373016616232	0.013120143717230297	10473108253681171589
NA18487	0.04790575211606943	0.005203464787484065	10473108253681171589
NA18489	0.031395047670053265	-0.007025509039244929	10473108253681171589
NA18498	0.04792367369943124	0.0036671249064159574	10473108253681171589
NA18499	0.06646844016406248	0.00630984681618783	10473108253681171589
NA18501	0.05387445278026753	3.850856044405673E-4	10473108253681171589
NA18502	0.05660814905867884	0.00855389326667189	10473108253681171589
NA18504	0.03070229735307248	-0.007201528699344038	10473108253681171589
NA18505	-0.01766995611833889	0.03895782768033302	10473108253681171589
NA18507	0.03459046980344502	0.00805889992581893	10473108253681171589
NA18508	0.07942944059992274	0.007742033936606578	10473108253681171589
NA18510	0.0598935107775917	-1.526598596048821E-4	10473108253681171589
NA18511	0.018112033344779434	-0.0010338642833599967	10473108253681171589
NA18516	0.0418144376535773	0.0042728401354633315	10473108253681171589
NA18517	0.04353264763660946	-0.0021905884685521123	10473108253681171589
NA18519	0.055096930304751844	0.009034878677517143	10473108253681171589
NA18520	0.04481261111532419	0.012040163960211025	10473108253681171589
NA18522	0.02524372889354664	0.017761172185178135	10473108253681171589
NA18523	0.04278528667435269	0.002519517275410589	10473108253681171589
NA18525	-0.02042151623504247	-0.031613883456729115	10473108253681171589
NA18526	-0.017425583674139943	-0.01657849666818693	10473108253681171589
NA18527	-0.0189743385642304	-0.028691520803010333	10473108253681171589
NA18528	-0.01949995813561333	-0.0186423146589302	10473108253681171589
NA18530	-0.02069474372190173	0.02769755639049368	10473108253681171589
NA18532	-0.021900613818359036	0.04124275631597462	10473108253681171589
NA18534	-0.017068320896739625	-0.0346003910679319	10473108253681171589
NA18535	-0.016179832836335433	-0.034935328275540925	10473108253681171589
NA18536	-0.02015568314869938	-0.03128744927309969	10473108253681171589
NA18537	-0.019284583110822706	-0.032213646917315444	10473108253681171589
NA18538	-0.0171673719056951	-0.03153756725681261	10473108253681171589
NA18539	-0.021625762833601323	0.0391008046047774	10473108253681171589
NA18541	0.02836225682217813	-0.03156900446385505	10473108253681171589
NA18542	-0.017301006661323958	-0.03365155832300923	10473108253681171589
NA18543	-0.01685854974973154	-0.03470761414099711	10473108253681171589
NA18544	-0.01931233674600666	-0.02113357241667401	10473108253681171589
NA18545	-0.021904566283044085	0.04124388501239171	10473108253681171589
NA18546	-0.016970542582593565	-0.03417706293643054	10473108253681171589
NA18547	-0.020258839695665935	-0.031068473060750768	10473108253681171589
NA18548	-0.012054466700649575	0.03285985446821472	10473108253681171589
NA18549	-0.016713250103935186	-0.03388496865694931	10473108253681171589
NA18550	-0.019786013372916564	0.04022729339042625	10473108253681171589
NA18552	-0.022098805404187252	0.041124636104372475	10473108253681171589
NA18553	-0.017893253583773184	-0.03187405712411205	10473108253681171589
NA18555	-0.01969892110632069	-0.03065832334115159	10473108253681171589
NA18557	-0.016897760683074674	-0.03432120248066545	10473108253681171589
NA18558	-0.016942829493837804	-0.034343756045529326	10473108253681171589
NA18559	-0.021733346908772735	0.04105424356141633	10473108253681171589
NA18560	-0.020274905407817928	-0.019476822313232365	10473108253681171589
NA18561	-0.021381662724363752	0.04008669753790606	10473108253681171589
NA18562	-0.012274978030986521	0.031051358852295638	10473108253681171589
NA18563	-0.020348496414806735	-0.029638707705974456	10473108253681171589
NA18564	-0.02082190286730582	-0.021698732457337062	10473108253681171589
NA18565	-0.022327036324844413	0.040552855108029646	10473108253681171589
NA18566	-0.021625239702355206	0.04007462481747098	10473108253681171589
NA18567	-0.020362054238643835	-0.02007624985279227	10473108253681171589
NA18570	-0.02116844326255096	0.03684150927348541	10473108253681171589
NA18571	-0.018637091711742576	-0.03223948128778862	10473108253681171589
NA18572	-0.021961853732806725	0.04104936646804977	10473108253681171589
NA18573	-0.021987232454857314	0.041142776675678686	10473108253681171589
NA18574	-0.020342416906215948	0.03893239553892901	10473108253681171589
NA18576	-0.02386426663728097	0.0307896313150566	10473108253681171589
NA18577	-0.012386154029105562	-0.030476771675162776	10473108253681171589
NA18579	-0.015997114548748078	-0.03004284949496366	10473108253681171589
NA18582	-0.020360435358027066	-0.030861823172306384	10473108253681171589
NA18592	-0.02005328152604733	-0.030522397188063113	10473108253681171589
NA18593	-0.021774814478474333	0.03936238422320417	10473108253681171589
NA18595	-0.01612361378615416	-0.034774499833681416	10473108253681171589
NA18596	-0.022040344352486665	0.041210865503620686	10473108253681171589
NA18597	-0.013705317808037028	0.032596354748760575	10473108253681171589
NA18599	-0.020302681143613104	-0.03128682893083344	10473108253681171589
NA18602	-0.02115566168632662	0.03938602251122616	10473108253681171589
NA18603	-0.021846401312031544	0.04134934521876423	10473108253681171589
NA18605	-0.016552240938543697	-0.03028519246858747	10473108253681171589
NA18606	-0.020445778869266563	-0.03169493015386461	10473108253681171589
NA18608	-0.016869853970691066	-0.033244726327188744	10473108253681171589
NA18609	-0.02007282230995934	-0.02920476183420175	10473108253681171589
NA18610	-0.019968223386077084	-0.030047112154865465	10473108253681171589
NA18611	-0.021538644161904902	0.03966779789532664	10473108253681171589
NA18612	-0.018203341796686145	0.04001124774569059	10473108253681171589
NA18613	-0.02128736239445341	0.04072227176034037	10473108253681171589
NA18614	-0.020186196999332145	-0.03213525258258192	10473108253681171589
NA18615	-0.01704433479037098	-0.03182474364588387	10473108253681171589
NA18616	-0.021552823771142603	0.03918030984996608	10473108253681171589
NA18617	-0.021922238812983857	0.04020909052681918	10473108253681171589
NA18618	-0.021477225990750706	0.039110624348556056	10473108253681171589
NA18619	-0.021206131898885053	0.04083047689547937	10473108253681171589
NA18620	-0.01655751665875198	-0.03456293540096756	10473108253681171589
NA18621	-0.02038662113143115	0.04238935059239239	10473108253681171589
NA18622	-0.0206693929874012	0.04166372403378683	10473108253681171589
NA18623	-0.021912424098853633	0.04147828984644991	10473108253681171589
NA18624	-0.01440975205966707	0.0346631746007606	10473108253681171589
NA18626	-0.02142874443700198	0.03927459515701699	10473108253681171589
NA18627	-0.020137813007294458	-0.030885461441347514	10473108253681171589
NA18628	-0.019299233271632417	0.041109291926545145	10473108253681171589
NA18630	-0.02056770190880956	0.0016401219453942811	10473108253681171589
NA18631	-0.012871739737680042	-0.029753673683046027	10473108253681171589
NA18632	-0.020252892739382952	-0.0194686400716733	10473108253681171589
NA18633	-0.019964284320229	-0.03012267238880642	10473108253681171589
NA18634	-0.02065531580996438	0.04009695062213677	10473108253681171589
NA18635	-0.021149855456070312	-0.018550346190489526	10473108253681171589
NA18636	-0.020341518966515447	-0.03057156139235927	10473108253681171589
NA18637	-0.016499597777970974	-0.03486161358004256	10473108253681171589
NA18638	-0.02106461904177304	-0.019524907619444625	10473108253681171589
NA18639	-0.017908128513935553	-0.03147180939019958	10473108253681171589
NA18640	-0.01933701081942445	-0.031077968318328417	10473108253681171589
NA18641	-0.018755309554463258	-0.030461298674166287	10473108253681171589
NA18642	-0.019817307347051897	-0.03145724224147253	10473108253681171589
NA18643	-0.020535583164825455	-0.030544025385709234	10473108253681171589
NA18645	-0.019867780107263054	0.04129986814660989	10473108253681171589
NA18647	-0.016579809549348394	-0.029555792750521104	10473108253681171589
NA18740	-0.016477735310353427	-0.031211833786615514	10473108253681171589
NA18745	-0.018608329505143947	-0.02934530579721178	10473108253681171589
NA18747	-0.016996762145903184	-0.03290669773677745	10473108253681171589
NA18748	-0.019753105610240324	-0.03191637831586327	10473108253681171589
NA18749	-0.018044674795366058	-0.029245930999800537	10473108253681171589
NA18757	-0.019930587403838327	-0.029779814636375485	10473108253681171589
NA18853	0.04791626618515241	0.009483453841443177	10473108253681171589
NA18856	-0.01980048275166165	0.03866539050695879	10473108253681171589
NA18858	0.06252461471744801	-0.0053869310411900385	10473108253681171589
NA18861	0.04745247837997027	0.012480359499339568	10473108253681171589
NA18867	-0.01690204381818137	0.04005110045055977	10473108253681171589
NA18868	-0.01577056271844527	0.036159219322864374	10473108253681171589
NA18870	0.05506285782641624	0.008317495353529068	10473108253681171589
NA18871	0.05780359488703103	-0.0037305937149245487	10473108253681171589
NA18873	0.029846594185241316	0.005679358150810787	10473108253681171589
NA18874	0.06583292551399161	-4.1390490217714943E-4	10473108253681171589
NA18907	0.022769520042151083	0.017429994796771466	10473108253681171589
NA18908	0.02297878120029159	0.013781638465070002	10473108253681171589
NA18909	0.06666065930800859	0.0020120192066671585	10473108253681171589
NA18910	0.02158158089270778	0.015352999919552236	10473108253681171589
NA18912	-0.015550485461287468	0.03576390550100495	10473108253681171589
NA18916	0.03746649859919829	0.009005760749886084	10473108253681171589
NA18917	0.0422351831423222	6.693294998692051E-4	10473108253681171589
NA18923	0.059927459988187506	-0.004468733852592586	10473108253681171589
NA18924	0.04602347850497788	0.011862603171696814	10473108253681171589
NA18933	0.01771843742910615	3.1378305175829447E-4	10473108253681171589
NA18934	0.07540149551507697	0.003935557132995383	10473108253681171589
NA18939	-0.019196340641710025	-0.006288994420671326	10473108253681171589
NA18940	-0.020391404135283103	0.02996295907478357	10473108253681171589
NA18941	-0.021968147778373474	0.04121877505175099	10473108253681171589
NA18942	-0.01948165677738786	-0.030030895172662	10473108253681171589
NA18943	-0.022020411918930203	0.04116653768657932	10473108253681171589
NA18944	-0.022254934844028965	0.04054066835991027	10473108253681171589
NA18945	-0.021750693876757078	0.04061990581826597	10473108253681171589
NA18946	-0.016743392381139352	-0.03389398610277163	10473108253681171589
NA18947	-0.01733940264331526	-0.030323531063643567	10473108253681171589
NA18948	-0.020345205837477082	-0.030946748261313235	10473108253681171589
NA18949	-0.016943295111197115	-0.030016342022640228	10473108253681171589
NA18950	-0.016551541010516306	-0.030261756220706634	10473108253681171589
NA18951	-0.020525674708047052	-0.0305275272101105	10473108253681171589
NA18952	-0.0194666881171874	-0.03073021774197344	10473108253681171589
NA18953	-0.01815043372375425	0.021147503727702903	10473108253681171589
NA18954	-0.01999540684736925	-0.030829109613733915	10473108253681171589
NA18956	-0.020340353205837023	-0.031177710452662835	10473108253681171589
NA18957	-0.016949552062886255	-0.03384101846900665	10473108253681171589
NA18959	-0.021827093673900042	0.04101517399294116	10473108253681171589
NA18960	-0.016740401726064513	-0.030618845956417683	10473108253681171589
NA18961	-0.020649945137466208	-0.030430774929252308	10473108253681171589
NA18962	-0.01950023269797404	-0.028848867671299613	10473108253681171589
NA18963	-0.02012506089785009	-0.03151720780071375	10473108253681171589
NA18964	-0.019761772117230108	-0.030868531968857374	10473108253681171589
NA18965	-0.016823711732740842	-0.0298117763302186	10473108253681171589
NA18966	-0.019742018451332617	0.022498040917596458	10473108253681171589
NA18968	-0.020878766076682095	0.04186648593344793	10473108253681171589
NA18971	-0.021047254246870848	0.041188467411245835	10473108253681171589
NA18973	-0.01820813182161555	-0.029675896134499394	10473108253681171589
NA18974	-0.02062271097602316	0.03938680225849037	10473108253681171589
NA18975	-0.016486050257395055	-0.030980208010331238	10473108253681171589
NA18976	-0.01957480982554246	-0.03058700286854519	10473108253681171589
NA18977	-0.01924540190038441	0.02237310491169296	10473108253681171589
NA18978	-0.020517140486034247	-0.02974862435090694	10473108253681171589
NA18980	-0.020362959994257152	-0.02126681588289097	10473108253681171589
NA18981	-0.021612855483490664	0.040515306661103215	10473108253681171589
NA18982	-0.021512628940962453	0.0407641715961512	10473108253681171589
NA18983	-0.02011547168386305	-0.031163763379623767	10473108253681171589
NA18984	-0.020098261586325227	-0.03171292862017635	10473108253681171589
NA18985	-0.021636321812325103	0.04007705936254941	10473108253681171589
NA18986	-0.016822993462527247	-0.030693005472785508	10473108253681171589
NA18987	-0.02159934933438299	0.04108048623755835	10473108253681171589
NA18988	-0.020242044946105365	-0.03081470569906373	10473108253681171589
NA18989	-0.020299470305336572	-0.030444079132940505	10473108253681171589
NA18990	-0.020355657741173587	-0.03166075477401548	10473108253681171589
NA18992	-0.01939706576245334	-0.032679993135608404	10473108253681171589
NA18994	-0.02022697195853497	0.040618480119740646	10473108253681171589
NA18995	-0.021965839771403758	0.041512162079527674	10473108253681171589
NA18998	-0.016517069498010014	-0.033814277790073365	10473108253681171589
NA18999	-0.020468202163084738	-0.030422984607820197	10473108253681171589
NA19000	-0.016503802689625043	-0.034442266771259646	10473108253681171589
NA19002	-0.02069688251551705	0.038605798896625146	10473108253681171589
NA19003	-0.019874445344776046	0.0399920244916498	10473108253681171589
NA19004	-0.021299721298803347	0.03989246052259222	10473108253681171589
NA19005	-0.019565928657326564	0.04173348130044624	10473108253681171589
NA19007	-0.020618743810003497	-0.02183539892235397	10473108253681171589
NA19009	-0.018877527554707174	-0.03182826117420607	10473108253681171589
NA19010	-0.020021400539887154	-0.03251752016623581	10473108253681171589
NA19012	-0.021426922232793882	0.041347880505918255	10473108253681171589
NA19020	0.04519752154197994	0.003667812685264542	10473108253681171589
NA19028	0.05461634330090517	0.0011185990031821141	10473108253681171589
NA19035	0.01512473818261634	0.0023440687282853248	10473108253681171589
NA19036	0.0596628305899209	0.0014839404126595424	10473108253681171589
NA19038	0.03404974038779203	0.014174626066506435	10473108253681171589
NA19041	0.041507517620887446	0.0032987947516562245	10473108253681171589
NA19044	-0.016123825028173354	0.039439891941336874	10473108253681171589
NA19046	0.05397928799380329	0.008261260342894653	10473108253681171589
NA19054	-0.020343264247046623	0.041974053195300245	10473108253681171589
NA19055	-0.020112575965170597	0.03981970798401587	10473108253681171589
NA19056	-0.019745512575964467	-0.03013310127804411	10473108253681171589
NA19057	-0.018202532443197517	-0.030471218379946187	10473108253681171589
NA19058	-0.021505194707589485	0.04057771938912757	10473108253681171589
NA19059	-0.02026885504571614	-0.03163769279000677	10473108253681171589
NA19060	-0.017515469989239245	0.039137744089751965	10473108253681171589
NA19062	-0.02076727102146798	0.0027770234141653682	10473108253681171589
NA19063	-0.021364397261921027	0.04124910807653564	10473108253681171589
NA19064	-0.019211403382279495	-0.030209511998011467	10473108253681171589
NA19065	-0.02020005413717681	0.04062933441080064	10473108253681171589
NA19066	-0.021480559717031878	0.04037919796692788	10473108253681171589
NA19067	-0.019276421621915982	-0.03221631627242534	10473108253681171589
NA19068	-0.021421562754498986	0.040556434868106554	10473108253681171589
NA19070	-0.021239687341230908	0.03044514530713029	10473108253681171589
NA19072	-0.012440977543062738	-0.0310670140377344	10473108253681171589
NA19074	-0.016783781471616056	-0.0346000497639999	10473108253681171589
NA19075	-0.020234202564409026	0.041691719742329464	10473108253681171589
NA19076	-0.02032056521614669	-0.030401919081716813	10473108253681171589
NA19077	-0.017536560548759857	-0.0341091979571857	10473108253681171589
NA19078	-0.0161992994368371	-0.03526580048365234	10473108253681171589
NA19079	-0.01888275549684095	-0.03245271276854876	10473108253681171589
NA19080	-0.017073946824349373	-0.034706626217879934	10473108253681171589
NA19081	-0.020303249758832215	-0.004419980510497498	10473108253681171589
NA19082	-0.019685712053808323	-0.032465172354889237	10473108253681171589
NA19083	-0.01914153748390486	0.02138881514079751	10473108253681171589
NA19084	-0.02039307825507815	-0.030443130817592052	10473108253681171589
NA19085	-0.020517142876978305	0.040907192420706937	10473108253681171589
NA19087	-0.01974748326154505	-0.03181770105728392	10473108253681171589
NA19088	-0.014240280113631494	0.034654208217310224	10473108253681171589
NA19093	0.06075011402916849	0.010132679953534753	10473108253681171589
NA19095	0.0409935967213677	0.003041219359489333	10473108253681171589
NA19096	-0.007531357241436702	0.02644269916215401	10473108253681171589
NA19098	-0.01571506798623184	0.035735658472959085	10473108253681171589
NA19099	0.02062177625035445	0.019008393730726002	10473108253681171589
NA19102	0.049530552337778894	-0.001214825856437185	10473108253681171589
NA19107	0.0400808983317784	-1.573482687222689E-4	10473108253681171589
NA19108	0.02308657831388944	0.01943252122595145	10473108253681171589
NA19113	0.04671547705637831	0.01120748652240772	10473108253681171589
NA19114	-0.016987125041571276	0.040219313550899534	10473108253681171589
NA19116	-0.016816671088157674	0.03634748940909205	10473108253681171589
NA19117	0.041139747008467835	0.0031094434682482934	10473108253681171589
NA19118	-0.01590936750643822	0.036505675176523186	10473108253681171589
NA19119	-0.01560990663638845	-0.03439203224963068	10473108253681171589
NA19121	0.06068500475515884	0.0014538319804723657	10473108253681171589
NA19129	0.061276308546198886	0.009507772901431562	10473108253681171589
NA19130	0.0661992002638758	-0.0010705146258874227	10473108253681171589
NA19131	0.04776737463425451	0.007243284437050315	10473108253681171589
NA19137	0.0447708620477734	0.005029647915407354	10473108253681171589
NA19138	0.051768678577569456	6.275945716151004E-5	10473108253681171589
NA19146	0.06025336370986279	5.227667850886716E-4	10473108253681171589
NA19147	-0.015011044710964013	0.037549958683413556	10473108253681171589
NA19149	0.05774695251350254	-7.523022115677876E-4	10473108253681171589
NA19150	0.026131696317770223	0.01214682383534179	10473108253681171589
NA19152	0.04765992578110278	0.011187605444903199	10473108253681171589
NA19160	0.042616939406707834	5.434114563845755E-4	10473108253681171589
NA19171	0.042208243491067464	0.009690876730814459	10473108253681171589
NA19172	0.036520244884536535	0.010747508089633274	10473108253681171589
NA19175	0.06380097473259266	0.002632742367272716	10473108253681171589
NA19185	0.07491790018251251	0.002785719948409607	10473108253681171589
NA19189	0.0500671301693853	-9.044602387481779E-4	10473108253681171589
NA19190	0.017950322148980954	0.002080792285072448	10473108253681171589
NA19197	0.04790421225649307	0.01093061480003843	10473108253681171589
NA19198	0.043844225056095684	0.010048516052524704	10473108253681171589
NA19200	0.0648516745788751	0.002630424141936274	10473108253681171589
NA19204	0.019151921321145626	0.002800317836009939	10473108253681171589
NA19207	-0.016636600045030064	0.04017232447846819	10473108253681171589
NA19209	0.04568337355638903	0.004688700635653219	10473108253681171589
NA19213	0.01211183264363473	-0.0011455088306986747	10473108253681171589
NA19222	0.06665902373909235	0.001526555674344376	10473108253681171589
NA19223	0.06274322686695372	-0.0012272976020110604	10473108253681171589
NA19225	0.038380846368825196	0.008779585291295995	10473108253681171589
NA19235	0.023606454616016233	0.015825827492922863	10473108253681171589
NA19236	0.017929937524225847	0.001614067071461864	10473108253681171589
NA19247	-0.018300488968751805	0.03949063209231406	10473108253681171589
NA19248	-0.015699480905010638	0.036477734111478935	10473108253681171589
NA19256	0.03588295283176575	0.0079374164849473	10473108253681171589
NA19257	0.062623796740996	-7.622415500690288E-4	10473108253681171589
NA19307	0.05314433927116221	0.00735112438635846	10473108253681171589
NA19308	-0.019195934253575134	0.04016651208871959	10473108253681171589
NA19309	0.06236613421907705	-0.005405433428898148	10473108253681171589
NA19310	0.050978827744338644	-0.001013120709007249	10473108253681171589
NA19311	0.06250813568159612	-4.022837707925011E-4	10473108253681171589
NA19312	0.047350087725169195	0.00942042461083068	10473108253681171589
NA19313	0.04859101320673412	0.003069447387876795	10473108253681171589
NA19315	-0.0181512879679426	0.03864586035079614	10473108253681171589
NA19316	0.021780433306631306	0.017408593749291882	10473108253681171589
NA19317	-0.016545176093164558	0.03625565069952481	10473108253681171589
NA19318	0.042258592246689985	-0.0028648575292419174	10473108253681171589
NA19319	0.03619907878191018	0.01025913759083256	10473108253681171589
NA19321	-0.016471937529113745	0.03853069677851853	10473108253681171589
NA19324	0.0423258596956766	0.0014564019180740358	10473108253681171589
NA19327	-0.018446679689722245	0.03698551275226802	10473108253681171589
NA19328	0.07798554615677608	0.004016013649882148	10473108253681171589
NA19331	0.0644554034809589	-0.0049714314362383424	10473108253681171589
NA19332	0.047482921400028494	0.01216226642534139	10473108253681171589
NA19334	0.06424840948295393	-0.005200538046916618	10473108253681171589
NA19338	0.06762925924756466	0.002982181812127401	10473108253681171589
NA19346	0.041055805676615584	0.002510791689524284	10473108253681171589
NA19347	0.022036964838983916	0.018093198983022626	10473108253681171589
NA19350	0.07944514988087005	0.007039316300436814	10473108253681171589
NA19351	0.042440141853147394	0.012022852359692707	10473108253681171589
NA19352	0.022810206404864718	0.018093521732954858	10473108253681171589
NA19355	0.05257786879088946	0.0012537890239948805	10473108253681171589
NA19359	-0.01771421715467444	0.03625922038371171	10473108253681171589
NA19360	0.06921101661312204	0.007259201417254594	10473108253681171589
NA19371	0.0498124182803591	0.008135237421685591	10473108253681171589
NA19372	0.04683619704393607	0.004399786653675208	10473108253681171589
NA19373	-0.017564811280658284	0.04021870045376494	10473108253681171589
NA19374	-0.0167116163945137	0.04015434807479131	10473108253681171589
NA19375	0.05397554470951541	0.007536106146483333	10473108253681171589
NA19376	0.07290218012370235	0.0070204889446129565	10473108253681171589
NA19377	0.05536743128083661	-9.420344686090684E-5	10473108253681171589
NA19379	0.035229187640789514	0.005015411848309623	10473108253681171589
NA19380	-0.017065185855201937	0.03945842595109977	10473108253681171589
NA19381	0.058535047626262895	0.001161916358688382	10473108253681171589
NA19382	0.07911327221799382	0.006560635112737137	10473108253681171589
NA19383	0.07234340482457452	0.0074159716821887165	10473108253681171589
NA19384	0.012743423311180509	-0.00159068979278348	10473108253681171589
NA19385	0.04501381117699149	0.0021699886649290236	10473108253681171589
NA19390	0.04277516222198441	0.0010626690998522912	10473108253681171589
NA19391	0.056677619008793124	0.008803246004130544	10473108253681171589
NA19393	0.0447133171349092	0.004811471055348261	10473108253681171589
NA19394	-0.01778063807298893	0.03740898967335084	10473108253681171589
NA19395	0.053877906668989214	1.7163963422230013E-4	10473108253681171589
NA19396	0.03711507754477364	0.009036166329586932	10473108253681171589
NA19397	0.04239033698685545	3.190642425660745E-4	10473108253681171589
NA19398	0.006261090435885415	-0.005822538202226707	10473108253681171589
NA19399	0.05581062096498426	-0.007521636997275738	10473108253681171589
NA19401	0.05724173821513416	0.006922391453403523	10473108253681171589
NA19403	0.06041292934245448	0.00215116869497064	10473108253681171589
NA19404	0.04231968385630109	9.396443480700035E-4	10473108253681171589
NA19428	0.022111229993929317	0.009079148389337207	10473108253681171589
NA19429	0.040818052327395535	0.0017931618832765681	10473108253681171589
NA19430	0.04433525892917254	0.007362457716378597	10473108253681171589
NA19431	0.056878625226101286	-2.4270816870043652E-4	10473108253681171589
NA19434	0.06489811850724575	2.0985033976723575E-4	10473108253681171589
NA19435	0.042306358364705574	0.010350178749010964	10473108253681171589
NA19436	0.06664446535112158	6.938600976418164E-4	10473108253681171589
NA19437	0.06053972316813859	0.012234370345830557	10473108253681171589
NA19438	-0.0161888179997997	0.04041643465966831	10473108253681171589
NA19439	0.0630132289809449	-6.870884961571818E-4	10473108253681171589
NA19440	0.0466075915254985	0.0014740296769767203	10473108253681171589
NA19443	0.07315980033190554	0.006013313146984351	10473108253681171589
NA19444	0.06489811850724575	2.0985033976723575E-4	10473108253681171589
NA19445	0.060959491473202	9.350009915958813E-4	10473108253681171589
NA19446	0.047756732770487045	0.013305791235789996	10473108253681171589
NA19448	0.041451624286301454	0.0013744410229325874	10473108253681171589
NA19449	-0.015617341404975093	0.034263893900232635	10473108253681171589
NA19451	0.056147643229942645	0.009950584751917207	10473108253681171589
NA19452	0.047665649074856195	-0.0015841956877219949	10473108253681171589
NA19453	0.06209670213179287	-5.674653196435482E-4	10473108253681171589
NA19455	0.05662794504925838	0.009082123845701166	10473108253681171589
NA19456	-0.01630480961228062	0.039158571296982546	10473108253681171589
NA19457	0.04295844264857466	0.011960268260356144	10473108253681171589
NA19461	-0.015299602591651919	0.036579076119811364	10473108253681171589
NA19462	-0.017143219770066418	0.039634626148327065	10473108253681171589
NA19463	0.04160854098212272	0.0017236232755697104	10473108253681171589
NA19466	-0.01600129977356646	0.035544402352622934	10473108253681171589
NA19467	0.05339281592567571	-0.001100021288381089	10473108253681171589
NA19468	-0.01684440182528278	0.03863908289893717	10473108253681171589
NA19469	0.03883422298049405	0.012806503084390656	10473108253681171589
NA19470	0.0734011603625298	0.006899693028982413	10473108253681171589
NA19471	-0.014856694529798918	0.03738948884526081	10473108253681171589
NA19472	0.047021798622691534	0.0033254538774688653	10473108253681171589
NA19473	0.04350420076809676	0.01548594245139866	10473108253681171589
NA19474	0.05865919614108279	0.009643115807814564	10473108253681171589
NA19625	0.06927054941505831	0.006566387856893364	10473108253681171589
NA19648	-0.01877210357891601	0.03942432806316986	10473108253681171589
NA19651	-0.01607031842379019	-0.03332003569969153	10473108253681171589
NA19652	-0.01638790001731971	-0.030824713734627918	10473108253681171589
NA19654	-0.016152037952681417	-0.03494900129078837	10473108253681171589
NA19655	-0.019430340634009707	-0.032056311159651435	10473108253681171589
NA19657	-0.019465341664736433	-0.03215329093165232	10473108253681171589
NA19660	-0.01750185474069677	-0.028461512730358074	10473108253681171589
NA19661	-0.01803217461886899	-0.03196197444561938	10473108253681171589
NA19663	-0.02170422749396182	0.04120220216815956	10473108253681171589
NA19664	-0.016936053767073647	-0.029747603465276645	10473108253681171589
NA19672	-0.016758434631794532	-0.02871315041616455	10473108253681171589
NA19675	0.05117975268733191	0.01248204774860485	10473108253681171589
NA19676	-0.01927346094507634	-0.03241679632515169	10473108253681171589
NA19678	-0.01866319766763496	0.039355941325657375	10473108253681171589
NA19679	0.07303161645938441	0.007690113456044604	10473108253681171589
NA19681	-0.018498643952944132	-0.03334898528108803	10473108253681171589
NA19682	-0.016824224454302247	-0.03510409595146134	10473108253681171589
NA19684	-0.016109546113524317	-0.032017814919600304	10473108253681171589
NA19685	-0.016294452703399197	-0.03439952334893694	10473108253681171589
NA19700	0.023656078055663932	0.01573172826794363	10473108253681171589
NA19701	-0.018245803973147314	0.04067892181711068	10473108253681171589
NA19703	0.04878910469167363	0.007207336136355822	10473108253681171589
NA19704	0.055045743557541764	0.009514627558342545	10473108253681171589
NA19707	0.050862328570937684	0.003317605437445195	10473108253681171589
NA19711	-0.016132545410289623	-0.03320549433683393	10473108253681171589
NA19712	0.03876540582884186	0.004633133647243244	10473108253681171589
NA19713	-0.007790712228163299	0.022405887068069046	10473108253681171589
NA19716	-0.016443106685795652	-0.03467491169480476	10473108253681171589
NA19717	0.043290415654109834	-0.03161252605514896	10473108253681171589
NA19719	-0.016160284174828038	-0.03504026121449471	10473108253681171589
NA19720	-0.01920064353065713	0.038857321670911785	10473108253681171589
NA19722	-0.01674338562197013	-0.03402307344366507	10473108253681171589
NA19723	-0.013929805410058432	0.036434442712082044	10473108253681171589
NA19725	-0.020572927219362575	0.04018950665702825	10473108253681171589
NA19726	-0.01839610979236453	0.038547328209837466	10473108253681171589
NA19728	0.04674580128928573	-0.03483186190044558	10473108253681171589
NA19729	-0.0181574794648555	-0.031561527431334835	10473108253681171589
NA19731	-0.020879125028530184	0.04033225337349535	10473108253681171589
NA19732	-0.019180795314022957	0.021498901288600984	10473108253681171589
NA19734	-0.015643127811237098	-0.030909340949102488	10473108253681171589
NA19735	-0.01893750250717603	-0.03070190030307557	10473108253681171589
NA19737	0.0036327012956485984	0.0032927328869213554	10473108253681171589
NA19738	0.04127677371406836	0.0033696530349991913	10473108253681171589
NA19740	-0.019286601254051922	-0.030642464290979922	10473108253681171589
NA19741	0.047264634180199425	-0.033614553451508045	10473108253681171589
NA19746	-0.016387595399881286	-0.03436566680428496	10473108253681171589
NA19747	-0.018755151862744256	-0.03202083305968189	10473108253681171589
NA19749	0.002981224446595124	0.004141257608623135	10473108253681171589
NA19750	-0.01863867752059	0.03933838866183123	10473108253681171589
NA19752	0.04680341880983545	-0.03348186556262917	10473108253681171589
NA19753	-0.02006106187005946	0.0408582783440022	10473108253681171589
NA19755	0.05453271129258117	0.008476402224597517	10473108253681171589
NA19756	-0.019893989924296536	-0.03016576773399971	10473108253681171589
NA19758	-0.0203020838648938	-0.031590703605732615	10473108253681171589
NA19759	-0.01848211039267188	0.03838746620740167	10473108253681171589
NA19761	-0.021648533211730363	0.04021328870045047	10473108253681171589
NA19762	-0.01680880947752703	-0.03170918567288887	10473108253681171589
NA19764	-0.019335935230369736	0.04075070735400885	10473108253681171589
NA19770	-0.019576975735372662	-0.030156700661752835	10473108253681171589
NA19771	0.04714885883385941	-0.03590168435043037	10473108253681171589
NA19773	-0.020255983157578414	0.0387136380842018	10473108253681171589
NA19774	0.05391265111161475	0.009461302389776043	10473108253681171589
NA19776	-0.019632980271382536	-0.03061304380343557	10473108253681171589
NA19777	-0.019586525078139256	0.042206640183278604	10473108253681171589
NA19779	-0.01588740882077529	-0.03254503389960624	10473108253681171589
NA19780	0.04009178110330731	0.002972145958943142	10473108253681171589
NA19782	-0.018089941610144898	0.00740743592564117	10473108253681171589
NA19783	-0.01960939615541197	0.0209676363782875	10473108253681171589
NA19785	0.03709164169205564	0.012492262086768737	10473108253681171589
NA19786	-0.02010019062275635	0.04060625922573079	10473108253681171589
NA19788	-0.021093233649085753	0.039506163007672235	10473108253681171589
NA19789	-0.019391787232881236	-0.03264284452719901	10473108253681171589
NA19794	-0.019343891734102493	-0.029478843142544512	10473108253681171589
NA19795	-0.021736157299547858	0.04087336442323055	10473108253681171589
NA19818	0.022764174954889208	0.014095509455564275	10473108253681171589
NA19819	-0.019809258423633694	0.036768834706386526	10473108253681171589
NA19834	0.05748753337899774	0.0020576239463251066	10473108253681171589
NA19835	0.0185296335367013	0.0033730659148199795	10473108253681171589
NA19900	0.04560916767773446	0.0035063085946386956	10473108253681171589
NA19901	-0.0174220391561141	0.03515576525002636	10473108253681171589
NA19904	-0.01746325835235892	0.04039799471377369	10473108253681171589
NA19908	-0.019086841382528	-0.031237122443859806	10473108253681171589
NA19909	0.06274872378066879	0.0038347772410751977	10473108253681171589
NA19914	0.045115625336217685	0.004085395475193838	10473108253681171589
NA19916	0.06217028912244211	0.005388818579473673	10473108253681171589
NA19917	0.041534598557480054	0.0027894785821055167	10473108253681171589
NA19920	0.018183266584207762	0.003124195535461404	10473108253681171589
NA19921	-0.020833551834166512	0.03980977343949214	10473108253681171589
NA19922	-0.01857200383377404	-0.03285130446169477	10473108253681171589
NA19923	-0.020863060420320365	0.04021126888387383	10473108253681171589
NA19982	0.0487264998527621	-0.0341499781468937	10473108253681171589
NA19984	0.016035625182884643	0.0018292958926304104	10473108253681171589
NA19985	-0.01883121271178325	0.03877637054243179	10473108253681171589
NA20126	0.06138990930688602	-0.005549769191124226	10473108253681171589
NA20127	-0.015908871442275322	0.03948221472170398	10473108253681171589
NA20276	0.042221316392364996	0.001535141533961718	10473108253681171589
NA20278	0.03532158587869318	0.009127271569644185	10473108253681171589
NA20281	0.015044521285207764	0.0022703727240761225	10473108253681171589
NA20282	0.04200938375720372	4.598916387271385E-4	10473108253681171589
NA20287	0.07868489662999625	0.0075601884505652065	10473108253681171589
NA20289	0.04165829032271529	9.245544354069974E-4	10473108253681171589
NA20291	0.061129021248552	0.010198759330377938	10473108253681171589
NA20294	0.04791325048069027	0.01144607986739744	10473108253681171589
NA20296	0.04710027078343452	0.011045657613188308	10473108253681171589
NA20298	0.030962894533740952	-0.007491517715161504	10473108253681171589
NA20299	-0.01939172497375877	0.03771391981482396	10473108253681171589
NA20314	-0.021773673083178575	0.04054835167360353	10473108253681171589
NA20317	-0.019272330469166977	0.04180366369044299	10473108253681171589
NA20322	-0.01746782811289696	0.040632719863840205	10473108253681171589
NA20332	0.012841134381987083	-0.0011020348543333233	10473108253681171589
NA20334	-0.017099586786049	-0.03281813574082725	10473108253681171589
NA20336	-0.019474449865148367	0.03734529176536808	10473108253681171589
NA20339	0.05866719083617219	-0.0032793825800587276	10473108253681171589
NA20340	0.018065459610060654	3.336158833163734E-4	10473108253681171589
NA20341	0.04205495446217646	5.579477090749427E-4	10473108253681171589
NA20342	0.05825174741810301	0.012186301522391165	10473108253681171589
NA20344	0.03917494811668393	0.004551357508895266	10473108253681171589
NA20346	0.03589765283631213	-0.0017531308002879011	10473108253681171589
NA20348	0.05706474929569623	4.314077214320329E-4	10473108253681171589
NA20351	0.035680573979427574	0.009775824914515964	10473108253681171589
NA20356	0.047272112428600827	0.01099806257650357	10473108253681171589
NA20357	0.014888583929050795	0.003424901306438069	10473108253681171589
NA20359	0.05582204202281259	0.00903579323441567	10473108253681171589
NA20363	0.03461706033698386	0.007332499542704029	10473108253681171589
NA20412	0.056980118654775924	0.007927969185227892	10473108253681171589
NA20414	0.05426074998926103	0.005733036801640169	10473108253681171589
NA20502	-0.01664843608281011	-0.03262431727131261	10473108253681171589
NA20503	-0.01684636305713293	-0.03519158859333101	10473108253681171589
NA20504	-0.01630975958102747	-0.032507296117264564	10473108253681171589
NA20505	0.05305417343323605	0.011184607104770592	10473108253681171589
NA20506	0.03765937618684602	0.004296246352839044	10473108253681171589
NA20507	-0.016628788300537226	-0.03138818580763885	10473108253681171589
NA20508	0.07296558815212831	0.0069156128572801685	10473108253681171589
NA20509	-0.020421448449659808	0.029794548784271846	10473108253681171589
NA20510	-0.01641444134588529	-0.03199436056837882	10473108253681171589
NA20512	-0.020629309261323562	0.040140055971979345	10473108253681171589
NA20513	-0.01935656936598721	-0.032607564841919914	10473108253681171589
NA20515	-0.017942947894791277	0.038776049773803035	10473108253681171589
NA20516	-0.015794229180109726	0.03929136216269684	10473108253681171589
NA20517	-0.017180187857496226	-0.030592239789086127	10473108253681171589
NA20518	-0.016616499292243583	-0.03190266560138423	10473108253681171589
NA20519	-0.01817468953636163	-0.029014922204346438	10473108253681171589
NA20520	0.0567667876867499	0.003509173895815392	10473108253681171589
NA20521	-0.020238673845551034	-0.0010230745819259997	10473108253681171589
NA20522	-0.019853065689088265	-0.029548086081336744	10473108253681171589
NA20524	0.007993408711569292	-0.03499965318620559	10473108253681171589
NA20525	-0.01938012597499831	0.03839920196290032	10473108253681171589
NA20527	-0.016282357856998077	-0.03603894409230028	10473108253681171589
NA20528	-0.017982179157804593	-0.03295325172413285	10473108253681171589
NA20529	0.040422136698755454	0.0021125806311055573	10473108253681171589
NA20530	-0.016307911874673717	-0.031233129852052094	10473108253681171589
NA20531	-0.016352410308823992	-0.03511409712122618	10473108253681171589
NA20532	-0.020794108283288735	0.03999567456858997	10473108253681171589
NA20533	-0.020390289282912318	0.03942245425469588	10473108253681171589
NA20534	-0.020638303785842704	0.03911242581247298	10473108253681171589
NA20535	-0.018401532018033125	-0.0321097715069892	10473108253681171589
NA20536	0.05136944878818245	0.012847516664229442	10473108253681171589
NA20537	-0.01671145458913083	0.035814553326092034	10473108253681171589
NA20538	-0.017309310976953242	-0.03198922703837858	10473108253681171589
NA20539	-0.019129260964432848	-0.03125869656598014	10473108253681171589
NA20540	-0.019241850570876556	0.02155055833994257	10473108253681171589
NA20541	-0.0196186717938906	0.019447897556139803	10473108253681171589
NA20542	-0.017045782152337544	-0.02860190216698432	10473108253681171589
NA20543	-0.01883365647604346	0.037264453087471595	10473108253681171589
NA20544	-0.017738884790156423	0.03312987334853879	10473108253681171589
NA20581	0.03906279900435767	8.529888164859225E-4	10473108253681171589
NA20582	-0.019157747879793803	-0.03315497920203652	10473108253681171589
NA20585	-0.016947803642054084	-0.032642093074581664	10473108253681171589
NA20586	-0.008421859782685911	-0.028476976812447614	10473108253681171589
NA20588	-0.020247413325930105	0.039195375634045605	10473108253681171589
NA20589	-0.020167770488972548	0.040733788351368115	10473108253681171589
NA20752	-0.020181593038520556	0.0402627708955195	10473108253681171589
NA20753	-0.019766040385775886	0.04120627197657458	10473108253681171589
NA20754	0.04467536252562326	3.151148406822372E-4	10473108253681171589
NA20755	-0.019543144512381923	-0.03305717852320027	10473108253681171589
NA20756	-0.016994012430821454	-0.031749708536233726	10473108253681171589
NA20757	-0.021085488323012835	0.041261000785476794	10473108253681171589
NA20758	0.050846131340675005	0.012674067406828813	10473108253681171589
NA20759	2.5277721280310823E-4	-0.02869638454886576	10473108253681171589
NA20760	-0.017063498259362903	-0.03179307516788323	10473108253681171589
NA20761	-0.018092390559422064	-0.03160607392848371	10473108253681171589
NA20765	-0.020634461827573752	0.03917185139750847	10473108253681171589
NA20766	-0.020510412120437194	0.04077499424524301	10473108253681171589
NA20768	0.04635997300174526	-0.03428281578818306	10473108253681171589
NA20769	-0.01779580385212653	-0.03248912404105692	10473108253681171589
NA20770	-0.02165788549084484	0.041441955730674905	10473108253681171589
NA20771	-0.020026398858030026	-0.029419213982230852	10473108253681171589
NA20772	0.05108613202019309	0.012437019906300601	10473108253681171589
NA20773	-0.01973324923814923	0.039574552180671345	10473108253681171589
NA20774	-0.016438916759077996	-0.031315118640145835	10473108253681171589
NA20775	-0.017649358504641315	-0.0318657464813197	10473108253681171589
NA20778	-0.01910577493546098	-0.030531226579929096	10473108253681171589
NA20783	0.0337984238585041	-0.03444823465128819	10473108253681171589
NA20785	-0.019978716882525685	-0.031169174818072215	10473108253681171589
NA20786	-0.02109060471528052	0.04100382876158135	10473108253681171589
NA20787	-0.020858004327384837	0.04097510876704264	10473108253681171589
NA20790	-0.018776206289588693	-0.03106204092314717	10473108253681171589
NA20792	-0.020299638871726363	0.03973419321070733	10473108253681171589
NA20795	-0.019105849924450614	-0.031285614154881264	10473108253681171589
NA20796	0.05150538678911751	0.012095059893488615	10473108253681171589
NA20797	-0.019052151573421813	-0.03262216818746183	10473108253681171589
NA20798	0.01381692292649318	0.0028079253662837904	10473108253681171589
NA20799	-0.01901765958444232	0.03801943942056339	10473108253681171589
NA20800	-0.021152830735189133	0.039940918968091293	10473108253681171589
NA20801	-0.02085069708310621	0.04005452104369239	10473108253681171589
NA20802	-0.019906234589273944	0.03820941111223406	10473108253681171589
NA20803	-0.021306831156607316	0.03992313751644815	10473108253681171589
NA20804	-0.019611573432921692	0.03891127141004257	10473108253681171589
NA20805	-0.020155772504899642	0.04224609522391431	10473108253681171589
NA20806	-0.019748408799716358	-0.030526316875881067	10473108253681171589
NA20807	-0.019199984324252347	-0.03085629251581089	10473108253681171589
NA20808	-0.016624678167825854	0.04021416314115289	10473108253681171589
NA20809	0.04393352800264116	-0.031115061586489554	10473108253681171589
NA20810	-0.02167997918966304	0.040466796869327	10473108253681171589
NA20811	0.0510609621047233	0.012033806242727124	10473108253681171589
NA20812	-0.021977799170997764	0.03986151607544477	10473108253681171589
NA20813	-0.02026803790324849	0.040757477105416565	10473108253681171589
NA20814	-0.020644134569050128	0.040853347908725246	10473108253681171589
NA20815	-0.018319426139210563	-0.03391227869269975	10473108253681171589
NA20816	-0.01937542442081973	-0.03137958136247258	10473108253681171589
NA20818	0.049336418103852475	0.013744323031582819	10473108253681171589
NA20819	-0.01684855662156726	0.03838506214125303	10473108253681171589
NA20826	-0.016202616551790682	-0.03214273115779905	10473108253681171589
NA20828	0.04982377165441342	0.012030820750273298	10473108253681171589
NA21313	-0.018198029253768382	0.03906825933355751	10473108253681171589
