HG00096	0.06274243985650119	0.04238094491499214	10473108253681171589
HG00097	0.021268038753707467	0.06613970661965352	10473108253681171589
HG00099	-0.029209117664342494	0.014150976669562308	10473108253681171589
HG00100	0.07077422404441357	0.040689484921405894	10473108253681171589
HG00101	-0.030618525851923123	0.016868439954659562	10473108253681171589
HG00102	0.0045203455975339505	-0.0033970533696537956	10473108253681171589
HG00103	0.008486685908459985	-0.0054552929179981285	10473108253681171589
HG00104	0.021217768464300058	0.06706314038710852	10473108253681171589
HG00106	0.0014529360634613626	-0.0044161533450350465	10473108253681171589
HG00108	-0.019902211028418083	0.005812349483090833	10473108253681171589
HG00109	-0.02303434826205427	0.010162278828275084	10473108253681171589
HG00110	-0.019750626993493434	0.005530986295947921	10473108253681171589
HG00111	-0.029524034891004032	0.0018083765633797803	10473108253681171589
HG00112	0.010991783627999225	-0.005139125064371432	10473108253681171589
HG00113	-0.021784951634461147	0.006125120300273357	10473108253681171589
HG00114	0.003503909256317864	-0.012291868891389094	10473108253681171589
HG00116	0.05411932706305017	0.05431569544157163	10473108253681171589
HG00117	-0.019471941849443505	0.004572397441184992	10473108253681171589
HG00118	-0.02969119655792831	0.0022880883381286017	10473108253681171589
HG00119	0.07355907970458815	0.029860911224520503	10473108253681171589
HG00120	-0.02469786281106384	-0.0023858257800278165	10473108253681171589
HG00121	0.0284108459356922	0.06120119501327353	10473108253681171589
HG00122	-0.026313200157084545	0.011751730281264047	10473108253681171589
HG00123	0.04732338633331795	0.06146345300199753	10473108253681171589
HG00124	0.06839509716563955	0.02715303488808974	10473108253681171589
HG00125	0.05023801103060945	0.05204381559957158	10473108253681171589
HG00126	-0.030618525851923123	0.016868439954659562	10473108253681171589
HG00127	-0.019344717370955115	0.005444990332403831	10473108253681171589
HG00128	0.016258831186798488	0.058916690411531594	10473108253681171589
HG00129	-0.028776858958129856	0.0018446034818053905	10473108253681171589
HG00130	0.016250958546876828	0.058763816169496975	10473108253681171589
HG00131	-0.024981972469831214	0.004268766302879066	10473108253681171589
HG00133	-0.029669460903987567	0.00208675701819012	10473108253681171589
HG00134	0.022052299754045785	0.06283771889177123	10473108253681171589
HG00135	-0.019609495222505317	0.0050036521380299355	10473108253681171589
HG00136	-0.021598864720118852	0.0028707751307388983	10473108253681171589
HG00137	0.006600207530726869	-0.008102879068698846	10473108253681171589
HG00138	-0.022792442585001828	-2.122805815357392E-4	10473108253681171589
HG00139	-0.02615603043253606	0.005200495712713136	10473108253681171589
HG00140	0.06839509716563955	0.02715303488808974	10473108253681171589
HG00141	0.0012370565852441967	5.532144608925063E-4	10473108253681171589
HG00142	0.013911759012602571	-0.0138446458022722	10473108253681171589
HG00143	0.013325641178556225	-0.004212053932782768	10473108253681171589
HG00146	-0.028366662493548148	0.009710973889136217	10473108253681171589
HG00148	-0.001873295008489	-0.0067467443601988515	10473108253681171589
HG00149	-0.029254043911225682	0.0019942115218179964	10473108253681171589
HG00150	-0.023998642805906443	0.0022573680302837573	10473108253681171589
HG00151	-0.027384671063794913	0.01601099145413207	10473108253681171589
HG00152	0.019611544493997872	0.06242801323526551	10473108253681171589
HG00154	0.0077212443304709435	-0.010161696445054165	10473108253681171589
HG00155	0.043687652080580425	0.0547485232705146	10473108253681171589
HG00156	-0.005982089791629133	-0.027951086177509056	10473108253681171589
HG00158	-0.02706912461745446	0.01048991690009459	10473108253681171589
HG00159	-0.028263115171444492	0.01241899682592115	10473108253681171589
HG00160	0.006621527203047474	-0.008137409940146894	10473108253681171589
HG00171	-0.014817588649956297	-0.012435657090221526	10473108253681171589
HG00173	-0.023860935670087107	0.0022099489265236852	10473108253681171589
HG00174	-0.022961419502677022	0.0020298867885233892	10473108253681171589
HG00176	-0.025452076762306607	-0.002381319534905914	10473108253681171589
HG00177	-0.024626575429336054	-0.0023722383121265464	10473108253681171589
HG00178	-0.019639103516367773	0.005052109215933804	10473108253681171589
HG00179	-0.023949001915632043	0.0022370959723715766	10473108253681171589
HG00180	-0.023860935670087107	0.0022099489265236852	10473108253681171589
HG00182	-0.011002465687778861	-0.012089523009549233	10473108253681171589
HG00183	0.01654649401365025	0.05669591757036218	10473108253681171589
HG00185	0.008486685908459985	-0.0054552929179981285	10473108253681171589
HG00186	-0.02794163143113294	0.0018897372015826677	10473108253681171589
HG00187	0.001607338833010439	-0.010194014398463756	10473108253681171589
HG00188	-0.017659416387149508	9.617287722832578E-4	10473108253681171589
HG00189	-0.02635440490219072	-0.002175218495519086	10473108253681171589
HG00190	-0.0019006685022078303	-0.0013286900891409878	10473108253681171589
HG00231	-0.028070600934603843	0.006447064128569494	10473108253681171589
HG00232	-0.026539802129845056	0.011736603922564443	10473108253681171589
HG00233	-0.030339840707873177	0.015909851099896632	10473108253681171589
HG00234	-0.02544420412238493	-0.0022284452928712935	10473108253681171589
HG00235	0.006562510070352439	-0.00847311153559736	10473108253681171589
HG00236	0.0086709012030599	-0.0037392764473176904	10473108253681171589
HG00237	-0.026309912114333537	0.0020485319370764136	10473108253681171589
HG00238	0.004410174577846563	-0.010699671292700157	10473108253681171589
HG00239	-0.023247501664038647	0.006310240160414348	10473108253681171589
HG00240	-0.009879914628167216	-0.01495587052026934	10473108253681171589
HG00242	0.02032293835300487	0.06631484869108699	10473108253681171589
HG00243	-0.029524034891004032	0.0018083765633797803	10473108253681171589
HG00244	0.01568537061887236	0.07082896738653217	10473108253681171589
HG00245	0.04154609054429985	0.0546508896537517	10473108253681171589
HG00246	0.0192668805108203	-0.015060281185075798	10473108253681171589
HG00247	-0.026010598068786642	-3.587494870890433E-4	10473108253681171589
HG00249	0.04732338633331795	0.06146345300199753	10473108253681171589
HG00250	-0.021391199530975954	-0.004163067506091746	10473108253681171589
HG00251	-0.014837333317877361	-0.008765403671122227	10473108253681171589
HG00252	-0.02658511970775383	0.01176817920221756	10473108253681171589
HG00253	-0.024626575429336054	-0.0023722383121265464	10473108253681171589
HG00254	-0.028274272935637623	0.009695130065029194	10473108253681171589
HG00255	0.01546684193279219	-0.01088703400774371	10473108253681171589
HG00256	0.01845323637717811	0.05950153547646822	10473108253681171589
HG00257	0.054058520794463424	0.05472218545657608	10473108253681171589
HG00258	0.012960754990960758	0.0033004336542804317	10473108253681171589
HG00259	0.0430175211669438	-0.0509433252004843	10473108253681171589
HG00260	0.009936686127728446	-0.009344561092225853	10473108253681171589
HG00261	-0.00919536432476531	0.0025614032555794225	10473108253681171589
HG00262	0.0077212443304709435	-0.010161696445054165	10473108253681171589
HG00263	-0.024648159804723686	-0.0023658087497784768	10473108253681171589
HG00264	-0.0213153278913795	-0.0031584293027882375	10473108253681171589
HG00265	-0.02230763412540418	-0.0022009300030536817	10473108253681171589
HG00266	-0.011002465687778861	-0.012089523009549233	10473108253681171589
HG00267	0.04026018043495534	0.06210227835248364	10473108253681171589
HG00268	-0.027229422258368916	0.013441561488951226	10473108253681171589
HG00269	0.0742862820366297	0.03354557711815241	10473108253681171589
HG00270	-0.02044212765786009	-0.002420977911434123	10473108253681171589
HG00271	-0.019471941849443505	0.004572397441184992	10473108253681171589
HG00272	-0.029039912694886514	0.005112942826378956	10473108253681171589
HG00273	-0.030176521402609985	0.005341220597682219	10473108253681171589
HG00274	-0.02454358978578008	-0.0024644424808734113	10473108253681171589
HG00275	-0.022976880767070586	0.012186121613446073	10473108253681171589
HG00276	-0.02890654258626646	0.002806137493987103	10473108253681171589
HG00277	-0.009926125658295164	-0.014934827707753973	10473108253681171589
HG00278	-0.009622838164263155	-0.00639387393368157	10473108253681171589
HG00280	-0.023312712935097464	0.011821295355846383	10473108253681171589
HG00281	0.07011679750527823	0.02803993972121316	10473108253681171589
HG00282	-0.023998642805906443	0.0022573680302837964	10473108253681171589
HG00284	-0.0213937579229097	-0.0022892487608362354	10473108253681171589
HG00285	-0.016418778893995442	7.538836267443848E-4	10473108253681171589
HG00306	0.02244167498197419	0.06652189978728232	10473108253681171589
HG00309	-0.029669460903987567	0.00208675701819012	10473108253681171589
HG00310	-0.025319103291559314	0.00979627041926463	10473108253681171589
HG00311	-0.027694317187341107	0.01694889321986057	10473108253681171589
HG00312	-0.027229422258368916	0.013441561488951226	10473108253681171589
HG00313	0.015248486384391809	0.06983260221016267	10473108253681171589
HG00315	-0.014241456191876323	-0.0026078572210021765	10473108253681171589
HG00318	-0.0197035119701531	0.007203687767956619	10473108253681171589
HG00319	-0.023860935670087107	0.0022099489265236852	10473108253681171589
HG00320	-0.02635440490219072	-0.002175218495519086	10473108253681171589
HG00321	-0.029039912694886514	0.005112942826378956	10473108253681171589
HG00323	-0.02890654258626646	0.002806137493987103	10473108253681171589
HG00324	-0.02878225087598703	0.0018225721254461291	10473108253681171589
HG00325	-0.029524034891004032	0.0018083765633797803	10473108253681171589
HG00326	-0.00984036023425639	-0.005506096496993063	10473108253681171589
HG00327	0.043552480900761685	0.05667591459033347	10473108253681171589
HG00328	-0.028146262572684537	0.00892441854447002	10473108253681171589
HG00329	0.011738766361995986	-0.007651275991177923	10473108253681171589
HG00330	-0.024286323734765112	0.011213566032875343	10473108253681171589
HG00331	-0.027538193449463517	0.00397616853625738	10473108253681171589
HG00332	0.040780450785051006	0.050068702415101515	10473108253681171589
HG00334	0.06634973323282149	0.027996159398869312	10473108253681171589
HG00335	-0.025766866392769587	-3.2184591314628826E-4	10473108253681171589
HG00336	-0.0056750409755957345	-0.0128578879400554	10473108253681171589
HG00337	-0.026071929455306248	0.008703050416201485	10473108253681171589
HG00338	0.022338805264044123	0.06500432301075315	10473108253681171589
HG00339	-0.019617367862427022	0.0048507778959953245	10473108253681171589
HG00341	-0.01401183198490677	-0.008756322448342877	10473108253681171589
HG00342	-0.029039912694886514	0.005112942826378956	10473108253681171589
HG00343	0.02302733376142238	0.06126820103659624	10473108253681171589
HG00344	0.016816155865032715	0.06408521924649563	10473108253681171589
HG00345	0.006480295551998166	-0.007480317854579895	10473108253681171589
HG00346	-0.02185454531362532	0.004234973863105446	10473108253681171589
HG00349	-0.021588420141701824	-0.0023633021266379734	10473108253681171589
HG00350	-0.02591863080240101	0.008577544203425762	10473108253681171589
HG00351	-0.009782127191265757	-0.005761287916898134	10473108253681171589
HG00353	0.010103847794652746	-0.009824272866974655	10473108253681171589
HG00355	-0.027046353652200032	0.009518548437466481	10473108253681171589
HG00356	0.020952321258800446	0.06442832972065564	10473108253681171589
HG00357	-0.023138495465168673	0.009005522090375383	10473108253681171589
HG00358	-0.025427280433123953	0.010084246299341168	10473108253681171589
HG00359	0.007729116970392616	-0.010008822203019586	10473108253681171589
HG00360	0.005175814337095478	-0.006117484054049914	10473108253681171589
HG00361	-0.019471941849443505	0.004572397441184992	10473108253681171589
HG00362	-0.028892486694810062	0.002446396127052538	10473108253681171589
HG00364	-0.01401183198490677	-0.008756322448342877	10473108253681171589
HG00366	0.025082381113955346	0.05387569162674281	10473108253681171589
HG00367	-0.028892486694810062	0.002446396127052538	10473108253681171589
HG00369	0.005714853974009111	-0.012186721381635943	10473108253681171589
HG00372	-2.2679401132377666E-4	-0.012353972129054576	10473108253681171589
HG00373	-0.02990341069563866	0.003788757103980146	10473108253681171589
HG00375	0.07404137367212514	0.03402335340167093	10473108253681171589
HG00376	-0.02469786281106384	-0.0023858257800278165	10473108253681171589
HG00377	0.006480295551998166	-0.007480317854579895	10473108253681171589
HG00378	0.003329226737241077	-0.0027110461779967414	10473108253681171589
HG00381	-0.01495480055854174	-9.46361062800669E-4	10473108253681171589
HG00382	-0.029953480273401965	0.005131008649447461	10473108253681171589
HG00383	0.024378284664681095	0.0636119157813253	10473108253681171589
HG00384	-0.02514503217556675	0.009808406329241983	10473108253681171589
HG00403	-0.01877832942573212	0.00485443276806905	10473108253681171589
HG00404	-0.02956223141307644	0.005051005526434009	10473108253681171589
HG00406	-0.007568669211840915	0.0020510475392717	10473108253681171589
HG00407	-0.029218803908129167	0.013851033723541283	10473108253681171589
HG00418	-0.025148894147525965	-0.0024341756120714944	10473108253681171589
HG00419	-0.02739958898556481	0.008570563466816328	10473108253681171589
HG00421	-0.023860935670087107	0.0022099489265236852	10473108253681171589
HG00422	-0.02647909094597034	0.01183099288038852	10473108253681171589
HG00427	-0.025148894147525965	-0.0024341756120714944	10473108253681171589
HG00428	-0.012020118141585958	-0.002271713298588442	10473108253681171589
HG00436	-0.026780209447116607	0.0038696297685888	10473108253681171589
HG00437	-0.029862046790630033	0.005086002534468925	10473108253681171589
HG00442	-0.025148894147525965	-0.0024341756120714944	10473108253681171589
HG00443	-0.030339840707873177	0.015909851099896632	10473108253681171589
HG00445	-0.00952085187118701	0.005460630288323524	10473108253681171589
HG00446	-0.027921942810760804	0.012890007669562943	10473108253681171589
HG00448	-3.983426084280295E-4	-0.011647188860164524	10473108253681171589
HG00449	-0.004727792471338272	-0.016363895319127762	10473108253681171589
HG00451	-0.02626788257917574	0.011720155001610912	10473108253681171589
HG00452	-0.025148894147525965	-0.0024341756120714944	10473108253681171589
HG00457	-0.025197332832694132	-0.0024324458460881697	10473108253681171589
HG00458	-0.02956223141307644	0.005051005526434009	10473108253681171589
HG00463	-0.026906090898896798	0.007474892784783714	10473108253681171589
HG00464	-0.027804808614109312	0.0016121840737554718	10473108253681171589
HG00472	-0.028455212516974453	0.006337707724864443	10473108253681171589
HG00473	-0.008765133119954086	-0.0022055699523879256	10473108253681171589
HG00475	-0.016560157805920673	0.013786201411274748	10473108253681171589
HG00476	-0.025448709525079622	-0.002399178604036558	10473108253681171589
HG00478	-0.024634197593982374	-0.002373456302351251	10473108253681171589
HG00479	-0.0017950276849741382	-0.0111408528738404	10473108253681171589
HG00500	-0.029306870153674055	0.013878180769389152	10473108253681171589
HG00501	-0.025141021507604302	-0.0022813013700368665	10473108253681171589
HG00512	-0.02519880693811768	-0.0022974818506660845	10473108253681171589
HG00513	-0.011510776930765531	-2.585601966996831E-4	10473108253681171589
HG00524	-0.02520667957803932	-0.002450356092700709	10473108253681171589
HG00525	-0.02922085227622339	0.0017555204862142084	10473108253681171589
HG00530	-0.02635967657273966	0.011821058683144097	10473108253681171589
HG00531	-0.02967539105663834	0.0053365779464376465	10473108253681171589
HG00533	-0.029586818228115312	0.005059485743264058	10473108253681171589
HG00534	-0.015272150276765541	-4.927111065075923E-4	10473108253681171589
HG00536	-0.02718281258487408	0.007184870872856821	10473108253681171589
HG00537	-0.030339840707873177	0.015909851099896632	10473108253681171589
HG00542	-0.030551049074667682	0.01602068897867419	10473108253681171589
HG00543	-0.025952921646113254	0.0010226253481221159	10473108253681171589
HG00553	-0.023584632485766793	0.011837744276799941	10473108253681171589
HG00554	-0.0012303596630125898	-0.0045351198153838045	10473108253681171589
HG00556	-0.03363418954177388	0.009240701624719714	10473108253681171589
HG00557	-0.027016547755258375	0.002848024410636754	10473108253681171589
HG00559	-0.02955201953369387	0.004989669036955716	10473108253681171589
HG00560	-0.023885279114994	0.012057578579690496	10473108253681171589
HG00565	-0.026544231396561063	0.0020909824561749354	10473108253681171589
HG00566	-0.028660023097661278	0.0035048337754078397	10473108253681171589
HG00577	-0.022958607530203075	0.002003847887136863	10473108253681171589
HG00578	-0.02523583190579363	0.008962427688662818	10473108253681171589
HG00580	-0.028137584555002506	0.004906841786992136	10473108253681171589
HG00581	-0.025243704545715315	0.008809553446628166	10473108253681171589
HG00583	-0.026846866604432928	0.007388543174929427	10473108253681171589
HG00584	0.020683437313193186	-0.03787959934576974	10473108253681171589
HG00589	-0.017458413532582658	0.011450113428864792	10473108253681171589
HG00590	-0.02977343977987098	0.005161843405211574	10473108253681171589
HG00592	-0.02762773698161719	0.012274905253876457	10473108253681171589
HG00593	-0.02631964565354389	0.011742392691667741	10473108253681171589
HG00595	-0.03295661602806987	0.013850035909217845	10473108253681171589
HG00596	-0.010366344571534418	-1.559490875301276E-4	10473108253681171589
HG00607	-7.844626497433992E-4	-0.008175743492521457	10473108253681171589
HG00608	-0.025262803769482426	-0.002302070357289115	10473108253681171589
HG00610	-0.027033522338424675	0.007137967762960702	10473108253681171589
HG00611	3.193096353682924E-4	7.311645619613178E-4	10473108253681171589
HG00613	-0.02464355001250233	0.0019177050401974018	10473108253681171589
HG00614	-0.01634894943912612	0.013675363532497218	10473108253681171589
HG00619	-0.02725874860886129	0.01059432521652408	10473108253681171589
HG00620	-0.02626788257917574	0.011720155001610912	10473108253681171589
HG00625	-0.023186790480163928	0.006404629118238388	10473108253681171589
HG00626	-0.026029206086029894	0.00511149942482258	10473108253681171589
HG00628	-0.02956223141307644	0.005051005526434009	10473108253681171589
HG00629	-0.02529423197475961	0.01095473079230827	10473108253681171589
HG00634	-0.0251910834168152	-0.002447919637393837	10473108253681171589
HG00635	-0.02817039064567572	0.01239523601011546	10473108253681171589
HG00637	0.05405157640715172	0.010711076976330355	10473108253681171589
HG00638	-0.029311832245555815	0.005129391747332483	10473108253681171589
HG00640	-0.019689463919436722	0.005460174877873486	10473108253681171589
HG00641	-0.019639103516367773	0.005052109215933804	10473108253681171589
HG00650	-0.02550544034155413	0.011065568671085848	10473108253681171589
HG00651	-0.02647909094597034	0.01183099288038852	10473108253681171589
HG00653	-0.028814879890577794	0.005914791194824353	10473108253681171589
HG00654	-0.018442806541260494	0.0023971544003639576	10473108253681171589
HG00656	-0.02928364205500089	0.0017662855128150739	10473108253681171589
HG00657	-0.027912551750693747	0.005708690155437534	10473108253681171589
HG00662	-0.02977343977987098	0.005161843405211574	10473108253681171589
HG00663	0.004368647952933485	-0.0011467246784645224	10473108253681171589
HG00671	-0.029306870153674055	0.013878180769389152	10473108253681171589
HG00672	-0.02488516687134011	-0.0020273254138155642	10473108253681171589
HG00683	-0.026308592524089233	0.011740734083874946	10473108253681171589
HG00684	-0.02956223141307644	0.005051005526434009	10473108253681171589
HG00689	-0.03363418954177388	0.009240701624719714	10473108253681171589
HG00690	-0.024626575429336054	-0.0023722383121265464	10473108253681171589
HG00692	-0.030339840707873177	0.015909851099896632	10473108253681171589
HG00693	-0.025552729873189284	0.004208558768917441	10473108253681171589
HG00698	-0.013805314149402344	-6.23130820627114E-4	10473108253681171589
HG00699	-0.026051222287410046	-0.0022280745726846653	10473108253681171589
HG00701	-0.03220954268369989	0.009096537885277834	10473108253681171589
HG00702	-0.019651077960765363	0.008680495876451052	10473108253681171589
HG00704	-0.029580430982224657	0.0050545020304795536	10473108253681171589
HG00705	-0.005635452217085577	-0.006628362448869954	10473108253681171589
HG00707	-0.029337198608767757	0.005852853894879415	10473108253681171589
HG00708	-0.026490881650254275	-0.0010872702847698895	10473108253681171589
HG00731	0.016172633146780385	0.058790961865143244	10473108253681171589
HG00732	0.07027865780594607	0.04047876124371764	10473108253681171589
HG00734	-0.012390061474544889	-0.010719617561244111	10473108253681171589
HG00736	-0.023312712935097464	0.011821295355846383	10473108253681171589
HG00737	0.003530159496787237	-0.04008550326701961	10473108253681171589
HG00740	-0.024157198665663286	0.012074027500644013	10473108253681171589
HG01047	-0.027134509543436734	0.0017676508995859274	10473108253681171589
HG01048	0.016172633146780385	0.058790961865143244	10473108253681171589
HG01051	-0.028698533558033465	0.0018174577861591404	10473108253681171589
HG01052	-0.009436179083604817	-0.002937966979986593	10473108253681171589
HG01055	-0.009570724066623624	-0.006345540946279162	10473108253681171589
HG01060	-0.0252449583095377	0.0042234377515611874	10473108253681171589
HG01061	0.07436496602941658	0.028008366999136922	10473108253681171589
HG01066	0.021491974124745003	0.0707571353925089	10473108253681171589
HG01067	-0.028698533558033465	0.0018174577861591404	10473108253681171589
HG01069	0.006621781459820588	-0.01024249109662086	10473108253681171589
HG01070	-0.025747612229080084	-3.134209357711723E-4	10473108253681171589
HG01072	0.03450121721446108	-0.04946915747279102	10473108253681171589
HG01073	-0.01955201800194563	0.00458798318354469	10473108253681171589
HG01075	-0.026019531779749454	-2.9697201481763464E-4	10473108253681171589
HG01079	0.021478044069869872	0.056411366378547725	10473108253681171589
HG01080	-0.024704900829432448	-0.0023450926164803013	10473108253681171589
HG01082	-0.010018537009759784	-0.006849420989345596	10473108253681171589
HG01083	0.013426491957501783	0.06649147386245313	10473108253681171589
HG01085	0.04833645742651544	0.03580136036237381	10473108253681171589
HG01095	0.07576213729578453	0.035277846946854624	10473108253681171589
HG01097	-0.027932893798784584	0.006399645024809396	10473108253681171589
HG01098	0.0248853451633035	0.06035745220183321	10473108253681171589
HG01101	-0.0185988600005287	0.002021130741422183	10473108253681171589
HG01102	0.04431973442746847	0.06059070730553735	10473108253681171589
HG01104	-0.02418580100724386	0.004327959304742199	10473108253681171589
HG01105	-0.028769820939761295	0.0018038703182578846	10473108253681171589
HG01107	0.041482196635345386	0.05110012588716392	10473108253681171589
HG01108	-0.024626575429336054	-0.0023722383121265464	10473108253681171589
HG01112	0.01899202768309131	0.06535034125569451	10473108253681171589
HG01113	-0.02048128048434273	-0.006025232030140952	10473108253681171589
HG01124	-0.026104276447445115	-0.0022232984773857913	10473108253681171589
HG01125	0.023729234802072237	0.0654642111116419	10473108253681171589
HG01133	-0.028843959571017	0.002095838240969487	10473108253681171589
HG01134	-0.028843959571017	0.002095838240969487	10473108253681171589
HG01136	0.03927240094077842	0.057739465793347836	10473108253681171589
HG01137	-0.02619568179786096	-0.0021069373325884985	10473108253681171589
HG01140	-0.0217733990047509	-0.006725547702397234	10473108253681171589
HG01148	-0.025976600454896748	-0.0010258594266862825	10473108253681171589
HG01149	0.004428943864664554	-0.004735332682904087	10473108253681171589
HG01167	0.04201761511693629	0.055393530512330584	10473108253681171589
HG01168	-0.02095502914621521	0.004054911725105154	10473108253681171589
HG01170	-0.024626575429336054	-0.0023722383121265464	10473108253681171589
HG01171	-0.002993399384152661	-0.03529210357657271	10473108253681171589
HG01173	0.009936686127728446	-0.009344561092225853	10473108253681171589
HG01174	-0.016971376348047854	-6.390079753542579E-4	10473108253681171589
HG01176	-0.025602964440835423	0.004469902058644605	10473108253681171589
HG01183	-0.023913989830122245	0.0022147250218225753	10473108253681171589
HG01187	0.013084238468610353	-0.011224457585823189	10473108253681171589
HG01188	-0.024626575429336054	-0.0023722383121265464	10473108253681171589
HG01190	0.012436339362880452	0.0641282426317022	10473108253681171589
HG01191	-0.02626788257917574	0.011720155001610912	10473108253681171589
HG01197	-0.016318734015649212	-8.908769415580748E-4	10473108253681171589
HG01198	0.01573068819678116	0.07079739210687927	10473108253681171589
HG01204	-0.019471941849443505	0.004572397441184992	10473108253681171589
HG01250	-0.022496907118228326	-0.0022801791806704836	10473108253681171589
HG01251	-0.02282473112204193	-0.0027584014895136602	10473108253681171589
HG01257	-0.029039912694886514	0.005112942826378956	10473108253681171589
HG01259	0.07014617366104586	0.02714507730076723	10473108253681171589
HG01271	-0.02739278135087903	0.0015363904366528284	10473108253681171589
HG01272	-0.021383608624226728	-0.005819130990754134	10473108253681171589
HG01274	0.015433329853827888	0.058907609188752305	10473108253681171589
HG01275	0.061911066227755863	0.030274613405214177	10473108253681171589
HG01277	-0.028690066093453072	0.0025295597475083614	10473108253681171589
HG01278	-0.02464925267790879	-0.002230332084778136	10473108253681171589
HG01334	-0.023885279114994	0.012057578579690496	10473108253681171589
HG01342	-0.022446780851018863	-8.333846801423422E-4	10473108253681171589
HG01344	-0.026051222287410046	-0.0022280745726846653	10473108253681171589
HG01345	-0.024847097693060958	-6.665906791444295E-4	10473108253681171589
HG01350	0.04014964554321149	0.03862776593184645	10473108253681171589
HG01351	0.07303731365477739	0.029316767493388986	10473108253681171589
HG01353	-0.02619568179786096	-0.0021069373325884985	10473108253681171589
HG01354	-0.005726294015201428	-0.0056325234763986345	10473108253681171589
HG01356	-0.024728412699558344	-0.0023967937947140154	10473108253681171589
HG01357	-0.018098677020160908	-0.005687808452061403	10473108253681171589
HG01359	0.008346357156937182	-0.041109216660016115	10473108253681171589
HG01360	0.0034755515656287065	-0.012216604856393561	10473108253681171589
HG01365	-0.025989293221100246	0.008435434987992013	10473108253681171589
HG01366	-0.02473118352707738	0.008248400095505369	10473108253681171589
HG01374	0.03946721328971997	0.06760746897311305	10473108253681171589
HG01375	0.04009790227374912	0.057748547016127236	10473108253681171589
HG01377	-0.025452076762306607	-0.002381319534905914	10473108253681171589
HG01378	0.0064672713382508	-0.013375896344052828	10473108253681171589
HG01383	-0.030455798697923975	0.00394644311735196	10473108253681171589
HG01384	-0.026725528503134272	0.003810091307427637	10473108253681171589
HG01389	-0.023312712935097464	0.011821295355846383	10473108253681171589
HG01390	-0.024157198665663286	0.012074027500644013	10473108253681171589
HG01437	0.012958658081070423	0.06419017993164695	10473108253681171589
HG01440	0.07174003906983144	0.03314833145589063	10473108253681171589
HG01441	-0.026490881650254275	-0.0010872702847698895	10473108253681171589
HG01455	-0.026321344348490452	0.011757764031133437	10473108253681171589
HG01456	-0.024654700437825715	0.013168200683147986	10473108253681171589
HG01461	-0.029501923565104136	0.0023673375157453945	10473108253681171589
HG01462	-0.004614395908112254	-0.03547506464145285	10473108253681171589
HG01465	-0.026313200157084545	0.011751730281264047	10473108253681171589
HG01488	0.049955332221544024	0.04229551373573412	10473108253681171589
HG01489	-0.020645152656121456	0.006892211775493622	10473108253681171589
HG01491	-0.014752959867195188	-3.854545015871965E-4	10473108253681171589
HG01492	-0.02936627828920696	0.0020339009410245573	10473108253681171589
HG01494	0.05538820715811123	0.032258991014088245	10473108253681171589
HG01495	0.0030343486601475396	-0.012531998230895344	10473108253681171589
HG01497	-0.0088413668975072	-0.005010137565830701	10473108253681171589
HG01498	-0.024704900829432448	-0.0023450926164803013	10473108253681171589
HG01515	-0.028843959571017	0.002095838240969487	10473108253681171589
HG01516	-0.029524034891004032	0.0018083765633797803	10473108253681171589
HG01518	-0.02393563951806293	0.012465644241630183	10473108253681171589
HG01519	0.04448689609439269	0.0601109955307885	10473108253681171589
HG01521	-0.017463118512169255	0.009939546303963478	10473108253681171589
HG01522	-0.02092768797863441	0.006658428765094768	10473108253681171589
HG01550	0.021642314094895383	0.05587119546182568	10473108253681171589
HG01551	-0.027250584487250495	-1.4211150068305605E-4	10473108253681171589
HG01617	0.05807689305514594	0.05103740204282557	10473108253681171589
HG01618	-0.024157198665663286	0.012074027500644013	10473108253681171589
HG01619	0.04276738639544804	0.0623339794529976	10473108253681171589
HG01620	0.02108638402448481	0.05865898939468462	10473108253681171589
HG01623	-0.027941539301127895	0.006402930826679273	10473108253681171589
HG01624	0.01737199534662083	0.05670499879314158	10473108253681171589
HG01625	-0.019853808762350957	0.006040656140863031	10473108253681171589
HG01626	0.04117680937715926	0.053875634976568096	10473108253681171589
NA06984	0.01546684193279219	-0.01088703400774371	10473108253681171589
NA06986	0.012026571238017852	-0.012031475887948943	10473108253681171589
NA06989	0.042516960035831546	-0.05079426538995036	10473108253681171589
NA06994	0.07614020417153912	0.035150042860773556	10473108253681171589
NA07000	-0.023034123577021965	0.008536575342227445	10473108253681171589
NA07037	-0.023250018942294427	0.009484399170389523	10473108253681171589
NA07048	-0.005457559007217331	-0.03529627666981097	10473108253681171589
NA07051	-0.0028868506084443893	-0.015504821104974103	10473108253681171589
NA07056	0.044208210950342795	0.061069584385551365	10473108253681171589
NA07346	0.01017914970280737	-0.04340356285712525	10473108253681171589
NA07347	-0.019639103516367773	0.005052109215933804	10473108253681171589
NA07357	-0.02609351383069394	0.008709479978549553	10473108253681171589
NA10847	-0.00941219931501694	-0.00588118972686762	10473108253681171589
NA10851	-0.020085240536965854	0.007884331402358325	10473108253681171589
NA11829	-0.028927676888970626	0.0021009525802564827	10473108253681171589
NA11830	-0.01878994775202662	0.0052801127398731905	10473108253681171589
NA11831	-0.02892555679867942	0.006870275576778835	10473108253681171589
NA11843	-0.028922284971113342	0.0021229839366157218	10473108253681171589
NA11892	-0.028182852088121702	0.0034069778684395575	10473108253681171589
NA11893	-0.020003437886124773	0.0021049882413722992	10473108253681171589
NA11894	0.013447010099979334	0.06343559282159064	10473108253681171589
NA11918	0.01017914970280737	-0.04340356285712525	10473108253681171589
NA11919	0.0023099466254366285	-0.00459067910476874	10473108253681171589
NA11920	-0.02525389202050045	0.00428521522383259	10473108253681171589
NA11930	0.025166577134983204	0.06226378327390206	10473108253681171589
NA11931	-0.009464313412656468	-0.005929522714270023	10473108253681171589
NA11932	0.003737761080891499	-0.03769104982243038	10473108253681171589
NA11933	0.05869370769695149	0.0358334131706722	10473108253681171589
NA11992	-0.026084743050808202	0.005214083180614387	10473108253681171589
NA11993	-0.005648060969067634	0.00262271989094395	10473108253681171589
NA11994	0.009936686127728446	-0.009344561092225853	10473108253681171589
NA11995	0.05766612290037454	0.03375523808949112	10473108253681171589
NA12003	-0.026027948499800464	0.008814799330474939	10473108253681171589
NA12004	-0.024772001442319537	-0.0020938578573162087	10473108253681171589
NA12006	-0.023584632485766793	0.011837744276799941	10473108253681171589
NA12043	-0.019471941849443505	0.004572397441184992	10473108253681171589
NA12044	0.01004105801587518	-0.009813507840373792	10473108253681171589
NA12045	-0.014996883544650542	-0.0011755115021872275	10473108253681171589
NA12046	0.01546684193279219	-0.01088703400774371	10473108253681171589
NA12058	0.07342769079004717	0.007948581080769393	10473108253681171589
NA12144	-0.023967075560111854	0.008007301223675612	10473108253681171589
NA12154	-0.009782127191265757	-0.005761287916898134	10473108253681171589
NA12155	0.004396488530674152	-9.893457661225174E-4	10473108253681171589
NA12249	0.06582942781910085	0.04389427459948467	10473108253681171589
NA12272	-0.023358030513006164	0.011852870635499476	10473108253681171589
NA12273	-0.02252110159608807	-0.0026851255111149316	10473108253681171589
NA12275	0.061520504383778825	0.037402314419604406	10473108253681171589
NA12282	-0.016655694248717615	-0.0023036163076397115	10473108253681171589
NA12283	-0.019639103516367773	0.005052109215933804	10473108253681171589
NA12286	0.03806502024162748	-0.06076755188341935	10473108253681171589
NA12287	-0.003026920147550861	-0.027849945823273634	10473108253681171589
NA12340	0.02254281306139544	-0.033016699422855796	10473108253681171589
NA12341	-0.025948087817710408	0.008431099523739216	10473108253681171589
NA12342	-0.028761323336811015	0.0018282228127600134	10473108253681171589
NA12347	-0.0015903369014663628	-0.0354298377536665	10473108253681171589
NA12348	-0.027254227511485547	0.014242455692423934	10473108253681171589
NA12383	0.013059097135011037	-0.011385646358418013	10473108253681171589
NA12399	0.062415288385694434	0.04341978490101223	10473108253681171589
NA12400	-0.019639103516367773	0.005052109215933804	10473108253681171589
NA12413	-0.02626788257917574	0.011720155001610912	10473108253681171589
NA12489	-0.02425953226491279	0.01106433946673077	10473108253681171589
NA12546	-0.02303434826205427	0.010162278828275084	10473108253681171589
NA12716	-0.01377025082285496	-0.009982599252794634	10473108253681171589
NA12717	-0.02215491027039012	0.009039124185611652	10473108253681171589
NA12718	-0.005694670011509488	-0.012811076680294091	10473108253681171589
NA12748	-0.02593452794733387	0.008428995481979394	10473108253681171589
NA12749	-0.006352308831631086	-0.014199016474848003	10473108253681171589
NA12750	-0.024626575429336054	-0.0023722383121265464	10473108253681171589
NA12751	0.07622062474127081	0.0385419891153702	10473108253681171589
NA12761	0.025677097464910596	0.06390970969121246	10473108253681171589
NA12763	0.06839509716563955	0.02715303488808974	10473108253681171589
NA12775	-0.02887929588530872	0.002243405784351879	10473108253681171589
NA12777	-0.023312712935097464	0.011821295355846383	10473108253681171589
NA12778	-0.026138982687155848	0.008935957015793063	10473108253681171589
NA12812	0.009825162650602732	-0.008865684012211706	10473108253681171589
NA12814	-0.024345434126791243	0.004268448977921771	10473108253681171589
NA12815	0.0016194029070968731	-0.016619508982058086	10473108253681171589
NA12827	-0.0018121031614004271	-0.00670430849140743	10473108253681171589
NA12829	-0.019665894986220088	0.005201335782078369	10473108253681171589
NA12830	0.006685468333414376	-0.013943689691396796	10473108253681171589
NA12842	-0.022694161591003747	8.94534229753826E-4	10473108253681171589
NA12843	-0.01604227268870933	-0.012141954454167974	10473108253681171589
NA12872	0.023571608949837015	0.06813142338753933	10473108253681171589
NA12873	0.0035511378817531347	-0.005251723652883535	10473108253681171589
NA12874	0.005690510529102286	-0.0023390917284691446	10473108253681171589
NA12889	5.351657940531393E-4	-0.034140254883172044	10473108253681171589
NA12890	0.05090655866105106	0.05264357993212707	10473108253681171589
NA18486	0.02619231941735915	-0.05365110676690703	10473108253681171589
NA18487	-0.010219831432473426	-0.020536122749940558	10473108253681171589
NA18489	0.07168350884654193	0.011167434419524587	10473108253681171589
NA18498	0.03115219121880557	-0.05782876853203061	10473108253681171589
NA18499	0.03349224479676244	-0.04562762098759151	10473108253681171589
NA18501	0.02487685899024901	-0.02096391104961903	10473108253681171589
NA18502	0.06560702099530613	0.039532142120373245	10473108253681171589
NA18504	0.06738575648479715	0.033321609640369045	10473108253681171589
NA18505	0.010612600733241757	-0.04350939960946622	10473108253681171589
NA18507	0.006201738297100762	-0.01336827768759928	10473108253681171589
NA18508	0.011773483416076997	-0.057621371977706566	10473108253681171589
NA18510	0.011329568518537007	-0.015978210770578767	10473108253681171589
NA18511	0.06908407607006069	0.03536056602856944	10473108253681171589
NA18516	0.07161360617241191	0.006246451451833203	10473108253681171589
NA18517	0.010612600733241757	-0.04350939960946622	10473108253681171589
NA18519	0.041965263721670365	-0.08269783041591532	10473108253681171589
NA18520	0.02481711267868288	-0.03803266525966417	10473108253681171589
NA18522	0.07804701279133087	-0.019580823827016654	10473108253681171589
NA18523	-0.0038645395525516526	-0.035140699973412196	10473108253681171589
NA18525	-0.026481139314064622	-2.645203569385532E-4	10473108253681171589
NA18526	-0.026015314932369273	0.004352663889746598	10473108253681171589
NA18527	-0.027030565658900507	0.006193543985422564	10473108253681171589
NA18528	-0.02383654029270157	-0.003644135170566843	10473108253681171589
NA18530	-0.025148894147525965	-0.0024341756120714944	10473108253681171589
NA18532	-0.025402291783609726	-0.0023370817586162752	10473108253681171589
NA18534	-0.012080131829342595	-0.007586127675036026	10473108253681171589
NA18535	-0.030551049074667682	0.01602068897867419	10473108253681171589
NA18536	-0.026225778054662176	0.00856265488601659	10473108253681171589
NA18537	-0.030339840707873177	0.015909851099896632	10473108253681171589
NA18538	-0.02795092882101074	0.005157417198960854	10473108253681171589
NA18539	-0.023279192171699332	0.004379137602547322	10473108253681171589
NA18541	-0.025148894147525965	-0.0024341756120714944	10473108253681171589
NA18542	-0.023995763501569876	-0.002624189503279595	10473108253681171589
NA18543	-0.026051222287410046	-0.0022280745726846653	10473108253681171589
NA18544	-0.025148894147525965	-0.0024341756120714944	10473108253681171589
NA18545	-0.015229961007476324	-4.789670811852345E-4	10473108253681171589
NA18546	-0.024626575429336054	-0.0023722383121265464	10473108253681171589
NA18547	-0.01305664897331973	0.008248999770347067	10473108253681171589
NA18548	-0.008765133119954086	-0.0022055699523879256	10473108253681171589
NA18549	-0.021803055822094023	0.012215921219284465	10473108253681171589
NA18550	-0.027381419085854355	0.012037093919775328	10473108253681171589
NA18552	-0.019643298273026834	0.007006214057320257	10473108253681171589
NA18553	-0.010030773577085502	-0.0058518887709475996	10473108253681171589
NA18555	-0.02626788257917574	0.011720155001610912	10473108253681171589
NA18557	-0.012074408168926768	0.007510737162086159	10473108253681171589
NA18558	-0.01634894943912612	0.013675363532497218	10473108253681171589
NA18559	-0.010127586949629742	-0.015093340975910452	10473108253681171589
NA18560	-0.015529776385029982	-4.439700731503243E-4	10473108253681171589
NA18561	-0.02715024288577398	0.007170316801177955	10473108253681171589
NA18562	-0.02977343977987098	0.005161843405211574	10473108253681171589
NA18563	-0.008765133119954086	-0.0022055699523879256	10473108253681171589
NA18564	-0.02956223141307644	0.005051005526434009	10473108253681171589
NA18565	-0.026051222287410046	-0.0022280745726846653	10473108253681171589
NA18566	-0.02956223141307644	0.005051005526434009	10473108253681171589
NA18567	-0.025148894147525965	-0.0024341756120714944	10473108253681171589
NA18570	-0.02922085227622339	0.0017555204862142084	10473108253681171589
NA18571	-0.023961307047323948	0.0018149757881538206	10473108253681171589
NA18572	-0.01640071251349422	0.013697601222554203	10473108253681171589
NA18573	-0.02704754024206685	0.010483487337746527	10473108253681171589
NA18574	-0.02443169307344518	0.00214974139256205	10473108253681171589
NA18576	0.0011529511711611783	-0.010917396124730212	10473108253681171589
NA18577	-0.026595048936021052	-1.324151021561821E-4	10473108253681171589
NA18579	-0.025197332832694132	-0.0024324458460881697	10473108253681171589
NA18582	-0.028695333539096143	0.010531982299807497	10473108253681171589
NA18592	-0.009827771572076139	-0.015128337983945313	10473108253681171589
NA18593	-0.026311695378036397	0.004216983882779595	10473108253681171589
NA18595	-0.025148894147525965	-0.0024341756120714944	10473108253681171589
NA18596	-0.026051222287410046	-0.0022280745726846653	10473108253681171589
NA18597	-0.025174239296567483	-0.0024387708911227783	10473108253681171589
NA18599	-0.028566754113216367	0.0030260900916069767	10473108253681171589
NA18602	-0.013805314149402344	-6.23130820627114E-4	10473108253681171589
NA18603	-0.0278788647734951	4.086151589126141E-4	10473108253681171589
NA18605	0.006163149615224441	-0.014005626991341712	10473108253681171589
NA18606	-0.02537888760101754	-0.0024001911199921628	10473108253681171589
NA18608	-0.025148894147525965	-0.0024341756120714944	10473108253681171589
NA18609	-0.025148894147525965	-0.0024341756120714944	10473108253681171589
NA18610	-0.025148894147525965	-0.0024341756120714944	10473108253681171589
NA18611	0.01037393733794796	-0.015100962580717013	10473108253681171589
NA18612	-0.02922085227622339	0.0017555204862142084	10473108253681171589
NA18613	-0.02601456968786767	0.008451817007239022	10473108253681171589
NA18614	-0.002358397907695816	-0.008390480353147338	10473108253681171589
NA18615	-0.008765133119954086	-0.0022055699523879256	10473108253681171589
NA18616	-0.025148894147525965	-0.0024341756120714944	10473108253681171589
NA18617	-0.030339840707873177	0.015909851099896632	10473108253681171589
NA18618	-0.012671938870311008	0.005053762791509545	10473108253681171589
NA18619	-0.0264712183060486	0.011983867122423128	10473108253681171589
NA18620	-0.029229896414243884	0.001756421831909767	10473108253681171589
NA18621	-0.02739278135087903	0.0015363904366528284	10473108253681171589
NA18622	-0.024018662938447753	0.012116300905191493	10473108253681171589
NA18623	-0.0296231603068036	0.005075847997222212	10473108253681171589
NA18624	-0.025148894147525965	-0.0024341756120714944	10473108253681171589
NA18626	-0.026473266674142855	-1.1164611490393788E-4	10473108253681171589
NA18627	0.010986395908513072	-0.011554094130887567	10473108253681171589
NA18628	-0.023877406475072267	0.012210452821725112	10473108253681171589
NA18630	-0.02185454531362532	0.004234973863105446	10473108253681171589
NA18631	-0.0031673560453912924	-0.0018373849920867975	10473108253681171589
NA18632	-0.026846866604432928	0.007388543174929427	10473108253681171589
NA18633	-0.01956000809498844	0.004599544487032867	10473108253681171589
NA18634	-0.02821229983706449	0.016036618459837556	10473108253681171589
NA18635	-0.029239051845371608	0.0017590169902597537	10473108253681171589
NA18636	-0.02626788257917574	0.011720155001610912	10473108253681171589
NA18637	0.02511126356477319	-0.03557186957613951	10473108253681171589
NA18638	-0.024107806485325407	0.00784441877957097	10473108253681171589
NA18639	-0.0231789178402422	0.006557503360273001	10473108253681171589
NA18640	0.016650202873517293	0.06914935555532245	10473108253681171589
NA18641	-0.0013472400933447247	-0.015092543346789354	10473108253681171589
NA18642	-0.01353048327845587	0.004417329228468782	10473108253681171589
NA18643	-0.006316617650925569	6.14135720212967E-5	10473108253681171589
NA18645	-0.025148894147525965	-0.0024341756120714944	10473108253681171589
NA18647	-0.025148894147525965	-0.0024341756120714944	10473108253681171589
NA18740	-0.02876521099169776	0.0034242246993301238	10473108253681171589
NA18745	-0.024845284089196056	-5.195219751579881E-4	10473108253681171589
NA18747	0.030802488678338527	-0.04573718680546838	10473108253681171589
NA18748	-0.02518257891894227	-0.002434794965691455	10473108253681171589
NA18749	-0.012131894903710692	-0.007563889984979011	10473108253681171589
NA18757	-0.025348367902439627	0.010072118450054193	10473108253681171589
NA18853	0.01926357667624845	0.05095159517104803	10473108253681171589
NA18856	0.0604227553347558	0.011395576660687905	10473108253681171589
NA18858	0.0386227438431593	-0.0537516350603555	10473108253681171589
NA18861	0.034464628354179204	-0.05665400733827339	10473108253681171589
NA18867	0.014007253514334602	-0.03116423108379317	10473108253681171589
NA18868	0.07313103056034025	0.017995111957659498	10473108253681171589
NA18870	0.03268943992150546	-0.08347400413278364	10473108253681171589
NA18871	0.033476706428830036	-0.06190977370710024	10473108253681171589
NA18873	0.02786569678269469	-0.04451660356154646	10473108253681171589
NA18874	0.026032560010660847	-0.07267846267755415	10473108253681171589
NA18907	0.024888174806039214	-0.05828439271189987	10473108253681171589
NA18908	0.05980443609680943	0.034935213745256204	10473108253681171589
NA18909	0.036802206185960286	-0.09137506029616675	10473108253681171589
NA18910	0.03371466116348987	-0.08630804660715025	10473108253681171589
NA18912	0.02758765666639425	-0.058176264835153466	10473108253681171589
NA18916	0.03822858356479504	0.03553912748795958	10473108253681171589
NA18917	0.030962499837572394	-0.08301461352148792	10473108253681171589
NA18923	0.0735264451376056	0.007033066513024349	10473108253681171589
NA18924	0.02499938739290318	-0.059544109410750425	10473108253681171589
NA18933	0.06967173522524843	0.02345010764878658	10473108253681171589
NA18934	0.06387490800813903	0.034315804471655185	10473108253681171589
NA18939	-0.017473848210829424	0.003491598967539091	10473108253681171589
NA18940	-0.025148894147525965	-0.0024341756120714944	10473108253681171589
NA18941	-0.01821865141495284	0.006862050317878382	10473108253681171589
NA18942	-0.028747221666319052	0.013501436846931196	10473108253681171589
NA18943	-0.028309513272541928	0.003710409415961062	10473108253681171589
NA18944	-0.026076567436451502	-0.0022326698517359514	10473108253681171589
NA18945	-0.022620185072874166	-3.4721337554480063E-4	10473108253681171589
NA18946	-0.02591863080240101	0.008577544203425762	10473108253681171589
NA18947	-0.02537888760101754	-0.0024001911199921628	10473108253681171589
NA18948	-0.021458491320423677	0.002105021489060739	10473108253681171589
NA18949	-0.02185454531362532	0.004234973863105446	10473108253681171589
NA18950	-0.024888083216840436	0.010725242138445185	10473108253681171589
NA18951	-0.03179770110178584	0.016074854528005438	10473108253681171589
NA18952	-0.026906090898896798	0.007474892784783714	10473108253681171589
NA18953	-0.027796205418149426	0.001611356746772331	10473108253681171589
NA18954	-0.02428199627354569	0.0030468011613020082	10473108253681171589
NA18956	-0.02502262565873686	0.01044367081093527	10473108253681171589
NA18957	-0.023733349232696634	0.0018644782428452094	10473108253681171589
NA18959	-0.025148894147525965	-0.0024341756120714944	10473108253681171589
NA18960	-0.03039309978971089	0.015956919857740573	10473108253681171589
NA18961	-0.02358530314019441	-2.5345307538260917E-4	10473108253681171589
NA18962	-0.025141021507604302	-0.0022813013700368665	10473108253681171589
NA18963	-0.0049040815655138755	-0.006187499237350087	10473108253681171589
NA18964	-0.023724247289452015	-0.002578339351513372	10473108253681171589
NA18965	-0.029878129042657728	0.003892519572130157	10473108253681171589
NA18966	-0.02626788257917574	0.011720155001610912	10473108253681171589
NA18968	-0.026481139314064622	-2.645203569385532E-4	10473108253681171589
NA18971	-0.02922085227622339	0.0017555204862142084	10473108253681171589
NA18973	-0.02484885942953543	0.003253751324090682	10473108253681171589
NA18974	-0.021420484290680178	-0.005408359025821199	10473108253681171589
NA18975	-0.02891724221789356	0.0036701741231277094	10473108253681171589
NA18976	-0.029254537047639705	0.001754901132594243	10473108253681171589
NA18977	0.013206266383452459	-0.025915699996082807	10473108253681171589
NA18978	-0.01634894943912612	0.013675363532497218	10473108253681171589
NA18980	-0.031105480467122082	0.011327663861246407	10473108253681171589
NA18981	-0.016560157805920673	0.013786201411274748	10473108253681171589
NA18982	-0.029375575679084727	0.005301580938402732	10473108253681171589
NA18983	-0.030339840707873177	0.015909851099896632	10473108253681171589
NA18984	-0.024183567685772227	-0.002576460985877913	10473108253681171589
NA18985	-0.03220954268369989	0.009096537885277834	10473108253681171589
NA18986	-0.0034794347074398884	-0.006331662976791978	10473108253681171589
NA18987	-0.027033522338424675	0.007137967762960702	10473108253681171589
NA18988	-0.02922085227622339	0.0017555204862142084	10473108253681171589
NA18989	-0.02416817361482575	0.01070820380357005	10473108253681171589
NA18990	-0.023918492650832634	0.012078418268357392	10473108253681171589
NA18992	-0.025141021507604302	-0.0022813013700368665	10473108253681171589
NA18994	-0.0252596537910025	0.009982536295729495	10473108253681171589
NA18995	-0.02576790174453666	0.0036212068223421693	10473108253681171589
NA18998	-0.025174706279020583	-0.0022819207236568404	10473108253681171589
NA18999	-0.026165131909366545	-0.0020959693179022896	10473108253681171589
NA19000	-0.023724247289452015	-0.002578339351513372	10473108253681171589
NA19002	-0.019757207894983295	0.007138319312102643	10473108253681171589
NA19003	-0.029926900279054786	0.005150520805936461	10473108253681171589
NA19004	-0.02818934762937057	0.004929079477049141	10473108253681171589
NA19005	-0.026846866604432928	0.007388543174929427	10473108253681171589
NA19007	-0.025148894147525965	-0.0024341756120714944	10473108253681171589
NA19009	-0.03042250006321884	0.014707109512036921	10473108253681171589
NA19010	-0.025148894147525965	-0.0024341756120714944	10473108253681171589
NA19012	0.003956780805673988	-0.014119032715171884	10473108253681171589
NA19020	0.028571843140871262	-0.07810610704828337	10473108253681171589
NA19028	0.04202988284853985	-0.04191764299510138	10473108253681171589
NA19035	0.018201440238884637	-0.012000416820016272	10473108253681171589
NA19036	-0.007678863789753604	-0.017127698274907906	10473108253681171589
NA19038	0.0326454414633655	-0.06579678556565277	10473108253681171589
NA19041	0.0358151714529228	-0.04021170704291784	10473108253681171589
NA19044	0.06916152085889185	0.016848110288013904	10473108253681171589
NA19046	0.03111296383594779	-0.011513995234368602	10473108253681171589
NA19054	-0.015229961007476324	-4.789670811852345E-4	10473108253681171589
NA19055	-0.02956223141307644	0.005051005526434009	10473108253681171589
NA19056	5.884478309088923E-4	-0.001420501259614609	10473108253681171589
NA19057	-0.0016426492962652536	-0.0033469335936913646	10473108253681171589
NA19058	-0.019643298273026834	0.007006214057320257	10473108253681171589
NA19059	-0.027918875895142414	0.003054125450023575	10473108253681171589
NA19060	-0.026490881650254275	-0.0010872702847698895	10473108253681171589
NA19062	7.255566585736547E-4	-0.007189328222108239	10473108253681171589
NA19063	-0.025296280342853913	-0.0011407824450187776	10473108253681171589
NA19064	-0.025148894147525965	-0.0024341756120714944	10473108253681171589
NA19065	-0.025411457300117637	-0.002385637048313277	10473108253681171589
NA19066	-0.025146845779431708	0.009661337625255569	10473108253681171589
NA19067	-0.029254537047639705	0.001754901132594243	10473108253681171589
NA19068	0.003914591536384788	-0.014132776740494226	10473108253681171589
NA19070	0.003958005467822276	-0.014126281921013294	10473108253681171589
NA19072	-0.029926900279054786	0.005150520805936461	10473108253681171589
NA19074	0.0011032156133842486	0.004199851301991496	10473108253681171589
NA19075	-0.02647909094597034	0.01183099288038852	10473108253681171589
NA19076	-0.027796205418149426	0.001611356746772331	10473108253681171589
NA19077	-0.021749042588635227	0.00856380317857623	10473108253681171589
NA19078	-0.0013298749040599775	-0.008231355747431791	10473108253681171589
NA19079	-0.02922085227622339	0.0017555204862142084	10473108253681171589
NA19080	-0.02956223141307644	0.005051005526434009	10473108253681171589
NA19081	-0.019649378064919263	0.007009811292973345	10473108253681171589
NA19082	-0.02744122003604717	0.0015381202026361392	10473108253681171589
NA19083	-0.0273371323967546	0.0052233141260472115	10473108253681171589
NA19084	0.007525430088865701	-0.009916223931886022	10473108253681171589
NA19085	-0.01683115125151545	0.012710573635780672	10473108253681171589
NA19087	-0.026319645653543874	0.011742392691667974	10473108253681171589
NA19088	-0.030339840707873177	0.015909851099896632	10473108253681171589
NA19093	0.05485998714671937	0.04747476144569995	10473108253681171589
NA19095	0.06710760182006509	0.0349869544005033	10473108253681171589
NA19096	0.07396956489733107	0.004834838606932198	10473108253681171589
NA19098	-0.021166737205608195	0.0035845404077274722	10473108253681171589
NA19099	-0.003591136552492571	-0.031703781028684104	10473108253681171589
NA19102	0.004697317816951276	-0.03612768326227518	10473108253681171589
NA19107	0.07475856707566254	0.008879639985424027	10473108253681171589
NA19108	0.04254982773088121	-0.0538622514663122	10473108253681171589
NA19113	0.031816765346798496	-0.03684968029230151	10473108253681171589
NA19114	0.03959171567180409	-0.03928573175509233	10473108253681171589
NA19116	0.002823011946913788	0.006064231314481821	10473108253681171589
NA19117	0.04193242930201387	-0.08267685870900417	10473108253681171589
NA19118	0.00959343160981057	-0.04467798232711298	10473108253681171589
NA19119	0.06593591370337346	0.010985325116671045	10473108253681171589
NA19121	0.0029132019246296587	-0.02054530474618514	10473108253681171589
NA19129	0.045946652369614274	-0.06286925885013123	10473108253681171589
NA19130	0.003544382340374609	-0.04260052432696025	10473108253681171589
NA19131	0.029299140560922865	-0.0364817811742039	10473108253681171589
NA19137	0.06415282992140652	0.04183097538738485	10473108253681171589
NA19138	0.03844451078741247	-0.05676998733060526	10473108253681171589
NA19146	0.024027899405329702	-0.05729357587054366	10473108253681171589
NA19147	-0.0019558799327258373	-0.0350311598616076	10473108253681171589
NA19149	0.022723418190426992	-0.05593074207001376	10473108253681171589
NA19150	0.06796095105188761	0.023024855928669465	10473108253681171589
NA19152	0.05032697496120682	0.05638449764329254	10473108253681171589
NA19160	0.025412930036229398	-0.06246343097760622	10473108253681171589
NA19171	0.06654374651652584	0.03803959650894523	10473108253681171589
NA19172	0.005426628641922382	-0.015866031286867577	10473108253681171589
NA19175	0.013030948251903467	-0.030103839256557744	10473108253681171589
NA19185	0.009941071752841448	-0.02136671122425267	10473108253681171589
NA19189	-0.002869929346679092	-0.008015791778782316	10473108253681171589
NA19190	0.03527458014707151	-0.0453819880299812	10473108253681171589
NA19197	0.03328753116677027	-0.06718195049298245	10473108253681171589
NA19198	0.04323710315324414	0.055200147121969474	10473108253681171589
NA19200	0.03930591683630915	-0.07824833250461628	10473108253681171589
NA19204	0.01688214265291445	-0.0147096754909215	10473108253681171589
NA19207	0.06961750564444118	0.03581127851637731	10473108253681171589
NA19209	0.038647473577886386	-0.08986258137926639	10473108253681171589
NA19213	0.038513195944533694	-0.06153245617755376	10473108253681171589
NA19222	0.024918994009087824	-0.05000076963413133	10473108253681171589
NA19223	-0.0019508722828520755	-0.033642799109213424	10473108253681171589
NA19225	0.023178694595487263	-0.06328725147098209	10473108253681171589
NA19235	0.034296406557495995	-0.050728657896344204	10473108253681171589
NA19236	0.042735754155501494	-0.0425856404183633	10473108253681171589
NA19247	0.05342796382291357	-0.042551270936553365	10473108253681171589
NA19248	0.041767796986244186	-0.05704386057155903	10473108253681171589
NA19256	0.053066167470896666	0.02294984999786841	10473108253681171589
NA19257	0.04506516232298504	0.02857958384455952	10473108253681171589
NA19307	0.07397008845255743	0.01007126116830412	10473108253681171589
NA19308	0.036801554139191235	-0.08442500487835548	10473108253681171589
NA19309	0.03372253380341167	-0.08615517236511575	10473108253681171589
NA19310	0.07612478075160306	0.01914826317089379	10473108253681171589
NA19311	0.012669021229948728	-0.04235266234654386	10473108253681171589
NA19312	0.02956022170675933	-0.08023590204242033	10473108253681171589
NA19313	0.012686526624756557	-0.001555750453060601	10473108253681171589
NA19315	0.03758775981377512	-0.05302805782639182	10473108253681171589
NA19316	0.07776392203316483	0.004261987951359631	10473108253681171589
NA19317	0.048070082214361744	-0.07849180033653312	10473108253681171589
NA19318	0.05708958014494465	0.03973607434675715	10473108253681171589
NA19319	0.03222872552141406	-0.08721608893890453	10473108253681171589
NA19321	0.03410528195894754	-0.02564887066493901	10473108253681171589
NA19324	0.036862011796935504	-0.05916521349204519	10473108253681171589
NA19327	0.034296406557495995	-0.050728657896344204	10473108253681171589
NA19328	0.011516004647405039	-0.044871547407270305	10473108253681171589
NA19331	0.037773054374620876	-0.047309975751908304	10473108253681171589
NA19332	0.06975942405412747	0.011834883287358497	10473108253681171589
NA19334	0.02213965916942118	-0.06021560064504461	10473108253681171589
NA19338	0.04584196039424022	-0.08827122699021576	10473108253681171589
NA19346	0.02784481672153716	-0.08143474277998008	10473108253681171589
NA19347	0.03956136508003188	-0.029490179755222817	10473108253681171589
NA19350	0.019877730511755284	-0.03800892599883799	10473108253681171589
NA19351	0.0029092261873714907	-0.0377930755073088	10473108253681171589
NA19352	0.04054760286078818	-0.029715023730451085	10473108253681171589
NA19355	0.06926548225652526	0.020395507260935024	10473108253681171589
NA19359	0.03181473106823121	-0.03693437875778041	10473108253681171589
NA19360	0.01120081721600206	-0.016393227277918608	10473108253681171589
NA19371	0.029577083020913827	-0.06495412354002662	10473108253681171589
NA19372	0.06579200450665433	0.038662321784430874	10473108253681171589
NA19373	0.07363602914450516	0.029901420793822416	10473108253681171589
NA19374	0.07363602914450516	0.029901420793822416	10473108253681171589
NA19375	0.06961090354548172	0.012136260992424194	10473108253681171589
NA19376	0.029111469562080796	-0.05021539628699719	10473108253681171589
NA19377	0.03410883523892141	-0.03910335931973779	10473108253681171589
NA19379	0.021390134808703106	-0.05677086869295206	10473108253681171589
NA19380	0.04062234765368779	-0.06278361381290393	10473108253681171589
NA19381	0.019087575619889743	-0.012935112132806851	10473108253681171589
NA19382	0.04838612840109895	-0.046269170334132005	10473108253681171589
NA19383	-0.019471941849443505	0.004572397441184992	10473108253681171589
NA19384	0.019175286056694343	-0.009378425456059927	10473108253681171589
NA19385	0.018554752263136062	0.005434071404229058	10473108253681171589
NA19390	0.031143088301450197	-0.04966016426564822	10473108253681171589
NA19391	0.032226747064927765	-0.0655167338076544	10473108253681171589
NA19393	0.07787174690486182	0.004324018645058044	10473108253681171589
NA19394	0.027153791859363043	-0.06098438187898357	10473108253681171589
NA19395	0.03283978721284883	-0.06091721221690977	10473108253681171589
NA19396	0.014066034041893605	-0.04113463018335215	10473108253681171589
NA19397	0.03550930724195754	-0.048091740601694875	10473108253681171589
NA19398	0.043069167402855914	-0.059964655161876955	10473108253681171589
NA19399	0.025428527514814104	-0.022865784743118366	10473108253681171589
NA19401	0.003653288998431612	0.004901783636623249	10473108253681171589
NA19403	0.007357441276310489	-0.013047921674190437	10473108253681171589
NA19404	0.03708053066737556	-0.05659055883871243	10473108253681171589
NA19428	0.04722584845156864	-0.03919263388287854	10473108253681171589
NA19429	-0.002767690165489317	-0.03312924020166418	10473108253681171589
NA19430	0.04795181039703542	-0.03817418526269003	10473108253681171589
NA19431	0.03239023793877212	-0.06460196317207254	10473108253681171589
NA19434	0.03193649451450215	-0.04812284569137055	10473108253681171589
NA19435	0.06669428256599094	0.0259885350897158	10473108253681171589
NA19436	0.0453235642321088	-0.034290011018285944	10473108253681171589
NA19437	0.053098877963623684	-0.057325480236971794	10473108253681171589
NA19438	0.021504302125615344	-0.053321233963478355	10473108253681171589
NA19439	0.033986911781529225	-0.07620384851422492	10473108253681171589
NA19440	0.047225994320448245	-0.03707388570524281	10473108253681171589
NA19443	0.02392345454004069	-0.03943351984116907	10473108253681171589
NA19444	0.016378852791213313	-0.013067518588904559	10473108253681171589
NA19445	0.050323864697354184	-0.04246460423405829	10473108253681171589
NA19446	0.04072236328911979	-0.07598306873965122	10473108253681171589
NA19448	0.06502094171494369	0.040498478649470905	10473108253681171589
NA19449	0.05161790811402204	-0.02470239352915119	10473108253681171589
NA19451	0.05124602338357978	-0.04096929709629317	10473108253681171589
NA19452	0.04840937043469106	-0.039252568139216404	10473108253681171589
NA19453	0.0373391328414767	-0.05640892231498247	10473108253681171589
NA19455	0.01826256899167569	-0.01489486320443579	10473108253681171589
NA19456	0.035497724971057645	-0.09001222649563671	10473108253681171589
NA19457	0.066336535373912	0.00413830906308152	10473108253681171589
NA19461	0.03363656685907678	-0.04981384156018999	10473108253681171589
NA19462	0.0443191397700043	-0.06788936390353108	10473108253681171589
NA19463	0.03372903113386845	-0.0550933441539844	10473108253681171589
NA19466	0.02952211698991537	-0.02672879674615156	10473108253681171589
NA19467	0.03510743909036582	-0.08776069900416529	10473108253681171589
NA19468	0.04009823643282571	-0.059298315031281155	10473108253681171589
NA19469	0.023684145280208867	-0.01169475065064607	10473108253681171589
NA19470	0.02279048714156669	-0.013095605232150968	10473108253681171589
NA19471	0.04367834930974594	-0.07386222195203826	10473108253681171589
NA19472	0.07271410724996465	0.027439599874390198	10473108253681171589
NA19473	0.035497724971057645	-0.09001222649563671	10473108253681171589
NA19474	0.0020121311046853553	-0.006067297933252034	10473108253681171589
NA19625	-0.006097152678174459	-0.009572492615082435	10473108253681171589
NA19648	0.01902298866258758	0.06537102834472897	10473108253681171589
NA19651	-0.017677440187152532	-0.008286504871692227	10473108253681171589
NA19652	-0.0191683368445537	0.004582122018671315	10473108253681171589
NA19654	0.005680376259911439	-0.012251719691064573	10473108253681171589
NA19655	0.0394616739336026	0.057818714970964614	10473108253681171589
NA19657	-0.02672097139095463	0.0052842511354518175	10473108253681171589
NA19660	0.021400001929255705	0.061886398343525564	10473108253681171589
NA19661	0.0394616739336026	0.057818714970964614	10473108253681171589
NA19663	-0.025457285369761568	-0.0025103959075986173	10473108253681171589
NA19664	-0.019638209522465602	0.005087401217250618	10473108253681171589
NA19672	0.021567758420838738	0.06196591428809136	10473108253681171589
NA19675	0.007220382533983052	-0.021921200896676388	10473108253681171589
NA19676	-0.029586824669781592	0.0018191415899806369	10473108253681171589
NA19678	0.010945661152058729	-0.02675761884472695	10473108253681171589
NA19679	-0.030339840707873177	0.015909851099896632	10473108253681171589
NA19681	0.017581795624281603	0.06866740648514588	10473108253681171589
NA19682	-0.029480187911163403	0.0021660061958069243	10473108253681171589
NA19684	0.022527522920415616	0.06368492654777004	10473108253681171589
NA19685	0.04431973442746847	0.06059070730553735	10473108253681171589
NA19700	-0.004048886170747732	-0.005548439339760491	10473108253681171589
NA19701	-0.00609274139399271	-0.008536407705350172	10473108253681171589
NA19703	0.050003482186835424	-0.009862511290643462	10473108253681171589
NA19704	0.012425409953056892	-0.038064066072289994	10473108253681171589
NA19707	0.0043432721696530525	-0.03934963523606407	10473108253681171589
NA19711	0.0023184322548703267	-0.03474866204251459	10473108253681171589
NA19712	-0.0069303714158761	-0.016853235129863597	10473108253681171589
NA19713	0.007946842353253096	-0.008059283089904673	10473108253681171589
NA19716	0.062292324490766236	0.054599331571300036	10473108253681171589
NA19717	-0.025472528108273124	-0.0023953780483617097	10473108253681171589
NA19719	-0.029334761898179938	0.0018876257409965998	10473108253681171589
NA19720	0.008742618427976386	-0.028847904582884946	10473108253681171589
NA19722	-0.02644614362988504	-0.0022028644768761437	10473108253681171589
NA19723	-0.024738286130995036	-0.002377484031793587	10473108253681171589
NA19725	0.004592441654543679	-0.00400645035153199	10473108253681171589
NA19726	0.004456205105609142	-0.01244985159142661	10473108253681171589
NA19728	-0.02928364205500089	0.0017662855128150739	10473108253681171589
NA19729	-0.025148894147525965	-0.0024341756120714944	10473108253681171589
NA19731	-0.026796025491533405	0.001142376777654629	10473108253681171589
NA19732	-0.025262803769482426	-0.002302070357289115	10473108253681171589
NA19734	-0.025876391978072982	-0.002834689014536797	10473108253681171589
NA19735	-0.022059821756538596	0.0019271608442648243	10473108253681171589
NA19737	-0.02820783558366289	0.01257968553180318	10473108253681171589
NA19738	-0.02581987859311977	-2.8046970207674216E-4	10473108253681171589
NA19740	-0.025060993753918626	0.012004256658998035	10473108253681171589
NA19741	0.03486433584751823	0.0594020703008607	10473108253681171589
NA19746	-0.026129547687506447	-0.002200928877038431	10473108253681171589
NA19747	-0.004806256895583136	-0.03493372197850283	10473108253681171589
NA19749	0.010125167466973348	-0.009858803738422737	10473108253681171589
NA19750	-0.028839648736907388	0.0018553685084062496	10473108253681171589
NA19752	0.00440338871911234	-0.001073638218124005	10473108253681171589
NA19753	-0.025148894147525965	-0.0024341756120714944	10473108253681171589
NA19755	-0.02815031082304391	0.011428804215481862	10473108253681171589
NA19756	-0.028698533558033465	0.0018174577861591404	10473108253681171589
NA19758	0.0034755515656287065	-0.012216604856393561	10473108253681171589
NA19759	-0.029334761898179938	0.0018876257409965998	10473108253681171589
NA19761	-0.005457559007217331	-0.03529627666981097	10473108253681171589
NA19762	-0.025262803769482426	-0.002302070357289115	10473108253681171589
NA19764	-0.01566730776063541	0.0067156634268563335	10473108253681171589
NA19770	0.016735767006474462	0.056775166747979104	10473108253681171589
NA19771	-0.005658197776728352	-0.010176099868047125	10473108253681171589
NA19773	-0.00756119988303943	-0.014135507373744579	10473108253681171589
NA19774	0.04434147008140917	0.06038937598559884	10473108253681171589
NA19776	0.02327810799708312	0.06641598904532253	10473108253681171589
NA19777	0.02750066941510168	-0.08067791914114361	10473108253681171589
NA19779	0.027154791172037004	-0.03366981842831262	10473108253681171589
NA19780	-8.475394698963776E-4	-0.03407709833672235	10473108253681171589
NA19782	0.04670811759696575	0.0580583491083767	10473108253681171589
NA19783	-0.002400424650541622	0.0059212451002673295	10473108253681171589
NA19785	-0.028769820939761295	0.0018038703182578846	10473108253681171589
NA19786	-0.02023758160869239	-9.789797465248268E-6	10473108253681171589
NA19788	-0.026165131909366545	-0.0020959693179022896	10473108253681171589
NA19789	0.004561136910672896	-0.02251580831699432	10473108253681171589
NA19794	-0.02601165913982774	-1.4409777278301657E-4	10473108253681171589
NA19795	-0.021087040856479847	0.001541039867197144	10473108253681171589
NA19818	0.03946489059045452	-0.08389091985656537	10473108253681171589
NA19819	0.002809161794385799	-0.03293078882045365	10473108253681171589
NA19834	0.03697789066805459	0.03878225872235714	10473108253681171589
NA19835	0.05704757907838441	-0.04311606863358327	10473108253681171589
NA19900	0.06653210724786046	0.03821261824541265	10473108253681171589
NA19901	-0.02137338343893927	-0.0028402064812994682	10473108253681171589
NA19904	0.005757974146204126	-0.004606555391989321	10473108253681171589
NA19908	0.02426939558813308	-0.03773366346879564	10473108253681171589
NA19909	-0.0017990765517897106	-0.03305633302721732	10473108253681171589
NA19914	0.0351025042479006	-0.08905370867672861	10473108253681171589
NA19916	-0.0019508722828520755	-0.033642799109213424	10473108253681171589
NA19917	0.02709425287327006	-0.06078100946663348	10473108253681171589
NA19920	-0.004983320659250675	-0.01390834493930848	10473108253681171589
NA19921	0.003712271119999813	0.0037979728454329733	10473108253681171589
NA19922	0.03639501297301306	-0.04465811496956474	10473108253681171589
NA19923	0.07528710851850504	0.01225966748502338	10473108253681171589
NA19982	0.07144293828785873	0.011364190350924064	10473108253681171589
NA19984	0.024647932266692006	-0.05566228877836249	10473108253681171589
NA19985	0.04694739104341208	0.040689125812548715	10473108253681171589
NA20126	-0.0031283448641772093	-0.02746495789495413	10473108253681171589
NA20127	0.015638958578773447	-0.039456485823098186	10473108253681171589
NA20276	-0.029204684069226383	0.009009479837690997	10473108253681171589
NA20278	0.004318191491144109	-0.03350946925552713	10473108253681171589
NA20281	0.0015395722275626112	-0.0052565248835936525	10473108253681171589
NA20282	-0.02218129497724842	0.002747854555256144	10473108253681171589
NA20287	-0.01182302069109495	-0.013867833129467098	10473108253681171589
NA20289	0.004303855171474793	-0.0030706267358627786	10473108253681171589
NA20291	0.025343288984363933	-0.053884868437571856	10473108253681171589
NA20294	-5.827255300388623E-4	-0.032743796094507976	10473108253681171589
NA20296	0.005204547690143944	-0.017800485326251243	10473108253681171589
NA20298	0.02927815094044351	-0.03533765605353411	10473108253681171589
NA20299	-0.025262803769482426	-0.002302070357289115	10473108253681171589
NA20314	-0.025452076762306607	-0.002381319534905914	10473108253681171589
NA20317	0.07261382815483672	0.010818273631553172	10473108253681171589
NA20322	0.033941324722738274	-0.0509459516458614	10473108253681171589
NA20332	3.014911555436447E-4	-0.013430932687710104	10473108253681171589
NA20334	-0.0023569942383903676	-0.00788251328692151	10473108253681171589
NA20336	0.001753314438203277	-0.004561475917497254	10473108253681171589
NA20339	0.01580464060754319	-0.011289690917493779	10473108253681171589
NA20340	-0.005407768733522278	0.008046158881738258	10473108253681171589
NA20341	0.00417778175764775	-0.0029875550666128236	10473108253681171589
NA20342	0.07679867975363182	0.031801601229430265	10473108253681171589
NA20344	0.02859647225825314	-0.06504089052370064	10473108253681171589
NA20346	0.025244295757407473	-0.06002188569426896	10473108253681171589
NA20348	0.026622530884094976	-0.009085991578124952	10473108253681171589
NA20351	0.03643091918309417	-0.0910927902629777	10473108253681171589
NA20356	0.021449247887327095	0.026151441625087583	10473108253681171589
NA20357	0.010353738695700962	-0.02274079099250868	10473108253681171589
NA20359	5.820688868598007E-4	-0.007548920069304116	10473108253681171589
NA20363	0.016552124844265874	-0.04159640640871842	10473108253681171589
NA20412	-0.008392171523430794	-0.01386720902523936	10473108253681171589
NA20414	0.004332726300413098	-0.001215747433557776	10473108253681171589
NA20502	0.039139143635211225	0.06416109572883896	10473108253681171589
NA20503	0.04872342463570807	0.04903992644478857	10473108253681171589
NA20504	0.010111720434574442	-0.009671398624940021	10473108253681171589
NA20505	-0.024689990171142175	-0.0022329515379931894	10473108253681171589
NA20506	-0.016803268778047335	0.0027173586893538184	10473108253681171589
NA20507	0.0013234026541897677	-0.0336986584491306	10473108253681171589
NA20508	-0.026313200157084545	0.011751730281264047	10473108253681171589
NA20509	0.009958421781669212	-0.009545892412164306	10473108253681171589
NA20510	0.00583895670282649	-0.012089965043657409	10473108253681171589
NA20512	0.001066631942529136	-0.035423745779418904	10473108253681171589
NA20513	0.011963201668866282	-0.009165640209467831	10473108253681171589
NA20515	-0.024626575429336054	-0.0023722383121265464	10473108253681171589
NA20516	0.06171033030781986	0.035672507403258114	10473108253681171589
NA20517	-0.027488703673458546	0.009000088397677979	10473108253681171589
NA20518	-0.02896934606216177	0.002928920882956724	10473108253681171589
NA20519	-0.009622838164263155	-0.00639387393368157	10473108253681171589
NA20520	0.04154609054429985	0.0546508896537517	10473108253681171589
NA20521	0.07220728103375082	0.03788503037529739	10473108253681171589
NA20522	-0.030339840707873177	0.015909851099896632	10473108253681171589
NA20524	1.9410248364548827E-4	-0.004396016593734135	10473108253681171589
NA20525	-0.02765548356792317	0.017122454550929606	10473108253681171589
NA20527	0.015982348262585145	-0.009493964763388794	10473108253681171589
NA20528	0.004570706000602918	-0.003805119031593489	10473108253681171589
NA20529	-0.020020412469291118	0.006394931593696257	10473108253681171589
NA20530	0.05371937227747606	0.04323476128416088	10473108253681171589
NA20531	-0.030477394080935038	0.016341105796741653	10473108253681171589
NA20532	0.025677097464910596	0.06390970969121246	10473108253681171589
NA20533	0.025139785665130848	0.06241300984004657	10473108253681171589
NA20534	-0.02463795695310385	-0.002227789047467038	10473108253681171589
NA20535	-0.004796897132679236	-0.034762920744578645	10473108253681171589
NA20536	-0.016655694248717615	-0.0023036163076397115	10473108253681171589
NA20537	8.138509381031213E-4	-0.03509884373793504	10473108253681171589
NA20538	-0.02103205986678117	0.0071273755132427044	10473108253681171589
NA20539	-0.020864898199856874	0.0066476637384938935	10473108253681171589
NA20540	0.02271007334167197	0.06434561812227849	10473108253681171589
NA20541	-0.02886569522495774	0.0022971695609079732	10473108253681171589
NA20542	0.04002661489202125	0.05773495954822589	10473108253681171589
NA20543	-0.027046353652200032	0.009518548437466481	10473108253681171589
NA20544	0.03598187245256516	0.04144568237694739	10473108253681171589
NA20581	-0.00624344865932796	0.005526579220869007	10473108253681171589
NA20582	0.0059630419436601505	-0.04003914940419244	10473108253681171589
NA20585	-0.004703345055974568	-0.03530078291493275	10473108253681171589
NA20586	-0.02318390558923598	0.01289824039171866	10473108253681171589
NA20588	-0.028769820939761295	0.0018038703182578846	10473108253681171589
NA20589	0.022642752038409084	0.06666303729576742	10473108253681171589
NA20752	-0.025226071735628974	0.004810219813399885	10473108253681171589
NA20753	-0.00990152330831313	-0.005435285078918619	10473108253681171589
NA20754	0.018266158517891953	0.058860595346540326	10473108253681171589
NA20755	0.014091414184269957	-0.007943458862885267	10473108253681171589
NA20756	-0.028241379517503613	0.012217665505982658	10473108253681171589
NA20757	-0.01947796860485601	0.004574745070155639	10473108253681171589
NA20758	-0.025416951726236075	0.009824855250195542	10473108253681171589
NA20759	-0.026088661939399484	0.008708481291247	10473108253681171589
NA20760	0.04009790227374912	0.057748547016127236	10473108253681171589
NA20761	-0.008640875725399585	6.325196759058853E-4	10473108253681171589
NA20765	-0.029039912694886514	0.005112942826378956	10473108253681171589
NA20766	-0.02416467555363544	0.01208022672919263	10473108253681171589
NA20768	-0.02415516037676603	0.010595392718582824	10473108253681171589
NA20769	-0.028915246952744837	0.0020822507730682317	10473108253681171589
NA20770	-0.024157198665663286	0.012074027500644013	10473108253681171589
NA20771	0.019420229304626786	0.07114546166825118	10473108253681171589
NA20772	0.0035710156721718705	-0.006505191755710012	10473108253681171589
NA20773	-0.027427833437032985	4.569649909563001E-4	10473108253681171589
NA20774	-0.026298843558672028	0.011699467912576509	10473108253681171589
NA20775	-0.019617367862427022	0.0048507778959953245	10473108253681171589
NA20778	-0.027638723725916556	0.009269990609900823	10473108253681171589
NA20783	0.02309919510640992	0.06341335132260906	10473108253681171589
NA20785	0.009936686127728446	-0.009344561092225853	10473108253681171589
NA20786	-0.02756036029095524	0.016499170133419356	10473108253681171589
NA20787	0.07217661545996908	0.013469818541698705	10473108253681171589
NA20790	0.022553066127199355	0.06374066427875326	10473108253681171589
NA20792	0.01783460651691296	0.0720934045397215	10473108253681171589
NA20795	0.015805630131783134	0.07092982811018701	10473108253681171589
NA20796	0.0412168439107066	0.05475743193815275	10473108253681171589
NA20797	0.0088464453416984	-0.013886660520992963	10473108253681171589
NA20798	-0.020375620871550017	0.010229835354252377	10473108253681171589
NA20799	-0.005154627232160043	-0.03011879593998868	10473108253681171589
NA20800	0.0426394542911889	-0.050815521114403205	10473108253681171589
NA20801	-0.027941539301127895	0.006402930826679275	10473108253681171589
NA20802	0.06387214572259309	0.04505752337476601	10473108253681171589
NA20803	-0.0253683664117657	0.011540092863610654	10473108253681171589
NA20804	0.017581733006724085	0.06070542707640528	10473108253681171589
NA20805	-0.018899375669547025	0.004336114217340882	10473108253681171589
NA20806	-0.02798932489472242	0.0018744809875937552	10473108253681171589
NA20807	0.005972982456151413	-0.0200064021352241	10473108253681171589
NA20808	-0.023181587878902704	0.010293590579098975	10473108253681171589
NA20809	0.0032624643916824773	-0.004372830063026832	10473108253681171589
NA20810	0.01815477742203898	-0.013063241280991823	10473108253681171589
NA20811	-0.004703345055974568	-0.03530078291493275	10473108253681171589
NA20812	0.004592441654543679	-0.00400645035153199	10473108253681171589
NA20813	-0.014071813126699579	-0.0024851803998964936	10473108253681171589
NA20814	0.04564595129631178	0.05902654218506889	10473108253681171589
NA20815	-0.019534731628221027	0.004583162467785851	10473108253681171589
NA20816	0.04462359320898966	0.054785296889492865	10473108253681171589
NA20818	-0.028916055628026748	0.002705235222847662	10473108253681171589
NA20819	0.04464533172844945	0.06043559001370318	10473108253681171589
NA20826	0.0426394542911889	-0.050815521114403205	10473108253681171589
NA20828	0.01529968026586791	-0.010407322232994856	10473108253681171589
NA21313	0.01017914970280737	-0.04340356285712525	10473108253681171589
