HG00096	0.03331131189701577	-0.03336723597534355	10473108253681171589
HG00097	0.03331131189701577	-0.03336723597534355	10473108253681171589
HG00099	-0.016339246601279365	-0.01272854844496863	10473108253681171589
HG00100	-0.018539055965861376	-0.012712647825400207	10473108253681171589
HG00101	-0.009689177269556724	-0.01622710219550406	10473108253681171589
HG00102	-0.014423692125818304	-0.013076823215028954	10473108253681171589
HG00103	0.02778659692357221	-0.015467340919591982	10473108253681171589
HG00104	-0.018539055965861376	-0.012712647825400207	10473108253681171589
HG00106	-0.012175087485670638	0.061845613972552865	10473108253681171589
HG00108	0.0317400316520935	0.037634462031252716	10473108253681171589
HG00109	0.03188299263513538	-0.016075920412520654	10473108253681171589
HG00110	0.03438371246875427	-0.03352942747285524	10473108253681171589
HG00111	0.026273339084515603	0.052899525386867596	10473108253681171589
HG00112	-0.014915445270688115	-0.013537277977587537	10473108253681171589
HG00113	-0.014387336250657466	-0.012885162259804291	10473108253681171589
HG00114	-0.014915445270688115	-0.013537277977587537	10473108253681171589
HG00116	0.02778659692357221	-0.015467340919591982	10473108253681171589
HG00117	-0.017049948033859428	-0.01146733706046089	10473108253681171589
HG00118	-0.01533600316864551	-0.022791677097802183	10473108253681171589
HG00119	0.029934111191517312	-0.02377280729434648	10473108253681171589
HG00120	0.02671419635183355	-0.01530514942208011	10473108253681171589
HG00121	0.033684488696603426	0.030138908784872534	10473108253681171589
HG00122	-0.020421250320865447	0.05343650109379079	10473108253681171589
HG00123	0.03438371246875427	-0.03352942747285524	10473108253681171589
HG00124	0.031767550481984416	0.049940714964869265	10473108253681171589
HG00125	-0.056955624583425284	-8.776122338998724E-4	10473108253681171589
HG00126	0.03331131189701577	-0.03336723597534355	10473108253681171589
HG00127	0.026273339084515603	0.052899525386867596	10473108253681171589
HG00128	-0.00671365228967302	-0.026193658736289892	10473108253681171589
HG00129	0.022273577310601065	-0.002898870966525736	10473108253681171589
HG00130	0.03188299263513538	-0.016075920412520654	10473108253681171589
HG00131	0.021087089141229632	0.06655720569653875	10473108253681171589
HG00133	0.03331131189701577	-0.03336723597534355	10473108253681171589
HG00134	0.03066763108035486	0.037796653528764455	10473108253681171589
HG00135	-0.015482656861251295	-0.02645450427445547	10473108253681171589
HG00136	-0.0087699085599454	-0.02710678498946458	10473108253681171589
HG00137	0.033489036310350315	-0.0338187567867393	10473108253681171589
HG00138	-0.01992446286135987	0.05822454164104777	10473108253681171589
HG00139	0.025043031736172484	-0.01345797598350024	10473108253681171589
HG00140	-0.014938983853916442	0.049273856878744214	10473108253681171589
HG00141	0.029934111191517312	-0.02377280729434648	10473108253681171589
HG00142	-0.020227082623990297	-0.012476845786956065	10473108253681171589
HG00143	-0.014927556283903937	0.04928358469964	10473108253681171589
HG00146	0.025087425563922135	-0.013539097191502564	10473108253681171589
HG00148	0.025043031736172484	-0.01345797598350024	10473108253681171589
HG00149	0.03439698146606874	-0.0336221589005663	10473108253681171589
HG00150	0.03442810629650382	-0.03361054868085722	10473108253681171589
HG00151	0.03331131189701577	-0.03336723597534355	10473108253681171589
HG00152	0.02778659692357221	-0.015467340919591982	10473108253681171589
HG00154	0.026344981044433172	0.05551143894987335	10473108253681171589
HG00155	-0.05694943788869512	-8.276524413046348E-4	10473108253681171589
HG00156	0.025043031736172484	-0.01345797598350024	10473108253681171589
HG00158	0.02778659692357221	-0.015467340919591982	10473108253681171589
HG00159	0.026379683567134018	0.055467505728458655	10473108253681171589
HG00160	0.026379683567134018	0.055467505728458655	10473108253681171589
HG00171	0.03438371246875427	-0.03352942747285524	10473108253681171589
HG00173	0.026273339084515603	0.052899525386867596	10473108253681171589
HG00174	0.031236060499778007	0.04519660763902717	10473108253681171589
HG00176	0.02671419635183355	-0.01530514942208011	10473108253681171589
HG00177	-0.018539055965861376	-0.012712647825400207	10473108253681171589
HG00178	-0.016737723841403096	-0.013454122743141015	10473108253681171589
HG00179	0.026273339084515603	0.052899525386867596	10473108253681171589
HG00180	-0.05691200492481013	0.0036362823543340476	10473108253681171589
HG00182	-0.01823643620323092	0.05798873960260347	10473108253681171589
HG00183	-0.017049948033859428	-0.01146733706046089	10473108253681171589
HG00185	0.03441104561417915	-0.03360688891018641	10473108253681171589
HG00186	0.027345739656254232	0.05273733388935592	10473108253681171589
HG00187	0.03331131189701577	-0.03336723597534355	10473108253681171589
HG00188	0.025776551625010063	0.04811148483961065	10473108253681171589
HG00189	-0.008764840905533854	-0.02713784044419245	10473108253681171589
HG00190	0.025776551625010063	0.04811148483961065	10473108253681171589
HG00231	0.02833806012875069	0.049194604107038215	10473108253681171589
HG00232	0.02778659692357221	-0.015467340919591982	10473108253681171589
HG00233	-0.020227082623990297	-0.012476845786956065	10473108253681171589
HG00234	-0.05691200492481013	0.0036362823543340476	10473108253681171589
HG00235	0.019060179452347524	0.066856122920323	10473108253681171589
HG00236	-0.05636658683493986	-4.312504179809557E-4	10473108253681171589
HG00237	-0.017049948033859428	-0.01146733706046089	10473108253681171589
HG00238	0.03444295250890815	-0.03364654881096676	10473108253681171589
HG00239	-0.013843044698949453	-0.013699469475099247	10473108253681171589
HG00240	0.025696007509690644	-0.014372184852286106	10473108253681171589
HG00242	-0.018494662138111705	-0.01279376903340244	10473108253681171589
HG00243	0.03100651176325588	-0.023934998791858012	10473108253681171589
HG00244	-0.02372530590914739	9.450324842708738E-4	10473108253681171589
HG00245	-0.058643651241554205	-6.418101954556263E-4	10473108253681171589
HG00246	-0.058643651241554205	-6.418101954556263E-4	10473108253681171589
HG00247	-0.05588322401168684	-0.0010398037314115409	10473108253681171589
HG00249	-0.01626566908039981	0.056907060555326676	10473108253681171589
HG00250	-0.018539055965861376	-0.012712647825400207	10473108253681171589
HG00251	0.021622452961903488	0.0738004397178866	10473108253681171589
HG00252	-0.025392873891529607	0.001267662712740193	10473108253681171589
HG00253	0.026848952196748654	0.04794929334209893	10473108253681171589
HG00254	0.026379683567134018	0.055467505728458655	10473108253681171589
HG00255	0.02778659692357221	-0.015467340919591982	10473108253681171589
HG00256	0.025043031736172484	-0.01345797598350024	10473108253681171589
HG00257	-0.013647976510516519	-0.02302747913624629	10473108253681171589
HG00258	0.0348004198290175	-0.032121925210404294	10473108253681171589
HG00259	0.028453974638637053	0.061620561612416136	10473108253681171589
HG00260	0.027762447016517613	0.05414483615180683	10473108253681171589
HG00261	-0.020227082623990533	-0.01247684578695668	10473108253681171589
HG00262	-0.018539055965861376	-0.012712647825400207	10473108253681171589
HG00263	-0.012575575938777957	-0.02318967063375809	10473108253681171589
HG00264	0.02783408897643514	0.0567567497148127	10473108253681171589
HG00265	0.025056300733486924	-0.013550707411211423	10473108253681171589
HG00266	0.02611543230791095	-0.013620167481012021	10473108253681171589
HG00267	-0.014915445270688115	-0.013537277977587537	10473108253681171589
HG00268	-0.056821372670839254	-7.249654299021021E-4	10473108253681171589
HG00269	0.026848952196748654	0.04794929334209893	10473108253681171589
HG00270	0.025043031736172484	-0.01345797598350024	10473108253681171589
HG00271	0.03438371246875427	-0.03352942747285524	10473108253681171589
HG00272	-0.01992446286135987	0.05822454164104777	10473108253681171589
HG00273	0.03331131189701577	-0.03336723597534355	10473108253681171589
HG00274	-0.01533600316864551	-0.022791677097802183	10473108253681171589
HG00275	-0.020227082623990297	-0.012476845786956065	10473108253681171589
HG00276	-0.018539055965861376	-0.012712647825400207	10473108253681171589
HG00277	0.03223681911159906	0.042422502578509845	10473108253681171589
HG00278	0.025043031736172484	-0.01345797598350024	10473108253681171589
HG00280	-0.020227082623990297	-0.012476845786956065	10473108253681171589
HG00281	0.03100651176325588	-0.023934998791858012	10473108253681171589
HG00282	-0.058643651241554205	-6.418101954556263E-4	10473108253681171589
HG00284	-0.018539055965861376	-0.012712647825400207	10473108253681171589
HG00285	0.025102271776326335	-0.013575097321611688	10473108253681171589
HG00306	-0.014915445270688115	-0.013537277977587537	10473108253681171589
HG00309	0.0348004198290175	-0.032121925210404294	10473108253681171589
HG00310	-0.014915445270688115	-0.013537277977587537	10473108253681171589
HG00311	0.035872820400756164	-0.03228411670791619	10473108253681171589
HG00312	-0.020421250320865447	0.05343650109379079	10473108253681171589
HG00313	0.026273339084515603	0.052899525386867596	10473108253681171589
HG00315	0.026273339084515603	0.052899525386867596	10473108253681171589
HG00318	0.035872820400756164	-0.03228411670791619	10473108253681171589
HG00319	-0.01992446286135987	0.05822454164104777	10473108253681171589
HG00320	0.02671419635183355	-0.01530514942208011	10473108253681171589
HG00321	0.03331131189701577	-0.03336723597534355	10473108253681171589
HG00323	0.025776551625010063	0.04811148483961065	10473108253681171589
HG00324	0.025043031736172484	-0.01345797598350024	10473108253681171589
HG00325	0.02611543230791095	-0.013620167481012021	10473108253681171589
HG00326	-0.058643651241554205	-6.418101954556263E-4	10473108253681171589
HG00327	-0.018539055965861376	-0.012712647825400207	10473108253681171589
HG00328	0.025043031736172484	-0.01345797598350024	10473108253681171589
HG00329	-0.012548242793353	-0.023267132071089096	10473108253681171589
HG00330	0.03066763108035486	0.037796653528764455	10473108253681171589
HG00331	0.026775282551107418	-0.014698665977153906	10473108253681171589
HG00332	-0.019583561259268946	0.06573696848292636	10473108253681171589
HG00334	-0.013687586181958568	-0.022944504854402702	10473108253681171589
HG00335	0.026273339084515603	0.052899525386867596	10473108253681171589
HG00336	0.027345739656254232	0.05273733388935592	10473108253681171589
HG00337	0.025043031736172484	-0.01345797598350024	10473108253681171589
HG00338	0.026293156721245804	-0.014071688292407689	10473108253681171589
HG00339	0.025043031736172484	-0.01345797598350024	10473108253681171589
HG00341	0.025043031736172484	-0.01345797598350024	10473108253681171589
HG00342	-0.01857866563730337	-0.012629673543556624	10473108253681171589
HG00343	-0.058643651241554205	-6.418101954556263E-4	10473108253681171589
HG00344	0.03331131189701577	-0.03336723597534355	10473108253681171589
HG00345	0.03331131189701577	-0.03336723597534355	10473108253681171589
HG00346	0.03331131189701577	-0.03336723597534355	10473108253681171589
HG00349	-0.013276861203732606	-0.015538192621800114	10473108253681171589
HG00350	0.03136411832877334	0.033824296613714507	10473108253681171589
HG00351	-0.05522723206296221	0.003675115552958219	10473108253681171589
HG00353	0.031011579417667398	-0.023966054246586047	10473108253681171589
HG00355	-0.05687564904964938	0.0038279433095584686	10473108253681171589
HG00356	0.025043031736172484	-0.01345797598350024	10473108253681171589
HG00357	0.02611543230791095	-0.013620167481012021	10473108253681171589
HG00358	0.025043031736172484	-0.01345797598350024	10473108253681171589
HG00359	0.020975733927808556	0.06650784815026259	10473108253681171589
HG00360	0.02772100866951998	0.040615931593230355	10473108253681171589
HG00361	-0.018539055965861376	-0.012712647825400207	10473108253681171589
HG00362	0.029934111191517312	-0.02377280729434648	10473108253681171589
HG00364	0.0220396817866835	0.06635418371499033	10473108253681171589
HG00366	0.03438371246875427	-0.03352942747285524	10473108253681171589
HG00367	-0.013843044698949453	-0.013699469475099247	10473108253681171589
HG00369	0.022003325911522632	0.06616252275976557	10473108253681171589
HG00372	0.025043031736172484	-0.01345797598350024	10473108253681171589
HG00373	-0.018539055965861376	-0.012712647825400207	10473108253681171589
HG00375	0.025087425563922135	-0.013539097191502564	10473108253681171589
HG00376	-0.013827147499535324	-0.013594636709899613	10473108253681171589
HG00377	0.025043031736172484	-0.01345797598350024	10473108253681171589
HG00378	0.022048134499547296	0.06634565665275094	10473108253681171589
HG00381	-0.004993166002644829	-0.01721392384520312	10473108253681171589
HG00382	-0.018539055965861376	-0.012712647825400207	10473108253681171589
HG00383	-0.01765119104249664	0.04982651461540308	10473108253681171589
HG00384	0.025820945452759703	0.04803036363160838	10473108253681171589
HG00403	-0.020227082623990297	-0.012476845786956065	10473108253681171589
HG00404	-0.018539055965861376	-0.012712647825400207	10473108253681171589
HG00406	-0.011483559850198952	-0.014785733329668474	10473108253681171589
HG00407	-0.05648817229874599	-4.5296954940585074E-4	10473108253681171589
HG00418	-0.020227082623990297	-0.012476845786956065	10473108253681171589
HG00419	0.03331131189701577	-0.03336723597534355	10473108253681171589
HG00421	-0.05691200492481013	0.0036362823543340476	10473108253681171589
HG00422	0.026261324006641034	-0.014068979400242054	10473108253681171589
HG00427	-0.018539055965861376	-0.012712647825400207	10473108253681171589
HG00428	0.025043031736172484	-0.01345797598350024	10473108253681171589
HG00436	-0.018539055965861376	-0.012712647825400207	10473108253681171589
HG00437	-0.014326407522202626	-0.01309091616166876	10473108253681171589
HG00442	-0.020227082623990297	-0.012476845786956065	10473108253681171589
HG00443	0.02611543230791095	-0.013620167481012021	10473108253681171589
HG00445	-0.05691200492481013	0.0036362823543340476	10473108253681171589
HG00446	0.025043031736172484	-0.01345797598350024	10473108253681171589
HG00448	-0.05691200492481013	0.0036362823543340476	10473108253681171589
HG00449	-0.05634784539670463	-4.7026601669846347E-4	10473108253681171589
HG00451	-0.053447143075870354	0.003301721319252796	10473108253681171589
HG00452	-0.05636658683493986	-4.312504179809557E-4	10473108253681171589
HG00457	-0.01624196199766381	-0.012742641391608484	10473108253681171589
HG00458	-0.058079427800514595	-1.9561005245610462E-4	10473108253681171589
HG00463	-0.05691200492481013	0.0036362823543340476	10473108253681171589
HG00464	-0.02584021477826563	-0.011952172628116911	10473108253681171589
HG00472	-0.01325400695046399	-0.013253107659180469	10473108253681171589
HG00473	-0.05691200492481013	0.0036362823543340476	10473108253681171589
HG00475	0.03102014847121955	-0.023971133908215474	10473108253681171589
HG00476	-0.0225553203541166	0.05377249557083104	10473108253681171589
HG00478	-0.013647976510516519	-0.02302747913624629	10473108253681171589
HG00479	-0.05691200492481013	0.0036362823543340476	10473108253681171589
HG00500	-0.018539055965861376	-0.012712647825400207	10473108253681171589
HG00501	0.02613918050536095	-0.0151175453426814	10473108253681171589
HG00512	0.026059830110638588	-0.014894037137922018	10473108253681171589
HG00513	0.02713209152921084	-0.014909003954985001	10473108253681171589
HG00524	-0.018539055965861376	-0.012712647825400207	10473108253681171589
HG00525	-0.020421250320865447	0.05343650109379079	10473108253681171589
HG00530	-0.05520523682844583	0.0033614647171725325	10473108253681171589
HG00531	-0.05691200492481013	0.0036362823543340476	10473108253681171589
HG00533	0.02518892343490245	-0.013906787902730302	10473108253681171589
HG00534	-0.05805461349306871	-1.954483795369772E-4	10473108253681171589
HG00536	-0.013647976510516519	-0.02302747913624629	10473108253681171589
HG00537	-0.02023169126446281	-0.012484432483236857	10473108253681171589
HG00542	-0.05634784539670463	-4.7026601669846347E-4	10473108253681171589
HG00543	-0.015339497400918336	-0.022805535851434643	10473108253681171589
HG00553	-0.012575575938777957	-0.02318967063375809	10473108253681171589
HG00554	0.02675859017958331	-0.015386270630082384	10473108253681171589
HG00556	0.025043031736172484	-0.01345797598350024	10473108253681171589
HG00557	-0.019610995644139803	-0.010685478350430143	10473108253681171589
HG00559	-0.015186409302653225	-0.01584424636521406	10473108253681171589
HG00560	-0.05520523682844583	0.0033614647171725325	10473108253681171589
HG00565	-0.05691200492481013	0.0036362823543340476	10473108253681171589
HG00566	-0.024049179315370255	-0.011905049271471842	10473108253681171589
HG00577	-0.05529418626320115	-5.934419154927128E-4	10473108253681171589
HG00578	-0.05541577172700715	-6.15161046917543E-4	10473108253681171589
HG00580	0.033326494990867234	-0.03340783936376222	10473108253681171589
HG00581	-0.021278563626521977	-0.010362848121960842	10473108253681171589
HG00583	-0.01325400695046399	-0.013253107659180469	10473108253681171589
HG00584	-0.05646943086051032	-4.919851481231688E-4	10473108253681171589
HG00589	-0.05522397826668104	0.0034004803158898286	10473108253681171589
HG00590	-0.018539055965861376	-0.012712647825400207	10473108253681171589
HG00592	-0.05805461349306871	-1.954483795369772E-4	10473108253681171589
HG00593	-0.01257557593877795	-0.023189670633757986	10473108253681171589
HG00595	-0.01873322366273655	0.053200699055346405	10473108253681171589
HG00596	0.025043031736172484	-0.01345797598350024	10473108253681171589
HG00607	-0.056957448304714026	0.0036206785921434	10473108253681171589
HG00608	-0.013647976510516519	-0.02302747913624629	10473108253681171589
HG00610	-0.05805461349306871	-1.954483795369772E-4	10473108253681171589
HG00611	-0.014326407522202626	-0.01309091616166876	10473108253681171589
HG00613	-0.013647976510516519	-0.02302747913624629	10473108253681171589
HG00614	-0.01851842150748422	-0.012728832597062008	10473108253681171589
HG00619	-0.050829273139363244	-7.027222389802263E-5	10473108253681171589
HG00620	-0.020227082623990297	-0.012476845786956065	10473108253681171589
HG00625	-0.050829273139363244	-7.027222389802263E-5	10473108253681171589
HG00626	-0.01325400695046399	-0.013253107659180469	10473108253681171589
HG00628	-0.05636658683493986	-4.312504179809557E-4	10473108253681171589
HG00629	-0.05691200492481013	0.0036362823543340476	10473108253681171589
HG00634	-0.01325400695046399	-0.013253107659180469	10473108253681171589
HG00635	-0.019712122432199	-0.010620369291829667	10473108253681171589
HG00637	-0.05691200492481013	0.0036362823543340476	10473108253681171589
HG00638	0.029444288845222693	0.058285126508916076	10473108253681171589
HG00640	0.02671419635183355	-0.01530514942208011	10473108253681171589
HG00641	0.026024059215446566	-0.014618899088075883	10473108253681171589
HG00650	0.02605969095747218	-0.01474681245747334	10473108253681171589
HG00651	-0.056957448304714026	0.0036206785921434	10473108253681171589
HG00653	-0.013268178816002351	-0.013305860527280498	10473108253681171589
HG00654	-0.018539055965861376	-0.012712647825400207	10473108253681171589
HG00656	-0.014326407522202626	-0.01309091616166876	10473108253681171589
HG00657	-0.020357942887248348	-0.01251377397214933	10473108253681171589
HG00662	-0.050829273139363244	-7.027222389802263E-5	10473108253681171589
HG00663	0.02611543230791095	-0.013620167481012021	10473108253681171589
HG00671	-0.0508524408136618	-7.035773563782346E-5	10473108253681171589
HG00672	-0.05532682229225169	0.0033397455857477588	10473108253681171589
HG00683	-0.05691200492481013	0.0036362823543340476	10473108253681171589
HG00684	0.03436954060321598	-0.03358218034095531	10473108253681171589
HG00689	-0.018539055965861376	-0.012712647825400207	10473108253681171589
HG00690	-0.014326407522202626	-0.01309091616166876	10473108253681171589
HG00692	-0.05691200492481013	0.0036362823543340476	10473108253681171589
HG00693	-0.013256758760847833	-0.013292294179961722	10473108253681171589
HG00698	0.03452960416748428	-0.033978239392085344	10473108253681171589
HG00699	-0.018438607647035445	-0.0131770635068208	10473108253681171589
HG00701	-0.05520523682844583	0.0033614647171725325	10473108253681171589
HG00702	-0.020357942887248348	-0.01251377397214933	10473108253681171589
HG00704	0.025776551625010063	0.04811148483961065	10473108253681171589
HG00705	0.03331131189701577	-0.03336723597534355	10473108253681171589
HG00707	-0.05691200492481013	0.0036362823543340476	10473108253681171589
HG00708	0.03438371246875427	-0.03352942747285524	10473108253681171589
HG00731	0.020625470045495448	0.06185238374965047	10473108253681171589
HG00732	-0.01913878485283752	-0.012534204519268191	10473108253681171589
HG00734	-0.058643651241554205	-6.418101954556263E-4	10473108253681171589
HG00736	0.029934111191517312	-0.02377280729434648	10473108253681171589
HG00737	-0.0087699085599454	-0.02710678498946458	10473108253681171589
HG00740	-0.05691200492481013	0.0036362823543340476	10473108253681171589
HG01047	0.03223681911159906	0.042422502578509845	10473108253681171589
HG01048	-0.014423692125818304	-0.013076823215028954	10473108253681171589
HG01051	-0.01770064242786862	0.0650306384058318	10473108253681171589
HG01052	-0.05700959434443393	-9.299491326821075E-4	10473108253681171589
HG01055	-0.01766557412024981	-0.011393726519528429	10473108253681171589
HG01060	0.025043031736172484	-0.01345797598350024	10473108253681171589
HG01061	-0.0087699085599454	-0.02710678498946458	10473108253681171589
HG01066	-0.05691200492481013	0.0036362823543340476	10473108253681171589
HG01067	0.03102785400052246	-0.023978126549960684	10473108253681171589
HG01069	-0.013843044698949453	-0.013699469475099247	10473108253681171589
HG01070	-0.014915445270688115	-0.013537277977587537	10473108253681171589
HG01072	-0.013358368252659788	0.053909433749385276	10473108253681171589
HG01073	0.0348004198290175	-0.032121925210404294	10473108253681171589
HG01075	0.024228333780504988	0.06270162182719162	10473108253681171589
HG01079	-0.018539055965861376	-0.012712647825400207	10473108253681171589
HG01080	-0.014423692125818304	-0.013076823215028954	10473108253681171589
HG01082	0.033391110855700165	-0.03349533286693752	10473108253681171589
HG01083	0.029940931530313086	-0.023787262636006088	10473108253681171589
HG01085	0.0333245808943301	-0.033459967403054486	10473108253681171589
HG01095	0.02494574713255683	-0.013443883036860367	10473108253681171589
HG01097	0.026848952196748654	0.04794929334209893	10473108253681171589
HG01098	0.031106402063430853	-0.023957532621402527	10473108253681171589
HG01101	-0.05691200492481013	0.0036362823543340476	10473108253681171589
HG01102	0.0348004198290175	-0.032121925210404294	10473108253681171589
HG01104	-0.016339246601279365	-0.01272854844496863	10473108253681171589
HG01105	0.026848952196748654	0.04794929334209893	10473108253681171589
HG01107	0.025556738041232374	-0.013524050027067537	10473108253681171589
HG01108	0.026131329507325166	-0.013515334715812394	10473108253681171589
HG01112	0.026737682687626843	-0.014641482314187725	10473108253681171589
HG01113	0.03456143688208897	-0.03398094828425116	10473108253681171589
HG01124	-0.020049358210655604	-0.012928366598351788	10473108253681171589
HG01125	-0.019919638530314872	-0.0029720818714356638	10473108253681171589
HG01133	0.032264152257024	0.04234504114117863	10473108253681171589
HG01134	0.03438371246875427	-0.03352942747285524	10473108253681171589
HG01136	-0.013351291554079672	-0.013239014712540622	10473108253681171589
HG01137	0.0348004198290175	-0.032121925210404294	10473108253681171589
HG01140	0.021087089141229632	0.06655720569653875	10473108253681171589
HG01148	0.02567554883394395	-0.014459013042311036	10473108253681171589
HG01149	-0.008278155415075594	-0.026646330226905986	10473108253681171589
HG01167	-0.01885206228962124	0.05806235014353598	10473108253681171589
HG01168	-0.013647976510516519	-0.02302747913624629	10473108253681171589
HG01170	-0.02023169126446281	-0.012484432483236862	10473108253681171589
HG01171	-0.020227082623990297	-0.012476845786956065	10473108253681171589
HG01173	0.026293156721245804	-0.014071688292407689	10473108253681171589
HG01174	0.02078446937859921	-0.0041441817314649704	10473108253681171589
HG01176	-0.017049948033859428	-0.01146733706046089	10473108253681171589
HG01183	-0.004993166002644829	-0.01721392384520312	10473108253681171589
HG01187	-0.019154682052251595	-0.012639037284467698	10473108253681171589
HG01188	0.02157847714789553	0.07484679502182	10473108253681171589
HG01190	0.026024059215446566	-0.014618899088075883	10473108253681171589
HG01191	0.02611543230791095	-0.013620167481012021	10473108253681171589
HG01197	-0.013647976510516519	-0.02302747913624629	10473108253681171589
HG01198	-0.04985415717124018	-2.183707747697243E-4	10473108253681171589
HG01204	-0.05691200492481013	0.0036362823543340476	10473108253681171589
HG01250	0.033489036310350315	-0.0338187567867393	10473108253681171589
HG01251	0.033489036310350315	-0.0338187567867393	10473108253681171589
HG01257	0.027736905868934132	0.04072076435842991	10473108253681171589
HG01259	-0.006449768597179967	-0.02611447051268134	10473108253681171589
HG01271	0.029478833772749218	0.06161332518030414	10473108253681171589
HG01272	-3.544041068825085E-4	-0.023532509949555906	10473108253681171589
HG01274	-0.02063016994860968	0.06384232781905708	10473108253681171589
HG01275	0.035893279076502894	-0.03219728851789086	10473108253681171589
HG01277	-0.05691200492481013	0.0036362823543340476	10473108253681171589
HG01278	-0.009511452856222014	-0.01667862300689983	10473108253681171589
HG01334	0.031033844908680785	-0.02401246022918909	10473108253681171589
HG01342	0.02778659692357221	-0.015467340919591982	10473108253681171589
HG01344	0.021313967405375098	-0.004558638100722842	10473108253681171589
HG01345	0.0035050416410443304	-0.027404293822887525	10473108253681171589
HG01350	-0.013351291554079672	-0.013239014712540622	10473108253681171589
HG01351	0.026293156721245804	-0.014071688292407689	10473108253681171589
HG01353	-0.056955624583425284	-8.776122338998724E-4	10473108253681171589
HG01354	-0.014236269451481931	-0.023031330032644928	10473108253681171589
HG01356	-0.020049358210655604	-0.012928366598351788	10473108253681171589
HG01357	0.02689192076516834	-0.01575667023347591	10473108253681171589
HG01359	-0.01325400695046399	-0.013253107659180469	10473108253681171589
HG01360	-0.02372530590914739	9.450324842708738E-4	10473108253681171589
HG01365	0.03331131189701577	-0.03336723597534355	10473108253681171589
HG01366	-0.02372530590914739	9.450324842708738E-4	10473108253681171589
HG01374	0.02724845505263861	0.0527514268359958	10473108253681171589
HG01375	-0.01533600316864551	-0.022791677097802183	10473108253681171589
HG01377	0.02434109990006171	-0.009290383929175375	10473108253681171589
HG01378	0.026293156721245804	-0.014071688292407689	10473108253681171589
HG01383	-0.018593025726869904	-0.012764984724182462	10473108253681171589
HG01384	0.01784508962225399	0.0053828200326811034	10473108253681171589
HG01389	0.03100651176325588	-0.023934998791858012	10473108253681171589
HG01390	-0.014923121540471132	0.03102237978301728	10473108253681171589
HG01437	-0.020421250320865447	0.05343650109379079	10473108253681171589
HG01440	-0.013843044698949453	-0.013699469475099247	10473108253681171589
HG01441	-0.013647976510516519	-0.02302747913624629	10473108253681171589
HG01455	-0.017466655394122756	-0.012874839322911846	10473108253681171589
HG01456	0.030673817775085103	0.03784661332135965	10473108253681171589
HG01461	0.02778659692357221	-0.015467340919591982	10473108253681171589
HG01462	-0.017466655394122756	-0.012874839322911846	10473108253681171589
HG01465	-0.018539055965861376	-0.012712647825400207	10473108253681171589
HG01488	0.03438371246875427	-0.03352942747285524	10473108253681171589
HG01489	-0.01992446286135987	0.05822454164104777	10473108253681171589
HG01491	-0.013701946271525142	-0.02307981603502867	10473108253681171589
HG01492	0.02078446937859921	-0.0041441817314649704	10473108253681171589
HG01494	0.03507637653909086	-0.03418174913065264	10473108253681171589
HG01495	-0.0087699085599454	-0.02710678498946458	10473108253681171589
HG01497	-0.013244280655026943	-0.01538445141616745	10473108253681171589
HG01498	0.03230460093927317	-0.0305097552401782	10473108253681171589
HG01515	-0.0087699085599454	-0.02710678498946458	10473108253681171589
HG01516	-0.013351291554079672	-0.013239014712540622	10473108253681171589
HG01518	0.03223681911159906	0.042422502578509845	10473108253681171589
HG01519	-0.02372530590914739	9.450324842708738E-4	10473108253681171589
HG01521	0.03116441853986042	0.04258469407602149	10473108253681171589
HG01522	-0.014915445270688115	-0.013537277977587537	10473108253681171589
HG01550	0.033489036310350315	-0.0338187567867393	10473108253681171589
HG01551	-0.014886381642602298	-0.019770814488467438	10473108253681171589
HG01617	-0.023683510277617486	0.00112601390989273	10473108253681171589
HG01618	0.026841768503938827	0.06029947949713024	10473108253681171589
HG01619	-0.018726889444404503	-0.01143538482927794	10473108253681171589
HG01620	-0.01870765732693046	0.053502235916043264	10473108253681171589
HG01623	-0.0126031870338933	-0.010994265465773284	10473108253681171589
HG01624	0.03331131189701577	-0.03336723597534355	10473108253681171589
HG01625	-0.05691200492481013	0.0036362823543340476	10473108253681171589
HG01626	-0.058643651241554205	-6.418101954556263E-4	10473108253681171589
NA06984	-0.058643651241554205	-6.418101954556263E-4	10473108253681171589
NA06986	0.03438371246875427	-0.03352942747285524	10473108253681171589
NA06989	0.03331131189701577	-0.03336723597534355	10473108253681171589
NA06994	0.02671419635183355	-0.01530514942208011	10473108253681171589
NA07000	0.026273339084515603	0.052899525386867596	10473108253681171589
NA07037	-0.014915445270688115	-0.013537277977587537	10473108253681171589
NA07048	-0.05524885648706073	-0.001152429871061212	10473108253681171589
NA07051	-0.0190051121807625	-0.011036088008557012	10473108253681171589
NA07056	0.026273339084515603	0.052899525386867596	10473108253681171589
NA07346	-0.011641890564647409	0.0026551521577898624	10473108253681171589
NA07347	-0.056821372670839254	-7.249654299021021E-4	10473108253681171589
NA07357	-0.01487105144293851	-0.013618399185589783	10473108253681171589
NA10847	-0.018737974691988353	-0.011231535022016683	10473108253681171589
NA10851	0.025102271776326335	-0.013575097321611688	10473108253681171589
NA11829	0.03331131189701577	-0.03336723597534355	10473108253681171589
NA11830	0.03438371246875427	-0.03352942747285524	10473108253681171589
NA11831	-0.014435803139034201	0.04974403946219865	10473108253681171589
NA11843	-0.017042771265009856	-0.02251685946064072	10473108253681171589
NA11892	-0.0087699085599454	-0.02710678498946458	10473108253681171589
NA11893	0.029940931530313093	-0.023787262636006088	10473108253681171589
NA11894	0.026532139668174363	-0.012212665218560983	10473108253681171589
NA11918	-0.011641890564647409	0.0026551521577898624	10473108253681171589
NA11919	-0.014915445270688115	-0.013537277977587537	10473108253681171589
NA11920	0.02671419635183355	-0.01530514942208011	10473108253681171589
NA11930	-0.013647976510516519	-0.02302747913624629	10473108253681171589
NA11931	0.03438371246875427	-0.03352942747285524	10473108253681171589
NA11932	-0.020227082623990297	-0.012476845786956065	10473108253681171589
NA11933	-0.01992446286135987	0.05822454164104777	10473108253681171589
NA11992	0.027762447016517613	0.05414483615180683	10473108253681171589
NA11993	0.028834847588256246	0.05398264465429519	10473108253681171589
NA11994	0.02611543230791095	-0.013620167481012021	10473108253681171589
NA11995	0.03391108722761749	-0.02265348919436188	10473108253681171589
NA12003	-0.013644066653387757	-0.023304537451360952	10473108253681171589
NA12004	-0.0171640356314923	0.05782654810509178	10473108253681171589
NA12006	-0.020227082623990297	-0.012476845786956065	10473108253681171589
NA12043	-0.014915445270688115	-0.013537277977587537	10473108253681171589
NA12044	-0.05044319491972567	-6.647325906884677E-4	10473108253681171589
NA12045	-0.014423692125818304	-0.013076823215028954	10473108253681171589
NA12046	0.029934111191517312	-0.02377280729434648	10473108253681171589
NA12058	0.026273339084515603	0.052899525386867596	10473108253681171589
NA12144	0.029934111191517312	-0.02377280729434648	10473108253681171589
NA12154	-0.008742575414520504	-0.02718424642679562	10473108253681171589
NA12155	-0.009842309131684006	-0.026944593491952863	10473108253681171589
NA12249	-0.017049948033859428	-0.01146733706046089	10473108253681171589
NA12272	0.03438371246875427	-0.03352942747285524	10473108253681171589
NA12273	-0.013647976510516519	-0.02302747913624629	10473108253681171589
NA12275	0.020625470045495448	0.06185238374965047	10473108253681171589
NA12282	0.03331131189701577	-0.03336723597534355	10473108253681171589
NA12283	0.026769291642949226	-0.01466433229792555	10473108253681171589
NA12286	0.02522075614950715	-0.013909496794896056	10473108253681171589
NA12287	0.027345739656254232	0.05273733388935592	10473108253681171589
NA12340	0.025043031736172484	-0.01345797598350024	10473108253681171589
NA12341	0.025043031736172484	-0.01345797598350024	10473108253681171589
NA12342	0.02093092533978403	0.06632471425727737	10473108253681171589
NA12347	-0.05691200492481013	0.0036362823543340476	10473108253681171589
NA12348	0.031270763022478804	0.04515267441761246	10473108253681171589
NA12383	-0.018539055965861376	-0.012712647825400207	10473108253681171589
NA12399	0.026273339084515603	0.052899525386867596	10473108253681171589
NA12400	-0.02213362483990922	-0.012253324041532065	10473108253681171589
NA12413	-0.019919638530314872	-0.0029720818714356638	10473108253681171589
NA12489	0.032788839521516275	0.04942295812237713	10473108253681171589
NA12546	-0.021759363117361298	0.06105997694947714	10473108253681171589
NA12716	-0.009842309131684006	-0.026944593491952863	10473108253681171589
NA12717	0.03438371246875427	-0.03352942747285524	10473108253681171589
NA12718	-0.013843044698949453	-0.013699469475099247	10473108253681171589
NA12748	-0.05691200492481013	0.0036362823543340476	10473108253681171589
NA12749	0.0348004198290175	-0.03212192521040458	10473108253681171589
NA12750	-0.020400730910560896	-0.012615083100570985	10473108253681171589
NA12751	0.025087425563922135	-0.013539097191502564	10473108253681171589
NA12761	-0.018539055965861376	-0.012712647825400207	10473108253681171589
NA12763	-0.014326407522202626	-0.01309091616166876	10473108253681171589
NA12775	-0.018276045874672953	0.058071713884446916	10473108253681171589
NA12777	0.03331131189701577	-0.03336723597534355	10473108253681171589
NA12778	0.027265659557011962	0.04935679560454993	10473108253681171589
NA12812	0.03331131189701577	-0.03336723597534355	10473108253681171589
NA12814	0.022410303129116595	-0.004888778996261972	10473108253681171589
NA12815	-0.009853736701696475	-0.026954321312848643	10473108253681171589
NA12827	-0.020227082623990297	-0.012476845786956065	10473108253681171589
NA12829	-0.018539055965861376	-0.012712647825400207	10473108253681171589
NA12830	-0.014915445270688115	-0.013537277977587537	10473108253681171589
NA12842	0.02078446937859921	-0.0041441817314649704	10473108253681171589
NA12843	0.025087425563922135	-0.013539097191502564	10473108253681171589
NA12872	0.025043031736172484	-0.01345797598350024	10473108253681171589
NA12873	0.025776551625010063	0.04811148483961065	10473108253681171589
NA12874	-0.056955624583425284	-8.776122338998724E-4	10473108253681171589
NA12889	0.035872820400756164	-0.03228411670791619	10473108253681171589
NA12890	-0.0087699085599454	-0.02710678498946458	10473108253681171589
NA18486	-0.01743836382202013	-0.00965604354632412	10473108253681171589
NA18487	0.02687724376885129	0.05116808911868671	10473108253681171589
NA18489	-0.01107976805582322	-0.013498586432083091	10473108253681171589
NA18498	0.033391110855700165	-0.03349533286693752	10473108253681171589
NA18499	0.03441200404085691	-0.03031063169626754	10473108253681171589
NA18501	0.027471631117048066	0.05377809689930662	10473108253681171589
NA18502	0.031716438949777624	0.049585149619888635	10473108253681171589
NA18504	0.02135333825139603	0.03908037129537095	10473108253681171589
NA18505	0.01887441890710289	0.04297720552835078	10473108253681171589
NA18507	-0.009689177269556724	-0.01622710219550406	10473108253681171589
NA18508	-0.013632696443187561	-0.013573157902030682	10473108253681171589
NA18510	0.03507637653909086	-0.03418174913065264	10473108253681171589
NA18511	-0.017990998360970102	-0.013868513165131593	10473108253681171589
NA18516	0.023961865093994443	0.06942833556816483	10473108253681171589
NA18517	-0.01703883761869254	0.06125905146168056	10473108253681171589
NA18519	0.028749675820440017	-0.020463805747785203	10473108253681171589
NA18520	0.03408377492603654	-0.03414765452473493	10473108253681171589
NA18522	0.0253175247956757	0.03260862093701709	10473108253681171589
NA18523	0.0217184666273624	0.07331484497679043	10473108253681171589
NA18525	0.004754079857801784	-0.013512585235492322	10473108253681171589
NA18526	-0.05691200492481013	0.0036362823543340476	10473108253681171589
NA18527	-0.050926557742978815	-5.617927725808511E-5	10473108253681171589
NA18528	0.02508784032419698	-0.013274842090514955	10473108253681171589
NA18530	-0.05529418626320115	-5.934419154927128E-4	10473108253681171589
NA18532	0.03414591443465623	-0.03156358824579732	10473108253681171589
NA18534	0.025043031736172484	-0.01345797598350024	10473108253681171589
NA18535	-0.014879982404802249	-0.026044277574894054	10473108253681171589
NA18536	-0.013309748300902882	-0.014379752635641922	10473108253681171589
NA18537	-0.05691200492481013	0.0036362823543340476	10473108253681171589
NA18538	-0.05636658683493986	-4.312504179809557E-4	10473108253681171589
NA18539	0.02518892343490245	-0.013906787902730302	10473108253681171589
NA18541	0.02605969095747218	-0.01474681245747334	10473108253681171589
NA18542	-0.05691200492481013	0.0036362823543340476	10473108253681171589
NA18543	-0.020445598181780277	-0.012489126079976215	10473108253681171589
NA18544	0.02611543230791095	-0.013620167481012021	10473108253681171589
NA18545	-0.05805461349306871	-1.954483795369772E-4	10473108253681171589
NA18546	-0.020445598181780277	-0.012489126079976215	10473108253681171589
NA18547	-0.009689177269556724	-0.01622710219550406	10473108253681171589
NA18548	-0.018539055965861376	-0.012712647825400207	10473108253681171589
NA18549	0.02518892343490245	-0.013906787902730302	10473108253681171589
NA18550	-0.014326407522202626	-0.01309091616166876	10473108253681171589
NA18552	-0.018539055965861376	-0.012712647825400207	10473108253681171589
NA18553	-0.018539055965861376	-0.012712647825400207	10473108253681171589
NA18555	0.025776551625010063	0.04811148483961065	10473108253681171589
NA18557	-0.018539055965861376	-0.012712647825400207	10473108253681171589
NA18558	-0.020227082623990297	-0.012476845786956065	10473108253681171589
NA18559	-0.013693419890420725	-0.02304308289843692	10473108253681171589
NA18560	-0.05085408744680902	-7.04338968167792E-5	10473108253681171589
NA18561	-0.014326407522202626	-0.01309091616166876	10473108253681171589
NA18562	-0.01851842150748422	-0.012728832597062008	10473108253681171589
NA18563	0.03331131189701577	-0.03336723597534355	10473108253681171589
NA18564	-0.014326407522202626	-0.01309091616166876	10473108253681171589
NA18565	0.026261324006641034	-0.014068979400242054	10473108253681171589
NA18566	0.025040279925788726	-0.013497162504281379	10473108253681171589
NA18567	-0.05691200492481013	0.0036362823543340476	10473108253681171589
NA18570	-0.020445598181780277	-0.012489126079976215	10473108253681171589
NA18571	-0.05817619895687476	-2.1716751096164993E-4	10473108253681171589
NA18572	0.027345739656254232	0.05273733388935592	10473108253681171589
NA18573	0.02605969095747218	-0.01474681245747334	10473108253681171589
NA18574	0.02518892343490245	-0.013906787902730302	10473108253681171589
NA18576	0.025063666194549566	-0.013474160755162142	10473108253681171589
NA18577	-0.014326407522202626	-0.01309091616166876	10473108253681171589
NA18579	0.026293973542892826	0.05288334061520577	10473108253681171589
NA18582	-0.020227082623990297	-0.012476845786956065	10473108253681171589
NA18592	-0.014326407522202626	-0.01309091616166876	10473108253681171589
NA18593	-0.05691200492481013	0.0036362823543340476	10473108253681171589
NA18595	-0.05634784539670463	-4.7026601669846347E-4	10473108253681171589
NA18596	-0.022327792536784415	0.053660022839214803	10473108253681171589
NA18597	-0.05691200492481013	0.0036362823543340476	10473108253681171589
NA18599	0.025043031736172484	-0.01345797598350024	10473108253681171589
NA18602	-0.018539055965861376	-0.012712647825400207	10473108253681171589
NA18603	-0.05805461349306871	-1.954483795369772E-4	10473108253681171589
NA18605	-0.013644066653387757	-0.023304537451360952	10473108253681171589
NA18606	-0.05805461349306871	-1.954483795369772E-4	10473108253681171589
NA18608	0.025043031736172484	-0.01345797598350024	10473108253681171589
NA18609	0.025043031736172484	-0.01345797598350024	10473108253681171589
NA18610	-0.02023169126446281	-0.012484432483236857	10473108253681171589
NA18611	-0.05636658683493986	-4.312504179809557E-4	10473108253681171589
NA18612	-0.018094624682821088	-0.012769829691415656	10473108253681171589
NA18613	-0.05691200492481013	0.0036362823543340476	10473108253681171589
NA18614	-0.05703359038861598	0.0036145632229093827	10473108253681171589
NA18615	0.026136066766288282	-0.013636352252673756	10473108253681171589
NA18616	0.02611543230791095	-0.013620167481012021	10473108253681171589
NA18617	0.026261324006641034	-0.014068979400242054	10473108253681171589
NA18618	0.033326494990867234	-0.03340783936376222	10473108253681171589
NA18619	0.02518892343490245	-0.013906787902730302	10473108253681171589
NA18620	-0.02034866808779621	-0.012498564918380703	10473108253681171589
NA18621	-0.05805461349306871	-1.954483795369772E-4	10473108253681171589
NA18622	-0.020227082623990297	-0.012476845786956065	10473108253681171589
NA18623	-0.05636658683493986	-4.312504179809557E-4	10473108253681171589
NA18624	-0.05805461349306871	-1.954483795369772E-4	10473108253681171589
NA18626	-0.05691200492481013	0.0036362823543340476	10473108253681171589
NA18627	0.03345720359574555	-0.03381604789457361	10473108253681171589
NA18628	-0.05634784539670463	-4.7026601669846347E-4	10473108253681171589
NA18630	-0.05691200492481013	0.0036362823543340476	10473108253681171589
NA18631	-0.018539055965861376	-0.012712647825400207	10473108253681171589
NA18632	-0.05084085433719255	-7.031495376971904E-5	10473108253681171589
NA18633	-0.014326407522202626	-0.01309091616166876	10473108253681171589
NA18634	-0.05691200492481013	0.0036362823543340476	10473108253681171589
NA18635	-0.05691200492481013	0.0036362823543340476	10473108253681171589
NA18636	-0.024152188120136833	-0.012187974666560972	10473108253681171589
NA18637	-0.05691200492481013	0.0036362823543340476	10473108253681171589
NA18638	-0.05805461349306871	-1.954483795369772E-4	10473108253681171589
NA18639	-0.01850270009070057	-0.012520986870175497	10473108253681171589
NA18640	0.026128577696941407	-0.013554521236593616	10473108253681171589
NA18641	-0.01624196199766381	-0.012742641391608484	10473108253681171589
NA18642	-0.020445598181780277	-0.012489126079976215	10473108253681171589
NA18643	0.012549800520497848	0.056036133532146974	10473108253681171589
NA18645	-0.014328349364309297	-0.013030173269584597	10473108253681171589
NA18647	0.02512238213089479	-0.01368148418825959	10473108253681171589
NA18740	-0.009831882254403977	-0.012825327952488124	10473108253681171589
NA18745	-0.014326407522202626	-0.01309091616166876	10473108253681171589
NA18747	-0.014423692125818304	-0.013076823215028954	10473108253681171589
NA18748	0.02505892893558655	-0.013353143218300648	10473108253681171589
NA18749	0.02518892343490245	-0.013906787902730302	10473108253681171589
NA18757	-0.01850270009070057	-0.012520986870175497	10473108253681171589
NA18853	0.029398399671059432	-0.003986079299890355	10473108253681171589
NA18856	0.032788839521516275	0.04942295812237713	10473108253681171589
NA18858	-0.009689177269556724	-0.01622710219550406	10473108253681171589
NA18861	0.019079616074276738	0.06876065099931161	10473108253681171589
NA18867	0.022920558318928835	0.05216098668663322	10473108253681171589
NA18868	0.02157847714789553	0.07484679502182	10473108253681171589
NA18870	-0.019590958009232707	0.0652127168918947	10473108253681171589
NA18871	0.02387706427002549	0.06939989986198108	10473108253681171589
NA18873	-0.020445598181780277	-0.012489126079976215	10473108253681171589
NA18874	0.025735695806508894	-0.01411029764129749	10473108253681171589
NA18907	-0.023402905665729855	-0.00286445412409376	10473108253681171589
NA18908	0.03322756866977967	-0.027001630149706253	10473108253681171589
NA18909	-0.02148735119026875	-0.003212728894154065	10473108253681171589
NA18910	0.02792410979616755	0.06301732810189518	10473108253681171589
NA18912	0.029178581301531132	-0.020558315497536367	10473108253681171589
NA18916	0.026965097080488592	-0.01483725637175614	10473108253681171589
NA18917	-0.012620554880090838	-0.02314574588472851	10473108253681171589
NA18923	-0.018185345749822435	0.0602377606359876	10473108253681171589
NA18924	0.031219651490272175	0.04479710907263183	10473108253681171589
NA18933	-0.01768441579331377	0.06498919514647096	10473108253681171589
NA18934	0.032788839521516275	0.04942295812237713	10473108253681171589
NA18939	-0.009689177269556724	-0.01622710219550406	10473108253681171589
NA18940	-0.018539055965861376	-0.012712647825400207	10473108253681171589
NA18941	-0.01533600316864551	-0.022791677097802183	10473108253681171589
NA18942	-0.014326407522202626	-0.01309091616166876	10473108253681171589
NA18943	-0.016232949738121553	-0.012867394416244762	10473108253681171589
NA18944	0.026261324006641034	-0.014068979400242054	10473108253681171589
NA18945	-0.01615099568217283	-0.012847801723946933	10473108253681171589
NA18946	-0.05500546270889113	0.0034127606089100772	10473108253681171589
NA18947	0.0242377874026383	0.05158455943169701	10473108253681171589
NA18948	-0.013238937555580033	-0.015584644518650655	10473108253681171589
NA18949	-0.018447134028139908	-0.013213796643412589	10473108253681171589
NA18950	0.03331131189701577	-0.03336723597534355	10473108253681171589
NA18951	0.03331131189701577	-0.03336723597534355	10473108253681171589
NA18952	-0.014326407522202626	-0.01309091616166876	10473108253681171589
NA18953	-0.018539055965861376	-0.012712647825400207	10473108253681171589
NA18954	-0.05703359038861598	0.0036145632229093827	10473108253681171589
NA18956	-0.018539055965861376	-0.012712647825400207	10473108253681171589
NA18957	-0.018773476390127185	-0.026971445586684954	10473108253681171589
NA18959	-0.05691200492481013	0.0036362823543340476	10473108253681171589
NA18960	0.025063666194549566	-0.013474160755162142	10473108253681171589
NA18961	-0.020227082623990297	-0.012476845786956065	10473108253681171589
NA18962	-0.024525407798399925	-0.015126282222314198	10473108253681171589
NA18963	0.026118363387732664	-0.013636518041624855	10473108253681171589
NA18964	0.026261324006641034	-0.014068979400242054	10473108253681171589
NA18965	-0.05691200492481013	0.0036362823543340476	10473108253681171589
NA18966	0.02435293463330694	0.056913419469265494	10473108253681171589
NA18968	-0.014326407522202626	-0.01309091616166876	10473108253681171589
NA18971	-0.05691200492481013	0.0036362823543340476	10473108253681171589
NA18973	0.02611543230791095	-0.013620167481012021	10473108253681171589
NA18974	0.025043031736172484	-0.01345797598350024	10473108253681171589
NA18975	-0.05691200492481013	0.0036362823543340476	10473108253681171589
NA18976	0.025043031736172484	-0.01345797598350024	10473108253681171589
NA18977	0.03438371246875427	-0.03352942747285524	10473108253681171589
NA18978	0.0027457365046319264	-0.013692430940040499	10473108253681171589
NA18980	-0.05805461349306871	-1.954483795369772E-4	10473108253681171589
NA18981	-0.01325400695046399	-0.013253107659180469	10473108253681171589
NA18982	-0.05691200492481013	0.0036362823543340476	10473108253681171589
NA18983	-0.020421250320865447	0.05343650109379079	10473108253681171589
NA18984	-0.050829273139363244	-7.027222389802263E-5	10473108253681171589
NA18985	0.025043031736172484	-0.01345797598350024	10473108253681171589
NA18986	0.027345739656254232	0.05273733388935592	10473108253681171589
NA18987	-0.019008790353521664	-0.013087849203697788	10473108253681171589
NA18988	-0.020227082623990297	-0.012476845786956065	10473108253681171589
NA18989	-0.05691200492481013	0.0036362823543340476	10473108253681171589
NA18990	-0.05703359038861598	0.0036145632229093827	10473108253681171589
NA18992	-0.01533600316864551	-0.022791677097802183	10473108253681171589
NA18994	-0.00210301122495234	-0.015742871852490046	10473108253681171589
NA18995	7.085486176144172E-4	-0.027785554139399718	10473108253681171589
NA18998	-0.018539055965861376	-0.012712647825400207	10473108253681171589
NA18999	-0.05805461349306871	-1.954483795369772E-4	10473108253681171589
NA19000	-0.018539055965861376	-0.012712647825400207	10473108253681171589
NA19002	-0.01823643620323092	0.05798873960260347	10473108253681171589
NA19003	-0.020227082623990297	-0.012476845786956065	10473108253681171589
NA19004	-0.02008119092526027	-0.01292565770618601	10473108253681171589
NA19005	-0.014180515823472706	-0.013539728080898854	10473108253681171589
NA19007	0.03331131189701577	-0.03336723597534355	10473108253681171589
NA19009	0.026848952196748654	0.04794929334209893	10473108253681171589
NA19010	-0.014338518535418525	0.04972994651555885	10473108253681171589
NA19012	0.025063666194549566	-0.013474160755162142	10473108253681171589
NA19020	0.026030085936656306	-0.014770737553940223	10473108253681171589
NA19028	0.028467631774201023	7.619680604008865E-4	10473108253681171589
NA19035	0.0310268028749566	-0.02395529620898355	10473108253681171589
NA19036	0.030363016672608285	-0.023867317044097374	10473108253681171589
NA19038	0.030363016672608285	-0.023867317044097374	10473108253681171589
NA19041	0.025043031736172484	-0.01345797598350024	10473108253681171589
NA19044	-0.006922955689633881	-0.015198843049224807	10473108253681171589
NA19046	0.028701056257089352	9.801141743695353E-4	10473108253681171589
NA19054	-0.018393164267131397	-0.013161459744630228	10473108253681171589
NA19055	-0.018539055965861376	-0.012712647825400207	10473108253681171589
NA19056	0.02611543230791095	-0.013620167481012021	10473108253681171589
NA19057	-0.01325400695046399	-0.013253107659180469	10473108253681171589
NA19058	-0.020379541325245654	-0.012574366152877764	10473108253681171589
NA19059	-0.013376150451744048	-0.014301673601619765	10473108253681171589
NA19060	0.025043031736172484	-0.01345797598350024	10473108253681171589
NA19062	-0.01823643620323092	0.05798873960260347	10473108253681171589
NA19063	0.02610126044237268	-0.013672920349112024	10473108253681171589
NA19064	-0.020227082623990297	-0.012476845786956065	10473108253681171589
NA19065	-0.018393164267131397	-0.013161459744630228	10473108253681171589
NA19066	0.02508784032419698	-0.013274842090514955	10473108253681171589
NA19067	-0.014326407522202626	-0.01309091616166876	10473108253681171589
NA19068	-0.020227082623990297	-0.012476845786956065	10473108253681171589
NA19070	-0.05691200492481013	0.0036362823543340476	10473108253681171589
NA19072	0.026261324006641034	-0.014068979400242054	10473108253681171589
NA19074	-0.05696597468581868	0.00358394545555181	10473108253681171589
NA19075	-0.05805461349306871	-1.954483795369772E-4	10473108253681171589
NA19076	0.025993288806630994	-0.014668733423451333	10473108253681171589
NA19077	-0.055275444824965915	-6.324575142101811E-4	10473108253681171589
NA19078	-0.020227082623990297	-0.012476845786956065	10473108253681171589
NA19079	-0.020227082623990297	-0.012476845786956065	10473108253681171589
NA19080	-0.05691200492481013	0.0036362823543340476	10473108253681171589
NA19081	-0.014338518535418525	0.04972994651555885	10473108253681171589
NA19082	0.025099078923875588	-0.013251547405701536	10473108253681171589
NA19083	-0.05691200492481013	0.0036362823543340476	10473108253681171589
NA19084	-0.01325400695046399	-0.013253107659180469	10473108253681171589
NA19085	-0.01325107587064237	-0.013269458219793442	10473108253681171589
NA19087	-0.05691200492481013	0.0036362823543340476	10473108253681171589
NA19088	-0.018539055965861376	-0.012712647825400207	10473108253681171589
NA19093	-0.021529625175502127	-0.003206926801778227	10473108253681171589
NA19095	-0.018545870573824237	-0.01935593890692238	10473108253681171589
NA19096	0.02669692444464454	0.05766002640674945	10473108253681171589
NA19098	-0.005618390296216227	-0.016040540039249717	10473108253681171589
NA19099	-0.0165420501591869	0.0660470920089376	10473108253681171589
NA19102	0.02568711219647817	0.055560897912261244	10473108253681171589
NA19107	-0.02161460905614344	-0.013043883012944254	10473108253681171589
NA19108	-0.009232980271497822	-0.026518529093159535	10473108253681171589
NA19113	0.03400397596735213	-0.03401955763314099	10473108253681171589
NA19114	0.024210764777807307	0.07250088102593878	10473108253681171589
NA19116	-0.014825836936855467	0.0310082868363774	10473108253681171589
NA19117	-0.019774109648823465	0.05942147691355689	10473108253681171589
NA19118	0.02743173466222031	0.0637118914987356	10473108253681171589
NA19119	0.03400397596735213	-0.03401955763314099	10473108253681171589
NA19121	-0.015563530985977634	-0.022679204366186007	10473108253681171589
NA19129	0.028953123746212138	0.05616853836275561	10473108253681171589
NA19130	-0.05353343680487174	0.003167105938089231	10473108253681171589
NA19131	0.02275120284462184	0.07542382967356208	10473108253681171589
NA19137	0.024191667058829587	-0.005620067341192031	10473108253681171589
NA19138	-0.007524932512135135	-0.015817018293825737	10473108253681171589
NA19146	0.028991325037558666	-0.02040990132246464	10473108253681171589
NA19147	0.021984407270752928	0.07670136931279319	10473108253681171589
NA19149	-0.02502487507592782	0.06731308035884472	10473108253681171589
NA19150	0.02792347673610229	0.02254618689365612	10473108253681171589
NA19152	0.03441200404085691	-0.03031063169626754	10473108253681171589
NA19160	-0.020277045436497953	0.0347460636388764	10473108253681171589
NA19171	-0.019391183889678067	0.0652640127836323	10473108253681171589
NA19172	0.024234732031973093	0.029635038406659986	10473108253681171589
NA19175	0.02126853742742713	0.039051935589187216	10473108253681171589
NA19185	0.023238864526150847	0.0734466936117622	10473108253681171589
NA19189	-0.0202929426359121	0.03464123087367697	10473108253681171589
NA19190	0.029187711065863906	0.019109088455500974	10473108253681171589
NA19197	-0.05691200492481013	0.0036362823543340476	10473108253681171589
NA19198	-0.013568177551832119	-0.02315557602784029	10473108253681171589
NA19200	0.021552910812089456	0.07454525816112316	10473108253681171589
NA19204	-0.013568177551832119	-0.02315557602784029	10473108253681171589
NA19207	0.027021236105263705	0.054459618725680684	10473108253681171589
NA19209	-0.0135746679329518	-0.006286724082657701	10473108253681171589
NA19213	0.025514801224055177	-0.013543356380112238	10473108253681171589
NA19222	0.021552910812089456	0.07454525816112316	10473108253681171589
NA19223	-0.02144448718347705	-0.0032035995410148958	10473108253681171589
NA19225	0.031299450448956545	0.04466901218103784	10473108253681171589
NA19235	-0.011718993442784195	-0.012387549555760187	10473108253681171589
NA19236	0.02943111688210511	0.06109755265960741	10473108253681171589
NA19247	-0.00966709789545437	-0.02268625490527984	10473108253681171589
NA19248	0.021482945749701315	0.07332516980114465	10473108253681171589
NA19256	0.020694514776727034	0.07050681318385907	10473108253681171589
NA19257	0.03408377492603654	-0.03414765452473493	10473108253681171589
NA19307	0.0348004198290175	-0.032121925210404294	10473108253681171589
NA19308	-0.015563530985977634	-0.022679204366186007	10473108253681171589
NA19309	-0.012347345301170837	-0.012975236369181733	10473108253681171589
NA19310	0.028232920980177698	-0.012531525491696387	10473108253681171589
NA19311	0.02671419635183355	-0.01530514942208011	10473108253681171589
NA19312	0.025757077258866376	0.05678098627223962	10473108253681171589
NA19313	-0.018136983225681528	-0.013184162095053357	10473108253681171589
NA19315	-0.01981539232726781	-0.01298660293033717	10473108253681171589
NA19316	-0.007966873232503285	-0.02573023022574971	10473108253681171589
NA19317	0.03478578520893404	-0.034000941742508575	10473108253681171589
NA19318	0.0317400316520935	0.037634462031252716	10473108253681171589
NA19319	-0.017470073201896592	-0.022455682620762054	10473108253681171589
NA19321	0.026572629361104758	-0.010495881454175219	10473108253681171589
NA19324	0.03052761645526164	-0.023966978229507618	10473108253681171589
NA19327	0.027792623644781998	-0.015619179385456105	10473108253681171589
NA19328	0.03507637653909086	-0.03418174913065264	10473108253681171589
NA19331	-0.017466655394122756	-0.012874839322911846	10473108253681171589
NA19332	0.033337810720502764	-0.021898974894086005	10473108253681171589
NA19334	0.02374787131093423	-0.01562516040411181	10473108253681171589
NA19338	0.02696104514926538	-0.012307174968311954	10473108253681171589
NA19346	0.03100651176325588	-0.023934998791858012	10473108253681171589
NA19347	-0.01243013491241781	0.05871849186968886	10473108253681171589
NA19350	0.025735695806508894	-0.01411029764129749	10473108253681171589
NA19351	-0.015657428520166935	0.06051307061838933	10473108253681171589
NA19352	-0.015671790662316838	0.06050475144276737	10473108253681171589
NA19355	-0.016935273598654633	-0.011557931792517323	10473108253681171589
NA19359	0.026235039969419026	-0.014184690860486886	10473108253681171589
NA19360	-0.00796029800550362	-0.025815920503383254	10473108253681171589
NA19371	-0.013647976510516519	-0.02302747913624629	10473108253681171589
NA19372	0.02905445494207171	-0.019153694428625693	10473108253681171589
NA19373	0.03478578520893404	-0.034000941742508575	10473108253681171589
NA19374	0.03478578520893404	-0.034000941742508575	10473108253681171589
NA19375	0.026164601287600026	-0.014204807391048534	10473108253681171589
NA19376	-0.0158062479122554	-0.005915479983657472	10473108253681171589
NA19377	-0.013690250495750046	-0.023021677043870637	10473108253681171589
NA19379	0.03100651176325588	-0.023934998791858012	10473108253681171589
NA19380	0.029254851808220062	-0.01574576733628345	10473108253681171589
NA19381	-0.00914292007530598	-0.02249123081494365	10473108253681171589
NA19382	0.032632052513718535	-0.02534019601728051	10473108253681171589
NA19383	-0.018181203252819318	0.06020115459921382	10473108253681171589
NA19384	0.03143541724434685	-0.02402950854160923	10473108253681171589
NA19385	0.026853651066535526	0.06311877670732274	10473108253681171589
NA19390	0.03478578520893404	-0.034000941742508575	10473108253681171589
NA19391	-0.012575575938777957	-0.02318967063375809	10473108253681171589
NA19393	-0.015563530985977634	-0.022679204366186007	10473108253681171589
NA19394	-0.01815526565934503	0.05870636522205749	10473108253681171589
NA19395	0.03440400358045508	-0.03354972488998081	10473108253681171589
NA19396	-0.021529625175502127	-0.003206926801778227	10473108253681171589
NA19397	0.030996391796791714	-0.023986230032936835	10473108253681171589
NA19398	0.020853420698588317	0.04718041251272445	10473108253681171589
NA19399	0.03441200404085691	-0.03031063169626754	10473108253681171589
NA19401	0.030034001491692285	-0.023795341123890774	10473108253681171589
NA19403	0.027124751359287737	-0.011562294808999852	10473108253681171589
NA19404	0.03438371246875427	-0.03352942747285524	10473108253681171589
NA19428	-0.020457054684023392	-0.0033169301459102106	10473108253681171589
NA19429	0.03515617549777521	-0.034309846022246425	10473108253681171589
NA19430	0.032788839521516275	0.04942295812237713	10473108253681171589
NA19431	-0.020457054684023392	-0.0033169301459102106	10473108253681171589
NA19434	0.03598749483596097	-0.032374711439972524	10473108253681171589
NA19435	0.023238864526150847	0.0734466936117622	10473108253681171589
NA19436	0.024822249969354362	0.02928238121796378	10473108253681171589
NA19437	0.03478578520893404	-0.034000941742508575	10473108253681171589
NA19438	0.02129335009490352	0.03918385118728673	10473108253681171589
NA19439	-0.055881708418564685	0.0035320811025779625	10473108253681171589
NA19440	-0.019576139512206103	0.06521788571362966	10473108253681171589
NA19443	0.027171306527203183	0.05349149028865783	10473108253681171589
NA19444	0.033723002193738146	-0.033876993118724705	10473108253681171589
NA19445	0.028232920980177698	-0.012531525491696387	10473108253681171589
NA19446	0.029934111191517312	-0.02377280729434648	10473108253681171589
NA19448	0.020219992166748284	0.046294774303777264	10473108253681171589
NA19449	0.030013910150201644	-0.023900904185940656	10473108253681171589
NA19451	0.029178581301531132	-0.020558315497536367	10473108253681171589
NA19452	0.03143541724434685	-0.02402950854160923	10473108253681171589
NA19453	0.02831296165549948	-0.016067692795029526	10473108253681171589
NA19455	-0.05126218437055169	-6.180670080386008E-4	10473108253681171589
NA19456	0.02611543230791095	-0.013620167481012021	10473108253681171589
NA19457	-0.01879682933920962	0.06027476514014629	10473108253681171589
NA19461	0.028148120156208798	-0.012559961197880143	10473108253681171589
NA19462	-0.01941471643667609	0.06523079927729074	10473108253681171589
NA19463	0.028612637280857917	0.01591094562804169	10473108253681171589
NA19466	0.03606729379464544	-0.03250280833156645	10473108253681171589
NA19467	-0.016411291714082094	-0.01644409039337949	10473108253681171589
NA19468	0.025043031736172484	-0.01345797598350024	10473108253681171589
NA19469	0.03287909569560527	0.050622749065230135	10473108253681171589
NA19470	0.027171306527203183	0.05349149028865783	10473108253681171589
NA19471	-0.007958484704228783	-0.02580023236150478	10473108253681171589
NA19472	-0.01912438506406636	-0.00938766828306371	10473108253681171589
NA19473	0.02792805705435681	0.0629891584346273	10473108253681171589
NA19474	0.03238717232413554	0.04361943785101915	10473108253681171589
NA19625	-0.054907243663039194	4.857665076349663E-4	10473108253681171589
NA19648	-0.05691200492481013	0.0036362823543340476	10473108253681171589
NA19651	0.026279325334540107	0.052931691580099714	10473108253681171589
NA19652	0.0345814767982683	-0.034022215668354804	10473108253681171589
NA19654	0.03456143688208897	-0.03398094828425116	10473108253681171589
NA19655	0.025043031736172484	-0.01345797598350024	10473108253681171589
NA19657	-0.05696597468581868	0.00358394545555181	10473108253681171589
NA19660	0.025043031736172484	-0.01345797598350024	10473108253681171589
NA19661	0.030673018945624974	0.037840953732857285	10473108253681171589
NA19663	0.02611543230791095	-0.013620167481012021	10473108253681171589
NA19664	0.02522075614950715	-0.013909496794896056	10473108253681171589
NA19672	0.026696354922875906	-0.01694305689915648	10473108253681171589
NA19675	0.023381146246111106	-0.0029778438636687277	10473108253681171589
NA19676	0.02078446937859921	-0.0041441817314649704	10473108253681171589
NA19678	0.0203202083277179	0.0400382398669501	10473108253681171589
NA19679	0.027604540239913065	-0.01237485671607269	10473108253681171589
NA19681	-0.01325400695046399	-0.013253107659180469	10473108253681171589
NA19682	-0.05691200492481013	0.0036362823543340476	10473108253681171589
NA19684	-0.013244280655026943	-0.01538445141616745	10473108253681171589
NA19685	0.03331131189701577	-0.03336723597534355	10473108253681171589
NA19700	0.031202736953058342	0.046928439397580325	10473108253681171589
NA19701	0.03061180253738497	0.05276605427485589	10473108253681171589
NA19703	0.02855145654883136	0.05036501809139761	10473108253681171589
NA19704	0.03285880458390458	0.050643046482355514	10473108253681171589
NA19707	0.03331131189701577	-0.03336723597534355	10473108253681171589
NA19711	-0.017676295946166126	-0.0070855430457677825	10473108253681171589
NA19712	-0.01586287302691603	-0.011720123290029028	10473108253681171589
NA19713	0.031716438949777624	0.049585149619888635	10473108253681171589
NA19716	0.02611543230791095	-0.013620167481012021	10473108253681171589
NA19717	-0.015332093311516757	-0.02306873541291676	10473108253681171589
NA19719	-0.014245967712483614	-0.013528344026424723	10473108253681171589
NA19720	-0.020445598181780277	-0.012489126079976215	10473108253681171589
NA19722	0.034575305459358406	-0.034010185046158846	10473108253681171589
NA19723	-0.056955624583425284	-8.776122338998724E-4	10473108253681171589
NA19725	0.03116441853986042	0.04258469407602149	10473108253681171589
NA19726	0.025043031736172484	-0.01345797598350024	10473108253681171589
NA19728	0.026293156721245804	-0.014071688292407689	10473108253681171589
NA19729	0.026293156721245804	-0.014071688292407689	10473108253681171589
NA19731	0.02522075614950715	-0.013909496794896056	10473108253681171589
NA19732	-0.01257166608164921	-0.023466728948872678	10473108253681171589
NA19734	0.03456143688208897	-0.03398094828425116	10473108253681171589
NA19735	-0.014737720857353434	-0.013988798788983275	10473108253681171589
NA19737	0.01903126806373706	0.06677782179253716	10473108253681171589
NA19738	0.03391108722761749	-0.02265348919436188	10473108253681171589
NA19740	-0.01850270009070057	-0.012520986870175497	10473108253681171589
NA19741	0.031834109392785415	-0.016285763124270533	10473108253681171589
NA19746	0.026307025298515172	-0.01410092505431561	10473108253681171589
NA19747	-0.0087699085599454	-0.02710678498946458	10473108253681171589
NA19749	0.03349666662120608	-0.03383932068892398	10473108253681171589
NA19750	-0.018539055965861376	-0.012712647825400207	10473108253681171589
NA19752	0.027271047422282063	0.04940109580864273	10473108253681171589
NA19753	0.026696354922875906	-0.01694305689915648	10473108253681171589
NA19755	-0.01953441855365377	-0.013129167444753306	10473108253681171589
NA19756	0.03101042162038457	-0.02421205710697275	10473108253681171589
NA19758	0.033492946167479005	-0.03409581510185399	10473108253681171589
NA19759	0.026293156721245804	-0.014071688292407689	10473108253681171589
NA19761	0.025043031736172484	-0.01345797598350024	10473108253681171589
NA19762	-0.013257026810222866	-0.013261166370837647	10473108253681171589
NA19764	0.035872820400756164	-0.03228411670791619	10473108253681171589
NA19770	0.025043031736172484	-0.01345797598350024	10473108253681171589
NA19771	-0.056955624583425284	-8.776122338998724E-4	10473108253681171589
NA19773	0.02522075614950715	-0.013909496794896056	10473108253681171589
NA19774	-0.056955624583425284	-8.776122338998724E-4	10473108253681171589
NA19776	0.022159489712968296	0.06639501419902698	10473108253681171589
NA19777	-0.018539055965861376	-0.012712647825400207	10473108253681171589
NA19779	-0.00876599870281665	-0.027383843304579124	10473108253681171589
NA19780	0.025776551625010063	0.04811148483961065	10473108253681171589
NA19782	-0.013854472268961955	-0.013709197295995028	10473108253681171589
NA19783	-0.017466655394122756	-0.012874839322911846	10473108253681171589
NA19785	-0.014737720857353434	-0.013988798788983275	10473108253681171589
NA19786	0.02522075614950715	-0.013909496794896056	10473108253681171589
NA19788	0.026352396761399693	-0.014188809630519127	10473108253681171589
NA19789	0.03438371246875427	-0.03352942747285524	10473108253681171589
NA19794	-0.018726889444404503	-0.01143538482927794	10473108253681171589
NA19795	-0.022357238046591798	0.05377148925364945	10473108253681171589
NA19818	0.028305458941482075	0.06115905951340712	10473108253681171589
NA19819	0.03100651176325588	-0.023934998791858012	10473108253681171589
NA19834	-0.01986922991094824	0.060436956637657836	10473108253681171589
NA19835	0.03178640401216586	0.05080523797986727	10473108253681171589
NA19900	0.03167436921282741	0.053952048028916726	10473108253681171589
NA19901	-0.009762510172999535	-0.02707269038354688	10473108253681171589
NA19904	0.03399385600088795	-0.034070788874219486	10473108253681171589
NA19908	0.03400397596735213	-0.03401955763314099	10473108253681171589
NA19909	-0.01768441579331377	0.06498919514647096	10473108253681171589
NA19914	-0.019799264848560077	0.061657044997636516	10473108253681171589
NA19916	-0.05691200492481013	0.0036362823543340476	10473108253681171589
NA19917	0.03278689767940971	0.04948370101446125	10473108253681171589
NA19920	-0.01102925689181606	-0.02364996385160656	10473108253681171589
NA19921	0.024353531793304777	0.06613412518378038	10473108253681171589
NA19922	-0.020572228271969663	-0.015376774956671517	10473108253681171589
NA19923	0.031504513850264135	0.05275449349848248	10473108253681171589
NA19982	-0.009842309131684006	-0.026944593491952863	10473108253681171589
NA19984	-0.02675251140549868	0.06763185667913253	10473108253681171589
NA19985	0.03441200404085691	-0.03031063169626754	10473108253681171589
NA20126	0.023776162883036876	-0.01240636462752412	10473108253681171589
NA20127	-0.017092646062950752	-0.006683481433941854	10473108253681171589
NA20276	0.03438371246875427	-0.03352942747285524	10473108253681171589
NA20278	-0.011301282598911609	0.05905085674304892	10473108253681171589
NA20281	0.032292052062010586	0.04463491757512013	10473108253681171589
NA20282	0.023090974914988346	-0.008676671620268004	10473108253681171589
NA20287	0.024909496722170937	0.028899695000143766	10473108253681171589
NA20289	-0.016615322944439934	-0.007257462364175285	10473108253681171589
NA20291	0.025981897293909588	0.02873750350263209	10473108253681171589
NA20294	-0.00925327138319859	-0.026498231676034188	10473108253681171589
NA20296	-0.011759079086358724	0.05996094691717647	10473108253681171589
NA20298	-0.020976350898212894	-0.022301587880304778	10473108253681171589
NA20299	0.03331131189701577	-0.03336723597534355	10473108253681171589
NA20314	0.02605969095747218	-0.01474681245747334	10473108253681171589
NA20317	-0.01533600316864551	-0.022791677097802183	10473108253681171589
NA20322	0.02258966384867009	0.07328985763530353	10473108253681171589
NA20332	0.03322756866977967	-0.027001630149706253	10473108253681171589
NA20334	0.027888338477311456	0.055185599161757574	10473108253681171589
NA20336	0.021633298962237656	0.074522105073654	10473108253681171589
NA20339	0.026664461001446933	0.06305740134821629	10473108253681171589
NA20340	0.025981897293909588	0.02873750350263209	10473108253681171589
NA20341	-0.014375535873986768	0.056284040243507236	10473108253681171589
NA20342	-0.01807279496535746	-0.01341285433455893	10473108253681171589
NA20344	-0.01842615116104095	0.058664880604061526	10473108253681171589
NA20346	-0.02148735119026875	-0.003212728894154065	10473108253681171589
NA20348	0.03507637653909086	-0.03418174913065264	10473108253681171589
NA20351	0.02399677205306442	0.04853773317031785	10473108253681171589
NA20356	0.028037497652227253	-0.014999447869267912	10473108253681171589
NA20357	0.02920656591303629	-7.111723592467474E-4	10473108253681171589
NA20359	0.024249090291202435	0.054465218588245094	10473108253681171589
NA20363	0.020049165539711367	0.07187958141962798	10473108253681171589
NA20412	-0.019556357718768708	-0.0065860430982172	10473108253681171589
NA20414	-0.01429005164704183	-0.012899255206444122	10473108253681171589
NA20502	-0.05805461349306871	-1.954483795369772E-4	10473108253681171589
NA20503	0.035872820400756164	-0.03228411670791619	10473108253681171589
NA20504	-0.020361334536576348	-0.01262949259095366	10473108253681171589
NA20505	-0.01487105144293851	-0.013618399185589783	10473108253681171589
NA20506	-0.009842309131684006	-0.026944593491952863	10473108253681171589
NA20507	-0.017668006783807855	0.06538869371286606	10473108253681171589
NA20508	-0.015257833769998607	-0.013015492967116666	10473108253681171589
NA20509	0.03438371246875427	-0.03352942747285524	10473108253681171589
NA20510	-0.01873322366273655	0.053200699055346405	10473108253681171589
NA20512	0.03331131189701577	-0.03336723597534355	10473108253681171589
NA20513	-0.056463871438555524	-4.1715747134131307E-4	10473108253681171589
NA20515	-0.011582842334802805	-0.015100281097760394	10473108253681171589
NA20516	-0.018539055965861376	-0.012712647825400207	10473108253681171589
NA20517	-0.01896290275134662	-0.012979975736811263	10473108253681171589
NA20518	-0.013244280655026943	-0.01538445141616745	10473108253681171589
NA20519	0.026841768503938827	0.06029947949713024	10473108253681171589
NA20520	-0.013647976510516519	-0.02302747913624629	10473108253681171589
NA20521	-0.017466655394122756	-0.012874839322911846	10473108253681171589
NA20522	-0.02372530590914739	9.450324842708738E-4	10473108253681171589
NA20524	-0.009842309131684006	-0.026944593491952863	10473108253681171589
NA20525	0.025102271776326335	-0.013575097321611688	10473108253681171589
NA20527	-0.012143643182514652	-0.015609946606657737	10473108253681171589
NA20528	-0.009838399274555315	-0.027221651807067444	10473108253681171589
NA20529	0.026773847837798428	-0.014545055879400645	10473108253681171589
NA20530	0.025710717197715425	-0.014375794441942313	10473108253681171589
NA20531	-0.05522397826668104	0.0034004803158898286	10473108253681171589
NA20532	-0.05691200492481013	0.0036362823543340476	10473108253681171589
NA20533	0.03331131189701577	-0.03336723597534355	10473108253681171589
NA20534	0.025802117960816225	0.048413021700307694	10473108253681171589
NA20535	-0.013647976510516519	-0.02302747913624629	10473108253681171589
NA20536	0.026273339084515603	0.052899525386867596	10473108253681171589
NA20537	0.03331131189701577	-0.03336723597534355	10473108253681171589
NA20538	-0.02372530590914739	9.450324842708738E-4	10473108253681171589
NA20539	0.02671419635183355	-0.01530514942208011	10473108253681171589
NA20540	-0.018539055965861376	-0.012712647825400207	10473108253681171589
NA20541	0.025043031736172484	-0.01345797598350024	10473108253681171589
NA20542	-0.014915445270688115	-0.013537277977587537	10473108253681171589
NA20543	0.035872820400756164	-0.03228411670791619	10473108253681171589
NA20544	0.026273339084515603	0.052899525386867596	10473108253681171589
NA20581	-0.020227082623990297	-0.012476845786956065	10473108253681171589
NA20582	-0.014326407522202626	-0.01309091616166876	10473108253681171589
NA20585	0.025043031736172484	-0.01345797598350024	10473108253681171589
NA20586	-0.018737974691988353	-0.011231535022016683	10473108253681171589
NA20588	-0.019919638530314872	-0.0029720818714356638	10473108253681171589
NA20589	0.0317400316520935	0.037634462031252716	10473108253681171589
NA20752	0.02093092533978403	0.06632471425727737	10473108253681171589
NA20753	0.03335570572476525	-0.033448357183345725	10473108253681171589
NA20754	-0.058643651241554205	-6.418101954556263E-4	10473108253681171589
NA20755	0.025043031736172484	-0.01345797598350024	10473108253681171589
NA20756	-0.05044319491972567	-6.647325906884677E-4	10473108253681171589
NA20757	0.03331131189701577	-0.03336723597534355	10473108253681171589
NA20758	0.02671419635183355	-0.01530514942208011	10473108253681171589
NA20759	0.03331131189701577	-0.03336723597534355	10473108253681171589
NA20760	0.03066763108035486	0.037796653528764455	10473108253681171589
NA20761	0.031033844908680785	-0.02401246022918909	10473108253681171589
NA20765	0.022003325911522632	0.06616252275976557	10473108253681171589
NA20766	-0.01328672629274226	0.056521347312390995	10473108253681171589
NA20768	0.025776551625010063	0.04811148483961065	10473108253681171589
NA20769	0.03331131189701577	-0.03336723597534355	10473108253681171589
NA20770	-0.013244280655026943	-0.01538445141616745	10473108253681171589
NA20771	0.0317472634609109	0.03765734611894603	10473108253681171589
NA20772	-0.058643651241554205	-6.418101954556263E-4	10473108253681171589
NA20773	-0.058643651241554205	-6.418101954556263E-4	10473108253681171589
NA20774	-0.051418310887848685	-5.166340398166624E-4	10473108253681171589
NA20775	-0.013647976510516519	-0.02302747913624629	10473108253681171589
NA20778	-0.058643651241554205	-6.418101954556263E-4	10473108253681171589
NA20783	-0.012171880083288266	-0.01554664291367906	10473108253681171589
NA20785	0.020789909134968327	-0.004154861261067801	10473108253681171589
NA20786	0.0358941626380227	-0.0323272444660185	10473108253681171589
NA20787	0.021499354759207168	0.07372466836753991	10473108253681171589
NA20790	-0.018737974691988353	-0.011231535022016683	10473108253681171589
NA20792	0.02724845505263861	0.0527514268359958	10473108253681171589
NA20795	0.025776551625010063	0.04811148483961065	10473108253681171589
NA20796	0.025043031736172484	-0.01345797598350024	10473108253681171589
NA20797	0.022273577310601065	-0.002898870966525736	10473108253681171589
NA20798	0.026532139668174363	-0.012212665218560983	10473108253681171589
NA20799	-0.056955624583425284	-8.776122338998724E-4	10473108253681171589
NA20800	-0.014263602596906799	-0.022953868595313908	10473108253681171589
NA20801	-0.013244280655026943	-0.01538445141616745	10473108253681171589
NA20802	-0.015554518726435517	-0.022803957390822385	10473108253681171589
NA20803	0.02078446937859921	-0.0041441817314649704	10473108253681171589
NA20804	0.02567554883394395	-0.014459013042311036	10473108253681171589
NA20805	-0.05522397826668104	0.0034004803158898286	10473108253681171589
NA20806	-0.018539055965861376	-0.012712647825400207	10473108253681171589
NA20807	-0.012171880083288266	-0.01554664291367906	10473108253681171589
NA20808	0.03331131189701577	-0.03336723597534355	10473108253681171589
NA20809	0.02671419635183355	-0.01530514942208011	10473108253681171589
NA20810	0.0333245808943301	-0.033459967403054486	10473108253681171589
NA20811	0.035872820400756164	-0.03228411670791619	10473108253681171589
NA20812	0.02567554883394395	-0.014459013042311036	10473108253681171589
NA20813	0.025043031736172484	-0.01345797598350024	10473108253681171589
NA20814	-0.012575575938777957	-0.02318967063375809	10473108253681171589
NA20815	-0.014915445270688115	-0.013537277977587537	10473108253681171589
NA20816	0.034824881580760206	-0.03196575294784575	10473108253681171589
NA20818	0.0348004198290175	-0.032121925210404294	10473108253681171589
NA20819	-0.051418310887848685	-5.166340398166624E-4	10473108253681171589
NA20826	-0.021641603153463324	-0.0027191944427720034	10473108253681171589
NA20828	-0.018539055965861376	-0.012712647825400207	10473108253681171589
NA21313	-0.011641890564647409	0.0026551521577898624	10473108253681171589
