HG00096	0.02803856812590713	0.05146149017144969	10473108253681171589
HG00097	0.03019106315753841	-0.001667663067763343	10473108253681171589
HG00099	0.03255843213697185	-0.019133399251005084	10473108253681171589
HG00100	-0.0017240107924851302	-0.005114919124600641	10473108253681171589
HG00101	0.021040197893065635	-0.022533624818553498	10473108253681171589
HG00102	-0.008269050703498159	-0.0023197368605057853	10473108253681171589
HG00103	0.008615966688435273	0.05774327648064859	10473108253681171589
HG00104	0.027475526812348293	0.03843343984262327	10473108253681171589
HG00106	0.014280510786982918	0.05859786079334288	10473108253681171589
HG00108	0.02487269846152212	0.012223161595399271	10473108253681171589
HG00109	0.020585208914324252	0.05954193704908726	10473108253681171589
HG00110	-0.03954593040873598	0.05697427317463813	10473108253681171589
HG00111	-0.03108968293793098	0.009615794636742817	10473108253681171589
HG00112	-0.005550131822596733	0.0202507142472239	10473108253681171589
HG00113	-0.010037795031591726	0.02773262111428487	10473108253681171589
HG00114	0.022162709681890245	0.009898541805516501	10473108253681171589
HG00116	0.022944114860148093	0.0554837541602061	10473108253681171589
HG00117	0.01536240062525504	-0.026355604278705667	10473108253681171589
HG00118	-0.026712018720661104	0.06299633590435835	10473108253681171589
HG00119	-0.00542484521348865	-0.0062516226663073896	10473108253681171589
HG00120	0.017884136179664657	0.06342735356559105	10473108253681171589
HG00121	-0.015743923281353874	-0.01267304669298007	10473108253681171589
HG00122	8.958187485122846E-4	-0.007213658132415351	10473108253681171589
HG00123	0.019054182108204372	0.019924034891412885	10473108253681171589
HG00124	-0.019421045773811242	-0.006064222558200623	10473108253681171589
HG00125	-0.021830235370915184	-0.002925974391340957	10473108253681171589
HG00126	0.0035373706225034665	0.0657604639526443	10473108253681171589
HG00127	0.011497437126563117	-0.0013731993085958631	10473108253681171589
HG00128	0.013317652374497531	-0.008883751720393318	10473108253681171589
HG00129	0.020161448971545332	0.001647890008067204	10473108253681171589
HG00130	0.018842108801959148	0.002967248729604271	10473108253681171589
HG00131	0.0069763064387843386	0.013293887604796696	10473108253681171589
HG00133	0.005987411924603051	-0.005230270828712807	10473108253681171589
HG00134	-4.6255310141467645E-4	0.050386943226544134	10473108253681171589
HG00135	-0.007072017213409723	0.003358697575151016	10473108253681171589
HG00136	0.007720689403377	0.033542933433892516	10473108253681171589
HG00137	-0.0036831258888895694	0.06079776914767517	10473108253681171589
HG00138	0.030155659537788645	-0.019146323964573546	10473108253681171589
HG00139	0.012055989656323148	-0.018056827480973252	10473108253681171589
HG00140	0.019548605418653373	0.049324568805637056	10473108253681171589
HG00141	0.019836892135644758	0.013059334624349578	10473108253681171589
HG00142	0.018397018308141406	0.06424563830173409	10473108253681171589
HG00143	0.011485777194017551	-0.01215551022437315	10473108253681171589
HG00146	-0.030102332763454996	-0.004094477989435919	10473108253681171589
HG00148	0.03863331747407859	0.04409674356199809	10473108253681171589
HG00149	-0.027803224981986598	2.2008647472073934E-4	10473108253681171589
HG00150	0.009871693303714091	0.014666161289029978	10473108253681171589
HG00151	-0.014463256713880844	-0.007435444742793017	10473108253681171589
HG00152	0.022897749663635156	0.008865288524406344	10473108253681171589
HG00154	0.025861553686601927	0.007024741347031864	10473108253681171589
HG00155	0.01146559246941324	0.027560077824645573	10473108253681171589
HG00156	0.016986610591777876	-0.013563038361986992	10473108253681171589
HG00158	0.016310714693643067	0.027596938760452397	10473108253681171589
HG00159	0.021632741454385356	0.05816712419099549	10473108253681171589
HG00160	0.008095102595889636	0.020577461777288274	10473108253681171589
HG00171	0.026072764976044945	3.02239491138179E-4	10473108253681171589
HG00173	-0.014820532387311873	-0.0052060421046037746	10473108253681171589
HG00174	0.030794196698977466	-0.01901862250701801	10473108253681171589
HG00176	0.02913283082193036	0.01359332281551658	10473108253681171589
HG00177	0.02312442678292117	0.052312307347567144	10473108253681171589
HG00178	0.0024714244184923053	0.029163416823486703	10473108253681171589
HG00179	0.0192811361461257	0.033474740142246114	10473108253681171589
HG00180	0.018477475226871865	0.06487723245717557	10473108253681171589
HG00182	0.007971256889950658	-0.016283585289314638	10473108253681171589
HG00183	0.013559638019742014	0.055326654320053695	10473108253681171589
HG00185	0.026746437121110786	0.0355429575455938	10473108253681171589
HG00186	0.022950288420008576	-0.02133068315740744	10473108253681171589
HG00187	-0.025503624159554917	-0.013592863486774916	10473108253681171589
HG00188	0.017792466811878682	-0.022915922336454397	10473108253681171589
HG00189	0.03634354655304143	-0.022407978158131107	10473108253681171589
HG00190	0.021430057601849847	0.06024690777836989	10473108253681171589
HG00231	-0.029952283947861792	0.0019257700831054596	10473108253681171589
HG00232	0.008297804584946318	0.06362649927985282	10473108253681171589
HG00233	0.035013456503276	0.0169728356177983	10473108253681171589
HG00234	0.0033466990537457508	-0.004656656282300411	10473108253681171589
HG00235	-4.58542796230324E-4	-0.008174763595475485	10473108253681171589
HG00236	-0.020099602663386656	-0.006383346007996896	10473108253681171589
HG00237	0.01405961308195232	-0.004268064282711739	10473108253681171589
HG00238	-0.010038372207981348	0.050194490544028914	10473108253681171589
HG00239	0.013615446163703923	0.048579095278228485	10473108253681171589
HG00240	-0.006157055526864704	-0.0058359373518923055	10473108253681171589
HG00242	0.026874152929863507	-0.019895276504566295	10473108253681171589
HG00243	0.010566201991747784	0.053677717652646666	10473108253681171589
HG00244	0.004731443880734295	0.01462945636658282	10473108253681171589
HG00245	0.030486455692656705	-0.02021814603886135	10473108253681171589
HG00246	0.03351487866796521	-0.008507332291015333	10473108253681171589
HG00247	-0.04703299049562187	0.0012075716914608434	10473108253681171589
HG00249	-0.03314445129810241	8.483051043279518E-5	10473108253681171589
HG00250	-0.026376199886849735	0.010622131342456036	10473108253681171589
HG00251	0.010937322382353214	0.05771974771824986	10473108253681171589
HG00252	0.03206180733247511	0.044528527509127	10473108253681171589
HG00253	-0.028799012483703822	1.9408536987548507E-4	10473108253681171589
HG00254	-0.0021359139670124364	0.05936922451424494	10473108253681171589
HG00255	-3.936420136968618E-4	0.04767073910342856	10473108253681171589
HG00256	0.005089574507215405	0.01400013185442516	10473108253681171589
HG00257	0.0210139158997584	0.05183981768145882	10473108253681171589
HG00258	0.027759328145968563	-0.021959787438546784	10473108253681171589
HG00259	0.037729497160135524	0.04743522334089931	10473108253681171589
HG00260	0.009096157686482994	-0.013723937831870373	10473108253681171589
HG00261	-0.03521902805483801	-4.8439986458762886E-4	10473108253681171589
HG00262	-0.01602771391056731	-0.004932189608024148	10473108253681171589
HG00263	0.008752839230653101	0.0490792566155396	10473108253681171589
HG00264	-3.510590207421991E-4	0.017562743940770082	10473108253681171589
HG00265	0.01701554813360574	0.05567789390929401	10473108253681171589
HG00266	0.02406370153550464	0.0169916236920975	10473108253681171589
HG00267	-0.03167921379175445	0.05956453087617637	10473108253681171589
HG00268	-0.02100302809307877	0.032261402181611706	10473108253681171589
HG00269	0.02246393318059065	-0.021192794938669428	10473108253681171589
HG00270	0.018501770975265584	0.049200770402897054	10473108253681171589
HG00271	-3.59524558629169E-4	2.312220161698037E-4	10473108253681171589
HG00272	0.015310940341346441	0.028403747011901653	10473108253681171589
HG00273	0.033112875885178854	0.03948738653382368	10473108253681171589
HG00274	3.5023293329160314E-4	0.016079341948560314	10473108253681171589
HG00275	0.03220721648546231	-0.02459508142254345	10473108253681171589
HG00276	0.008935480301973877	0.059357824485651106	10473108253681171589
HG00277	0.021480457282391455	-0.021519349746673706	10473108253681171589
HG00278	-0.005755757865902036	0.012949020003035893	10473108253681171589
HG00280	0.02552473187273834	0.04505538880618495	10473108253681171589
HG00281	0.014179618282253418	0.05843071786330407	10473108253681171589
HG00282	0.03089770599738325	-0.01963609464843164	10473108253681171589
HG00284	0.012706095435255157	-0.01697606587514183	10473108253681171589
HG00285	0.016833495922868574	0.06244840017641443	10473108253681171589
HG00306	0.0013696166941025865	-5.877792030122336E-4	10473108253681171589
HG00309	0.022786856326396307	0.00314510521242688	10473108253681171589
HG00310	0.03241497127639409	0.05203319958673524	10473108253681171589
HG00311	-1.3450807485656236E-4	0.04707321868061727	10473108253681171589
HG00312	0.001277173783206244	0.0569877588036291	10473108253681171589
HG00313	0.03498667688865315	0.04327038550006637	10473108253681171589
HG00315	0.020819765223690934	-0.022220348378561718	10473108253681171589
HG00318	0.006985021979089332	0.06090717211213971	10473108253681171589
HG00319	0.00479750921469676	-0.007928616312338538	10473108253681171589
HG00320	-0.04448862822354731	2.4936663782304525E-4	10473108253681171589
HG00321	0.008564483071559294	-0.007960937007301735	10473108253681171589
HG00323	0.021897079846448918	0.022754501071797658	10473108253681171589
HG00324	0.007738891404878959	-0.03468502460896568	10473108253681171589
HG00325	-0.014913582557893297	-0.003682370792404401	10473108253681171589
HG00326	0.020421093146579063	0.022812945206503173	10473108253681171589
HG00327	0.028987132548697933	-0.03212654344737948	10473108253681171589
HG00328	0.029715435623751812	-0.02853946682900722	10473108253681171589
HG00329	0.02604086423274983	0.01956086175278133	10473108253681171589
HG00330	0.031203758308502225	-0.01950620409954165	10473108253681171589
HG00331	0.022612960247045663	0.037381415883174667	10473108253681171589
HG00332	0.013809403637228239	-0.017135977530890075	10473108253681171589
HG00334	0.0025583725696240018	0.05212467971892897	10473108253681171589
HG00335	0.02694255930764548	0.006595261689822272	10473108253681171589
HG00336	0.028057646169234028	-0.021118668189137484	10473108253681171589
HG00337	0.012480896514043015	-0.012102424271918974	10473108253681171589
HG00338	0.02126742908461194	-0.009455972177407653	10473108253681171589
HG00339	-0.02686410628816261	0.056699644871988676	10473108253681171589
HG00341	0.033872198689674275	0.043466731321301876	10473108253681171589
HG00342	0.011842705444722976	-0.009675894095871058	10473108253681171589
HG00343	0.006070186188413079	-0.03131857706032398	10473108253681171589
HG00344	0.01877431120320489	0.0016708354173457691	10473108253681171589
HG00345	0.023326724903804337	0.02002754553307772	10473108253681171589
HG00346	0.012152899551163632	0.05723530639229275	10473108253681171589
HG00349	0.026026207387722645	0.0471642759197022	10473108253681171589
HG00350	0.021765413725592188	-0.016518504876401805	10473108253681171589
HG00351	0.010957811633393976	9.921120228115377E-4	10473108253681171589
HG00353	0.012712295251606005	-0.0019457730277251506	10473108253681171589
HG00355	0.0049047169529664245	0.022209627426313588	10473108253681171589
HG00356	0.024800913810504765	0.04816364364159893	10473108253681171589
HG00357	0.01309729898664423	0.04962395021023568	10473108253681171589
HG00358	0.007587281210971986	-0.00556543589390882	10473108253681171589
HG00359	0.028721946732455185	0.04773858303204091	10473108253681171589
HG00360	0.012155476201870439	-0.016640671388402188	10473108253681171589
HG00361	0.03280237759063877	-0.01962151404110593	10473108253681171589
HG00362	0.02707458613031487	-0.022434540630069427	10473108253681171589
HG00364	0.010648049837306814	-0.026658110409846676	10473108253681171589
HG00366	0.022976813769052144	0.016392741796679985	10473108253681171589
HG00367	0.027100689125373834	-0.02498887517083744	10473108253681171589
HG00369	0.017620315453573315	0.01963031855659599	10473108253681171589
HG00372	-0.022782114477574892	0.033502005518300536	10473108253681171589
HG00373	-0.0028492952711843666	-0.021542970263990335	10473108253681171589
HG00375	0.012129912069043722	0.05897333669386443	10473108253681171589
HG00376	0.014048523777946473	-0.010668066543028105	10473108253681171589
HG00377	0.008858770165753536	-0.018409727452703313	10473108253681171589
HG00378	0.013349786650410228	0.0302230188719059	10473108253681171589
HG00381	0.03110627257599961	0.04090086898131702	10473108253681171589
HG00382	0.019946563700232095	-0.023092746850027802	10473108253681171589
HG00383	-0.021336438183598743	0.06614765336748378	10473108253681171589
HG00384	-0.029853698250704486	0.006257469487466243	10473108253681171589
HG00403	-0.016702722586162982	0.0010639840231592352	10473108253681171589
HG00404	0.033959168549313815	-0.03868114293067314	10473108253681171589
HG00406	0.005844862076304028	-0.024067719004070474	10473108253681171589
HG00407	0.03536576975906355	-0.0131408212362495	10473108253681171589
HG00418	-0.019620975688351392	-0.020691512637128283	10473108253681171589
HG00419	0.03406146152080305	-0.039168957803809745	10473108253681171589
HG00421	0.03685494485900908	-0.04571963076833032	10473108253681171589
HG00422	0.038164562596446	0.010428068491020666	10473108253681171589
HG00427	-0.05518613273015307	-0.023919401147054903	10473108253681171589
HG00428	0.031100761916092155	-0.015140307941787867	10473108253681171589
HG00436	0.03397726886023882	-0.030987571397958567	10473108253681171589
HG00437	0.03452499974221134	-0.04802250865889113	10473108253681171589
HG00442	-0.011499713078201244	-0.023537017194487274	10473108253681171589
HG00443	0.03854491484026244	-0.04525838838060506	10473108253681171589
HG00445	-0.0513142308798718	0.010671780107978089	10473108253681171589
HG00446	0.02182191624354895	-0.03472922619171809	10473108253681171589
HG00448	0.02636579094974139	-0.03488046315750674	10473108253681171589
HG00449	0.01851300129667346	-0.03958796293870283	10473108253681171589
HG00451	0.021107531300526335	-0.04439448744950811	10473108253681171589
HG00452	0.032128274114155426	-0.03825698160747635	10473108253681171589
HG00457	0.0038833268084530184	-0.039846800985151386	10473108253681171589
HG00458	-0.036762885195328124	-0.02597267947799485	10473108253681171589
HG00463	0.007752369066603207	-0.0018642288573975211	10473108253681171589
HG00464	0.014578883995142988	-0.017413013184719228	10473108253681171589
HG00472	0.011627427739783865	-0.049787225150629874	10473108253681171589
HG00473	0.03628049812883003	-0.038956547988489916	10473108253681171589
HG00475	0.01551810624914155	-0.03961825666374344	10473108253681171589
HG00476	0.0010035678475053035	-0.0055274333863206335	10473108253681171589
HG00478	0.03016763289937081	-0.038164304633398004	10473108253681171589
HG00479	0.01960179868046318	0.031116005954806174	10473108253681171589
HG00500	0.003110188887771922	0.0022410015624934015	10473108253681171589
HG00501	-0.03657387797993128	0.021093039159662087	10473108253681171589
HG00512	-0.014740463264341497	-0.023482641203135254	10473108253681171589
HG00513	0.035533161587269574	-0.04667723428124888	10473108253681171589
HG00524	0.030597739097785494	-0.002563132572834719	10473108253681171589
HG00525	0.019298789981199674	-5.443197023954551E-4	10473108253681171589
HG00530	0.03419542016586985	-0.03325823083408699	10473108253681171589
HG00531	0.03760086946737101	-0.03948242088606375	10473108253681171589
HG00533	-0.01598430309896109	-0.02137263284025291	10473108253681171589
HG00534	0.027543579632581614	-0.0061986322052461915	10473108253681171589
HG00536	0.0050203836724713995	-0.033797865682091414	10473108253681171589
HG00537	0.04164589337531797	0.02418268966903637	10473108253681171589
HG00542	0.020968597124409783	-0.044032202049746956	10473108253681171589
HG00543	-0.021458926406355258	-0.031326512931843915	10473108253681171589
HG00553	0.004816665200709031	-0.002265070890477401	10473108253681171589
HG00554	-0.04181051071803902	0.010190360281337362	10473108253681171589
HG00556	-0.009249342752897302	-0.02226413430126467	10473108253681171589
HG00557	-0.010831086955997465	-0.03494441127284353	10473108253681171589
HG00559	0.016642692185875056	-0.015769637906864597	10473108253681171589
HG00560	0.013864932748061096	0.007411417528353394	10473108253681171589
HG00565	0.013274989697460103	-0.04736263413686017	10473108253681171589
HG00566	-0.010414283127294019	-0.030813252440871488	10473108253681171589
HG00577	0.0015179812957871873	-0.04966314664774271	10473108253681171589
HG00578	0.01694222203876282	-0.03795931063216228	10473108253681171589
HG00580	0.016711482658091106	-0.010809148782926707	10473108253681171589
HG00581	0.03432176973093751	-0.04737669749169338	10473108253681171589
HG00583	0.03586289564458702	-0.016139332506930622	10473108253681171589
HG00584	3.508501678486473E-4	-0.04179126556413448	10473108253681171589
HG00589	0.0330174895103038	5.00145079585031E-4	10473108253681171589
HG00590	-0.02462134430278829	-0.02478250645679951	10473108253681171589
HG00592	-0.04904369997149096	0.004125409631490845	10473108253681171589
HG00593	0.03277859732929023	-0.031055151966013345	10473108253681171589
HG00595	0.017210180131423062	-0.011738731843617664	10473108253681171589
HG00596	0.03519754167635106	0.022431947314920243	10473108253681171589
HG00607	0.015468998254846884	-0.040781704129352024	10473108253681171589
HG00608	0.008450467760353766	-0.03381050930168812	10473108253681171589
HG00610	0.016574436064121217	-0.04403816990137705	10473108253681171589
HG00611	0.0015115936540549154	-0.02116982549568729	10473108253681171589
HG00613	0.038033829744697586	-0.029998925594730178	10473108253681171589
HG00614	0.03502383241913932	-0.009139375172964951	10473108253681171589
HG00619	-0.0029277059897127944	0.0020847283154439315	10473108253681171589
HG00620	0.033588986592711624	-0.018342427180945045	10473108253681171589
HG00625	-0.02105850159319982	-0.020930842279352664	10473108253681171589
HG00626	0.009190010846298568	-0.02529326164911296	10473108253681171589
HG00628	0.012913928007795658	-0.04186190456009377	10473108253681171589
HG00629	-0.0030840255693865897	-0.04891737731153333	10473108253681171589
HG00634	0.03518759417103463	-0.03373579787053768	10473108253681171589
HG00635	0.016359602543316833	-0.037857403251818016	10473108253681171589
HG00637	0.02295349093416183	0.05088652005950066	10473108253681171589
HG00638	0.019910720673390996	0.016897273891029907	10473108253681171589
HG00640	0.0040975821338413345	0.052024034481394976	10473108253681171589
HG00641	0.01473261166405321	0.06270883937229389	10473108253681171589
HG00650	0.0227344184928416	-0.0141589803116898	10473108253681171589
HG00651	0.018656378448610473	-0.04129738085298319	10473108253681171589
HG00653	0.02871099851880299	-0.02603287132789147	10473108253681171589
HG00654	0.032986643346506014	0.024637940551213662	10473108253681171589
HG00656	0.03584986078025032	-0.043004829088057354	10473108253681171589
HG00657	0.014489956967232577	-0.026384011512849137	10473108253681171589
HG00662	0.009916300814390369	-0.008672729744200657	10473108253681171589
HG00663	0.013548372496830621	-0.04366976548204749	10473108253681171589
HG00671	-0.025052384375414505	-0.014466727975206706	10473108253681171589
HG00672	0.015720108894497462	-0.0411579701381363	10473108253681171589
HG00683	0.021216478389194656	-0.014071782786521977	10473108253681171589
HG00684	0.026149983786453307	0.03929843147097517	10473108253681171589
HG00689	0.0036505586134925588	0.022148832353657954	10473108253681171589
HG00690	-0.03981746758546927	0.008400974167640332	10473108253681171589
HG00692	0.03689953570084804	-0.018426446149231616	10473108253681171589
HG00693	0.018549082333314013	-0.006141431087795583	10473108253681171589
HG00698	-0.029060453056712045	0.0025783521606531244	10473108253681171589
HG00699	0.017256115607518482	-0.034718145535492864	10473108253681171589
HG00701	0.03372727931888279	-0.051199967566425614	10473108253681171589
HG00702	0.036365889265846246	-0.047619220695536923	10473108253681171589
HG00704	0.033022130052245524	-0.011013088625038678	10473108253681171589
HG00705	0.005626643074872195	-0.043396830776368286	10473108253681171589
HG00707	0.007916187176016155	0.03195382872035702	10473108253681171589
HG00708	-0.0028410058779394097	0.001985360395688447	10473108253681171589
HG00731	-0.030596112032828547	0.02261555119825571	10473108253681171589
HG00732	0.03653945848884793	-0.01293411301511752	10473108253681171589
HG00734	0.012432710123128079	-0.01792396295918669	10473108253681171589
HG00736	0.023035888685737527	0.008756032695650902	10473108253681171589
HG00737	-0.0018359641849706068	0.0018737136968314835	10473108253681171589
HG00740	0.023758898945421533	-0.020919880354689176	10473108253681171589
HG01047	-0.06835601044584519	-0.00391868990704018	10473108253681171589
HG01048	-0.003432321529688229	-0.008930718072824405	10473108253681171589
HG01051	-0.034120841470680785	0.0043045741910551156	10473108253681171589
HG01052	0.03109133670901698	-0.01940551954925332	10473108253681171589
HG01055	0.02099691053956392	0.017189509442384555	10473108253681171589
HG01060	0.012021232299606343	0.005542815504862487	10473108253681171589
HG01061	-0.028106491290238914	0.007259283047895689	10473108253681171589
HG01066	0.011030817257845726	-0.013135591710304012	10473108253681171589
HG01067	0.025045414370190054	-0.031019847531586847	10473108253681171589
HG01069	0.026973457851476926	0.016463088708498486	10473108253681171589
HG01070	0.03326232761143541	0.05110853234335588	10473108253681171589
HG01072	-0.019695568270760095	0.05659159332202553	10473108253681171589
HG01073	-0.027413473938490075	0.010997766067015476	10473108253681171589
HG01075	0.006091484620742147	0.057134811093508944	10473108253681171589
HG01079	0.032188106961843814	0.00654190351099003	10473108253681171589
HG01080	0.008643715833705178	0.05090285984936347	10473108253681171589
HG01082	0.0340426634708793	0.00833309165071212	10473108253681171589
HG01083	0.019567642222078727	-0.037872702828099396	10473108253681171589
HG01085	-0.012695249091803393	-0.006729668017716579	10473108253681171589
HG01095	0.01291221210350328	-0.012452585602635315	10473108253681171589
HG01097	0.0033526228040193632	0.0481280258279752	10473108253681171589
HG01098	-0.0018892471568046725	0.02470285430933932	10473108253681171589
HG01101	0.036944630254796856	-0.006731207965668578	10473108253681171589
HG01102	0.016442417534366552	-0.018256496981777042	10473108253681171589
HG01104	-0.002747111307206957	-0.004878207759079828	10473108253681171589
HG01105	4.8760918951612535E-4	-0.012940167235252828	10473108253681171589
HG01107	0.020604397195542294	0.05517048450468653	10473108253681171589
HG01108	-0.03002512363738429	-0.0234961061727215	10473108253681171589
HG01112	0.025232713988473574	0.051344792165038546	10473108253681171589
HG01113	0.03639135669583391	-0.03346299252914533	10473108253681171589
HG01124	-0.018557216352462866	-0.015407457570869997	10473108253681171589
HG01125	-0.004669000798126898	-0.0073385437785610545	10473108253681171589
HG01133	0.01925437903432161	0.05112730292045401	10473108253681171589
HG01134	0.021655865310071555	0.06399969997298365	10473108253681171589
HG01136	-0.003301162773055219	-0.014305251635681523	10473108253681171589
HG01137	0.030369398577618133	-0.032712209224489724	10473108253681171589
HG01140	-0.031225847486520054	0.0608888395471189	10473108253681171589
HG01148	0.032545070774899924	-0.029765334922626528	10473108253681171589
HG01149	0.017143944232633955	0.02883322703672081	10473108253681171589
HG01167	0.028975361553379462	0.04259088575789913	10473108253681171589
HG01168	-0.031323140895752596	-0.005438474579768714	10473108253681171589
HG01170	6.724390440339845E-4	0.009219974970256917	10473108253681171589
HG01171	0.018693494510383376	-0.02100316724378522	10473108253681171589
HG01173	-0.020057031920110827	0.06114094899992027	10473108253681171589
HG01174	-0.053059663209565226	-0.008593403316689936	10473108253681171589
HG01176	0.02521810866638181	-0.033461473624394826	10473108253681171589
HG01183	0.01470427765986969	-0.016773644436998348	10473108253681171589
HG01187	0.016379200721581312	-0.02610048576456196	10473108253681171589
HG01188	0.0356844056715577	0.04660732193200282	10473108253681171589
HG01190	0.019576193206326493	0.03700774509743167	10473108253681171589
HG01191	0.0013215610580461859	0.04601567071243973	10473108253681171589
HG01197	0.01588908587189234	0.06394283192335515	10473108253681171589
HG01198	0.03593268025892923	0.04126517042152979	10473108253681171589
HG01204	0.005437295636290758	-0.016580501379795786	10473108253681171589
HG01250	0.00799922066342451	0.05070750098778894	10473108253681171589
HG01251	0.038349021387526994	-0.007171905353891672	10473108253681171589
HG01257	0.018691178144665085	-0.02871311135651429	10473108253681171589
HG01259	0.028875157480942697	0.04536406474478734	10473108253681171589
HG01271	0.018494830167643944	-0.040164648745731196	10473108253681171589
HG01272	0.022553308258902723	-0.02952088411559092	10473108253681171589
HG01274	0.03327721034986125	-0.021083600802713286	10473108253681171589
HG01275	0.01883461130242489	-0.007442101078462302	10473108253681171589
HG01277	0.035601190207320346	-0.035614014504502196	10473108253681171589
HG01278	0.020469456441613344	-0.033529890408134685	10473108253681171589
HG01334	0.02280462452833128	-0.018499566241829773	10473108253681171589
HG01342	-0.04053511041634783	0.04875710066774611	10473108253681171589
HG01344	-0.04290363716087603	-4.4886204244711653E-4	10473108253681171589
HG01345	0.025000715405400175	0.052108749719207884	10473108253681171589
HG01350	0.03600781091729642	0.0462976405505566	10473108253681171589
HG01351	0.018164639314003733	0.05217647123131425	10473108253681171589
HG01353	0.023105606643780034	-0.01675080404448287	10473108253681171589
HG01354	-0.04474691073275612	0.011326357149437229	10473108253681171589
HG01356	0.019862453963218337	0.06230854310766548	10473108253681171589
HG01357	0.019229612653666208	-0.026621129556242445	10473108253681171589
HG01359	0.03642216086537202	-0.002848778083179381	10473108253681171589
HG01360	-0.023941666192515417	-0.016614642498754457	10473108253681171589
HG01365	0.02193155316788317	0.027908371896233578	10473108253681171589
HG01366	0.007269279592544507	0.014282374337694088	10473108253681171589
HG01374	0.007174382403939216	0.012260052181640562	10473108253681171589
HG01375	0.016350751108797093	-0.019117530620236335	10473108253681171589
HG01377	-0.018428414461267438	-0.01718708511534772	10473108253681171589
HG01378	0.03187519468285871	0.025297838964389852	10473108253681171589
HG01383	-0.028768615127048053	0.009266555084786503	10473108253681171589
HG01384	-0.035202378499648974	-0.014757477146900067	10473108253681171589
HG01389	0.011284811989732337	0.007876916562562088	10473108253681171589
HG01390	0.027165309217056215	0.04479996895924972	10473108253681171589
HG01437	0.016058840788081948	0.04988683805208457	10473108253681171589
HG01440	0.022781652702085004	0.0500684555215759	10473108253681171589
HG01441	0.020403397898039806	-0.038591597772112345	10473108253681171589
HG01455	0.022593847256203694	0.026999840145490308	10473108253681171589
HG01456	-9.453229735256352E-4	-0.016935613342303396	10473108253681171589
HG01461	0.002055357000794168	0.03735602602282782	10473108253681171589
HG01462	-0.027220889534642478	-0.029035161713857626	10473108253681171589
HG01465	-0.03801284047545102	-0.005176640955815393	10473108253681171589
HG01488	0.01862514792726715	-0.02405608484868079	10473108253681171589
HG01489	-0.03429950308355099	0.008732923872472188	10473108253681171589
HG01491	0.029884452924819536	-0.026818941116983692	10473108253681171589
HG01492	0.025131971368108828	0.03608760429525164	10473108253681171589
HG01494	0.033433235326462744	-0.04551479832961964	10473108253681171589
HG01495	0.02120074481691747	-0.04030817213816355	10473108253681171589
HG01497	0.03512315791659915	-0.009034980753003099	10473108253681171589
HG01498	0.0333379811141352	-0.019803965381329242	10473108253681171589
HG01515	0.023836488074029348	-0.032450541772477304	10473108253681171589
HG01516	0.009364324079724111	-0.03248309079145039	10473108253681171589
HG01518	0.02471405102370832	-0.019967586695104976	10473108253681171589
HG01519	-0.001410231014558188	-0.01651405080808731	10473108253681171589
HG01521	0.010261338657151871	-0.007573583320143136	10473108253681171589
HG01522	-0.002545686424737238	0.05770490513296193	10473108253681171589
HG01550	0.0030093759121560286	-0.00825423017819254	10473108253681171589
HG01551	-0.031109483369913416	0.04742301789432761	10473108253681171589
HG01617	-0.018477278208897288	-0.011162497296622447	10473108253681171589
HG01618	0.003471043263923345	0.0010575041536871306	10473108253681171589
HG01619	0.0176312021987576	-0.012335250968907065	10473108253681171589
HG01620	0.01487140581266919	-0.00793083554211644	10473108253681171589
HG01623	0.01724714319563081	-0.009981502739547825	10473108253681171589
HG01624	0.008293241623639605	0.018152303810369794	10473108253681171589
HG01625	9.163401032092965E-4	-0.012123120317713112	10473108253681171589
HG01626	-0.0417468552677395	-0.007251089626705739	10473108253681171589
NA06984	0.016283533052660434	-0.013965693894763823	10473108253681171589
NA06986	0.027653974987974513	-0.017321813805844015	10473108253681171589
NA06989	0.009781121582454113	-0.022230271795710518	10473108253681171589
NA06994	-0.004968171310403408	0.0043806467483332575	10473108253681171589
NA07000	0.02304101150055424	-0.0050583313414353775	10473108253681171589
NA07037	0.02274072100207063	-0.013148857095261013	10473108253681171589
NA07048	0.030588170558813802	-0.0019826973525867227	10473108253681171589
NA07051	0.019245998189130906	0.042712891762927856	10473108253681171589
NA07056	0.025890103081992088	0.018923726440141682	10473108253681171589
NA07346	0.007976626458386506	-0.022235712394474708	10473108253681171589
NA07347	0.031786560424281005	0.0493578010458929	10473108253681171589
NA07357	0.02047349304211843	0.010387656247422302	10473108253681171589
NA10847	0.016487535212598128	0.061358426340533456	10473108253681171589
NA10851	0.021946888256573833	0.05025168388830186	10473108253681171589
NA11829	0.01989755542564265	-0.022867579600309936	10473108253681171589
NA11830	0.013873348811298428	0.0536099238409851	10473108253681171589
NA11831	0.03258470779498642	-0.006322075963602757	10473108253681171589
NA11843	0.0029880556550724627	0.020450687185051324	10473108253681171589
NA11892	-0.008496648791498605	0.017637165673622404	10473108253681171589
NA11893	-0.01989438135168373	-0.00635726093457251	10473108253681171589
NA11894	-0.0017825533987129516	-0.005562776937342817	10473108253681171589
NA11918	0.007976626458386506	-0.022235712394474708	10473108253681171589
NA11919	0.005205732458175885	0.03139802565520617	10473108253681171589
NA11920	0.011184152784575126	0.046850641112423215	10473108253681171589
NA11930	2.2835258616506017E-4	0.016358497106485927	10473108253681171589
NA11931	0.012717618406198339	0.0579050934786701	10473108253681171589
NA11932	2.83378279751479E-4	0.028592776373072466	10473108253681171589
NA11933	0.01985875534031253	0.03899259896139917	10473108253681171589
NA11992	0.015594520472310776	0.0454156624766935	10473108253681171589
NA11993	0.005491396035509012	-0.015697441008345428	10473108253681171589
NA11994	-0.03364891316205069	0.037202940215333186	10473108253681171589
NA11995	0.018664354760858502	0.05327371571298046	10473108253681171589
NA12003	0.019300529610696424	-0.018610426019329922	10473108253681171589
NA12004	0.015229162140895654	-0.025669389353588663	10473108253681171589
NA12006	-0.0335444433392977	-0.006547616575387669	10473108253681171589
NA12043	0.021019192886815214	0.05754640775057454	10473108253681171589
NA12044	0.005834326538984035	-0.016951853032826595	10473108253681171589
NA12045	-0.030829056244906693	0.02103397218868658	10473108253681171589
NA12046	0.00920979378416202	0.007935988447964414	10473108253681171589
NA12058	0.02284768302285339	0.06317940360121607	10473108253681171589
NA12144	0.0070432813639578875	0.04816975064027288	10473108253681171589
NA12154	0.0044595571402978335	0.028581398559742444	10473108253681171589
NA12155	0.026821339794231517	0.05815410350779417	10473108253681171589
NA12249	0.029517723113676134	0.02477003377544518	10473108253681171589
NA12272	0.023330930532644654	-0.01221987179987451	10473108253681171589
NA12273	-0.04332103655917686	0.021815198237461322	10473108253681171589
NA12275	0.023915667381031548	-0.012531884925587395	10473108253681171589
NA12282	0.029765571090843764	0.043036336643085524	10473108253681171589
NA12283	-0.0347552664235029	0.007909310138688277	10473108253681171589
NA12286	-0.0018319134607248078	0.013459500992854685	10473108253681171589
NA12287	0.002392584718035295	-0.015765473590370005	10473108253681171589
NA12340	0.018908106671081337	0.06302425081361834	10473108253681171589
NA12341	0.03382003270907988	0.04426209404848127	10473108253681171589
NA12342	-0.019822685703203714	-0.013427115020970059	10473108253681171589
NA12347	0.0027436553676092467	0.0025179920229104133	10473108253681171589
NA12348	0.021324252072171555	0.04579492500710739	10473108253681171589
NA12383	-0.028911147907292167	-6.188756907776386E-4	10473108253681171589
NA12399	0.01172418223750583	-0.01617289637060573	10473108253681171589
NA12400	0.003966420171576056	0.0298046344177236	10473108253681171589
NA12413	0.019162780198197005	-0.01900438697225508	10473108253681171589
NA12489	0.015320876071249533	0.05729035776963449	10473108253681171589
NA12546	-0.013172333570280779	-0.025596901154753566	10473108253681171589
NA12716	-0.02913088406546289	0.022357952897998877	10473108253681171589
NA12717	-0.016173312062351747	0.012798739027267294	10473108253681171589
NA12718	0.002590096351674461	-0.014162342431790525	10473108253681171589
NA12748	0.018211948551908295	0.0636442795464868	10473108253681171589
NA12749	0.015308764558249454	0.05064447906931502	10473108253681171589
NA12750	0.00469136933151778	0.0552499197373953	10473108253681171589
NA12751	-0.027713503379150205	0.03468294213734406	10473108253681171589
NA12761	0.019049013810166163	0.030295363844642015	10473108253681171589
NA12763	0.021235519157315173	-0.00774138771418077	10473108253681171589
NA12775	0.023526932134192498	0.05507935669454751	10473108253681171589
NA12777	0.018745035188667363	-0.011285980975584078	10473108253681171589
NA12778	-0.026031807574024006	-0.003690605591929126	10473108253681171589
NA12812	7.547280395195649E-4	0.04692781772361833	10473108253681171589
NA12814	0.012229186453809148	0.03334136111871855	10473108253681171589
NA12815	-0.014600565804210472	0.06104463377571835	10473108253681171589
NA12827	0.030919162725887017	-0.01463872789619692	10473108253681171589
NA12829	0.006015768383751106	-0.013196079073484674	10473108253681171589
NA12830	0.033960489033307194	-0.020723247264478814	10473108253681171589
NA12842	-0.0022882209409050224	0.025300271262601776	10473108253681171589
NA12843	0.007490715476330384	0.01767240610379384	10473108253681171589
NA12872	0.02665852283240862	-0.003144729815486452	10473108253681171589
NA12873	0.0204809639051124	-0.0024021352844678457	10473108253681171589
NA12874	-0.012948456726056956	-0.011931840856530488	10473108253681171589
NA12889	0.014920297040173065	-0.002908422222907357	10473108253681171589
NA12890	0.02528375216192862	0.009778742575416369	10473108253681171589
NA18486	-0.05041544421254617	-0.02079116564923848	10473108253681171589
NA18487	-0.056983267045594616	-0.015466738618335083	10473108253681171589
NA18489	-0.07117330439883326	-0.01620797942085243	10473108253681171589
NA18498	-0.05176049699927236	-0.005809940633512039	10473108253681171589
NA18499	-0.03746085712997432	-0.018907026976538004	10473108253681171589
NA18501	-0.015275415847593178	0.00893981563936259	10473108253681171589
NA18502	-0.053690758039452564	-0.021250855152589256	10473108253681171589
NA18504	-0.07261920163606812	-0.00892116987782426	10473108253681171589
NA18505	-0.04128400127274121	-0.022419710105622964	10473108253681171589
NA18507	-0.04254378359988874	-0.010238508454537236	10473108253681171589
NA18508	-0.05400817860098133	-0.023391510551301776	10473108253681171589
NA18510	-0.061724176360934385	-0.002778361961100977	10473108253681171589
NA18511	-0.06765747774986584	-0.006050399627386945	10473108253681171589
NA18516	-0.04536023959095688	0.013020520010175307	10473108253681171589
NA18517	-0.03480616415197807	-0.02692270312547782	10473108253681171589
NA18519	-0.05725889341272315	0.024859548351263833	10473108253681171589
NA18520	-0.04274252756875419	0.001835431824591164	10473108253681171589
NA18522	-0.04792461921550166	0.007288667263323839	10473108253681171589
NA18523	-0.06444929385454032	-0.012917980514977445	10473108253681171589
NA18525	0.016517777661180764	-0.04794138384891062	10473108253681171589
NA18526	0.028777480323006494	-0.017238292805059702	10473108253681171589
NA18527	0.03694719625838183	-0.0421199495769959	10473108253681171589
NA18528	-0.015239970250531564	-0.026831873375828593	10473108253681171589
NA18530	0.027034866600415697	0.00472749871956859	10473108253681171589
NA18532	0.03296485600620041	0.006001279046820357	10473108253681171589
NA18534	-0.0032810663767878726	-0.046144268473970414	10473108253681171589
NA18535	0.017246978694661495	0.030605981961658396	10473108253681171589
NA18536	0.018340931911555055	-0.03663332091748649	10473108253681171589
NA18537	0.028150413981361182	0.0334674496058133	10473108253681171589
NA18538	0.03271407990853575	-0.004343887715623416	10473108253681171589
NA18539	0.001686874383581544	0.05107763131911435	10473108253681171589
NA18541	0.01898552273008677	-0.043081102313972525	10473108253681171589
NA18542	-0.030980560192629833	-0.022867324812024626	10473108253681171589
NA18543	0.03532585096487591	-0.0033710010943285105	10473108253681171589
NA18544	0.0322592483082974	-0.046866342221931645	10473108253681171589
NA18545	0.03837863646808851	0.027701071196139706	10473108253681171589
NA18546	0.03549157632867371	-0.03844774765816603	10473108253681171589
NA18547	0.014361623284603213	-0.04537806573967699	10473108253681171589
NA18548	0.026643832644944472	-0.01634922451037092	10473108253681171589
NA18549	0.03581626479067897	-0.03956518065645878	10473108253681171589
NA18550	0.01608159999493776	-0.04261976236348409	10473108253681171589
NA18552	0.01944355297848292	-0.04304637261017414	10473108253681171589
NA18553	0.0031636165862118197	-2.667521926987011E-4	10473108253681171589
NA18555	-0.016906798504838127	-0.01915244326077655	10473108253681171589
NA18557	0.009763218170184025	-0.04386800008202814	10473108253681171589
NA18558	0.02238667679781974	-0.03445884668194023	10473108253681171589
NA18559	0.00492927577422414	-0.046787572585533566	10473108253681171589
NA18560	0.027308899156301577	-0.04100550466017369	10473108253681171589
NA18561	0.03857390152613872	-0.03977433864913337	10473108253681171589
NA18562	0.015359222874604863	-0.052136702083525555	10473108253681171589
NA18563	0.028573024238628585	-0.031911603205726904	10473108253681171589
NA18564	-0.01664933556879195	0.008103770162572832	10473108253681171589
NA18565	-0.02459288812420064	-0.019339179234514097	10473108253681171589
NA18566	0.03475790496000709	-0.02164065285766365	10473108253681171589
NA18567	0.031360932169029125	-0.034511954946859096	10473108253681171589
NA18570	-0.0172280482657105	-0.0226990394656385	10473108253681171589
NA18571	0.03921390411492595	-0.0026300735345939105	10473108253681171589
NA18572	-0.01794551991422818	0.01907780878828616	10473108253681171589
NA18573	-1.799922457085712E-5	-0.004273943032957834	10473108253681171589
NA18574	0.03529033646461532	-0.04327242483375019	10473108253681171589
NA18576	0.01878086629261085	-0.04241286895836974	10473108253681171589
NA18577	0.030339779626430186	-0.03834252501575916	10473108253681171589
NA18579	0.0311450586879008	0.03209997543876479	10473108253681171589
NA18582	-0.008930958984991985	-0.02140298556184659	10473108253681171589
NA18592	-0.018184557344190336	-0.03878840925303647	10473108253681171589
NA18593	-0.0159645894395431	-0.03493518697323879	10473108253681171589
NA18595	0.03307283148088823	-0.051258538459019384	10473108253681171589
NA18596	0.01725642048964346	-0.040489396309980503	10473108253681171589
NA18597	0.03657261480518129	-0.03808839272800552	10473108253681171589
NA18599	0.03177725443070899	-0.04392854928338722	10473108253681171589
NA18602	0.034451636306463404	-0.04253228376997045	10473108253681171589
NA18603	0.01760765101235304	-0.020746709064707228	10473108253681171589
NA18605	0.020003463252783172	-0.041055601485730335	10473108253681171589
NA18606	0.020269265025765336	-0.027072996225523775	10473108253681171589
NA18608	0.034800563721655846	-0.040795455673968736	10473108253681171589
NA18609	0.026544059359143363	-0.03345232192486803	10473108253681171589
NA18610	0.014105773431211499	0.011945373274196832	10473108253681171589
NA18611	0.028134990130588927	-0.03302581040431955	10473108253681171589
NA18612	-5.116013024317043E-4	-0.03787957389065018	10473108253681171589
NA18613	0.02486431974129623	0.025688798105390705	10473108253681171589
NA18614	0.015079601608896927	-0.04279622337812854	10473108253681171589
NA18615	0.0366409922425387	0.02223033305707231	10473108253681171589
NA18616	0.03828315245058245	-0.0386436209725381	10473108253681171589
NA18617	0.018434338755757458	-0.05167981952005772	10473108253681171589
NA18618	0.024157675717494675	0.0045914353104149755	10473108253681171589
NA18619	0.012441406741801522	-0.01100907225098686	10473108253681171589
NA18620	0.038017829521916485	0.025859502302506502	10473108253681171589
NA18621	0.015586999092907405	-0.02424118739099561	10473108253681171589
NA18622	0.03390165408117972	-0.029361640598172718	10473108253681171589
NA18623	-0.009989642964954873	0.0030383261770761064	10473108253681171589
NA18624	-0.001629368116874811	-0.0022839161135851326	10473108253681171589
NA18626	0.03825308674850417	-0.0014210255047752969	10473108253681171589
NA18627	-0.009108599185067482	0.007160556686633763	10473108253681171589
NA18628	0.005627329216646269	-0.04344915227986596	10473108253681171589
NA18630	0.02662946325645363	-0.00878472331046633	10473108253681171589
NA18631	0.02814628507336787	-0.0443633427558994	10473108253681171589
NA18632	0.035156546924701895	-0.05014560884885952	10473108253681171589
NA18633	0.03471311612308106	-0.009731002331484878	10473108253681171589
NA18634	0.03510206176481789	-0.04823050787996119	10473108253681171589
NA18635	-0.04630006227769068	-0.022307607444225427	10473108253681171589
NA18636	0.0320883829542938	0.01835810727229331	10473108253681171589
NA18637	0.03169874865896609	-0.004212010822517617	10473108253681171589
NA18638	0.033416963064999354	-0.005003877073728518	10473108253681171589
NA18639	0.03539746075561992	-0.01793514722703762	10473108253681171589
NA18640	0.018144861470864294	-0.037243271109017866	10473108253681171589
NA18641	0.03830516817941562	0.029754783423193966	10473108253681171589
NA18642	0.031296719978320175	-0.04753429281711829	10473108253681171589
NA18643	0.027530170779990603	0.010057246982813987	10473108253681171589
NA18645	-0.0025129638861027597	-0.004793474034135042	10473108253681171589
NA18647	0.004552887676033904	-0.0402027370765727	10473108253681171589
NA18740	0.030978563725101164	0.004245413607594899	10473108253681171589
NA18745	-0.016370545873286683	-0.025648950619957537	10473108253681171589
NA18747	0.012009076123555198	-0.0043725136471763	10473108253681171589
NA18748	0.029741951504516456	-0.0121449631315671	10473108253681171589
NA18749	0.030063438005197125	-0.04495833728966734	10473108253681171589
NA18757	0.03238823870931466	-0.00856758482143468	10473108253681171589
NA18853	-0.03164120408401697	-0.02793228023871323	10473108253681171589
NA18856	-0.060676552543027416	0.0035349434155220747	10473108253681171589
NA18858	-0.07097483529812801	-0.008033946317088172	10473108253681171589
NA18861	-0.049470987668434295	-0.022538242846979386	10473108253681171589
NA18867	-0.031024589887769093	-0.02961219223662463	10473108253681171589
NA18868	-0.02993513899242035	-0.003096507858060453	10473108253681171589
NA18870	-0.0685726681536617	0.009369935602125158	10473108253681171589
NA18871	-0.06646064855660976	-0.01745973073404102	10473108253681171589
NA18873	-0.014437649367871347	-0.01983951013307566	10473108253681171589
NA18874	-0.034154451687426465	0.011022128306270269	10473108253681171589
NA18907	-0.029643904284061353	0.011950091487024151	10473108253681171589
NA18908	-0.009693025067988255	-0.02488560822046547	10473108253681171589
NA18909	-0.05419654235316281	-0.0168917428047272	10473108253681171589
NA18910	-0.03698595032245953	-0.02362077056621925	10473108253681171589
NA18912	-0.05878579392953091	-0.01016718767612115	10473108253681171589
NA18916	-0.057996035802208426	0.0028351972397708093	10473108253681171589
NA18917	-0.04944549003073457	9.567748446610745E-4	10473108253681171589
NA18923	-0.03917750998747491	-0.019255821333898616	10473108253681171589
NA18924	-0.01371566660046236	-0.03878650590669552	10473108253681171589
NA18933	-0.06424320625587217	-0.007595056311273743	10473108253681171589
NA18934	-0.03269264270454795	0.02375183517372062	10473108253681171589
NA18939	0.032271440985050026	-0.039201299695313746	10473108253681171589
NA18940	0.013638110449317958	-0.043313227510967646	10473108253681171589
NA18941	0.035393377130030795	-0.04302775310694659	10473108253681171589
NA18942	-0.015340769839733795	0.02152467901324264	10473108253681171589
NA18943	-0.015530851861542128	-0.024243467126462335	10473108253681171589
NA18944	0.02310372241861812	-0.04080393597368067	10473108253681171589
NA18945	0.03138982871125728	-0.015661873919015728	10473108253681171589
NA18946	0.02983727778137585	-0.005695600951333753	10473108253681171589
NA18947	0.03480308801258823	-0.030860926451589363	10473108253681171589
NA18948	0.00479235918219968	0.04316660069439228	10473108253681171589
NA18949	0.032822197438455505	-0.03805147151383393	10473108253681171589
NA18950	0.012966761398603385	-0.04271927991424896	10473108253681171589
NA18951	0.03656317377819367	-0.009905180141321647	10473108253681171589
NA18952	0.02023736401795749	-0.05148992537034482	10473108253681171589
NA18953	0.02258316925600376	0.02179892786448591	10473108253681171589
NA18954	-0.014019275073512272	-0.010144556582328056	10473108253681171589
NA18956	0.037666974867507565	0.013044928303570673	10473108253681171589
NA18957	0.024171506582485198	-4.964922851585344E-4	10473108253681171589
NA18959	0.025511105752456527	-0.03388260791504403	10473108253681171589
NA18960	0.012665825887592784	-0.028800712824974272	10473108253681171589
NA18961	0.035846611891491846	-0.04365946367989514	10473108253681171589
NA18962	0.01619032409823579	-0.04491651937265036	10473108253681171589
NA18963	0.01696694342342401	0.039504398256813136	10473108253681171589
NA18964	0.01116145125399301	-0.03565497342225652	10473108253681171589
NA18965	0.01764730965857561	-0.04782802499264899	10473108253681171589
NA18966	0.037497143130335	-0.019655601531360433	10473108253681171589
NA18968	0.025942051070955305	-0.023253420949913173	10473108253681171589
NA18971	0.03440283439914735	-0.044844663202294764	10473108253681171589
NA18973	0.0334533173840524	-0.049834619554033274	10473108253681171589
NA18974	0.026435733111043896	-0.014035827093862975	10473108253681171589
NA18975	0.035354552395968596	-0.040627075542365325	10473108253681171589
NA18976	0.011300803556225238	0.04044170071780597	10473108253681171589
NA18977	-0.030783484121723985	-0.007407786114396648	10473108253681171589
NA18978	0.013872002640520305	-0.04795391892080887	10473108253681171589
NA18980	0.002921624223906084	-0.006876312479862032	10473108253681171589
NA18981	0.037341278860871394	-0.03951286990498807	10473108253681171589
NA18982	0.015013953664417668	-0.041484109700112765	10473108253681171589
NA18983	0.01658024099660688	-0.04388531542545916	10473108253681171589
NA18984	0.022201810120571257	-0.004905516313449238	10473108253681171589
NA18985	0.012392982800752567	0.026711744851387623	10473108253681171589
NA18986	-0.030645316628143657	0.034624940226148274	10473108253681171589
NA18987	0.018401600205423623	-0.025753840553595756	10473108253681171589
NA18988	0.008199856999405212	-0.03783927832325568	10473108253681171589
NA18989	0.019996210769429958	0.02338427272785853	10473108253681171589
NA18990	-0.004841050970606506	-0.0029147611547573242	10473108253681171589
NA18992	0.027982730020057186	-0.005721025106911081	10473108253681171589
NA18994	0.01719514644242046	-0.03900100841736148	10473108253681171589
NA18995	0.017022831455550634	-0.04315863380069884	10473108253681171589
NA18998	-0.010729759415782452	0.04063042552249504	10473108253681171589
NA18999	0.03045362552097944	-0.050539554630790864	10473108253681171589
NA19000	0.03873487251810316	0.025175767937091777	10473108253681171589
NA19002	0.029091334030048936	0.01973695589514782	10473108253681171589
NA19003	0.0354584749035676	-0.044155743705547076	10473108253681171589
NA19004	0.016624366472642517	-0.049573168974749594	10473108253681171589
NA19005	0.03607649728731673	-0.037661705198276614	10473108253681171589
NA19007	0.037935361775858815	-0.040449773909758104	10473108253681171589
NA19009	0.0298793014576857	0.032157415459058154	10473108253681171589
NA19010	0.014886551311506572	-0.030138664745489863	10473108253681171589
NA19012	0.03740167194395567	-0.040272788036120444	10473108253681171589
NA19020	-0.03823163630096835	0.029955235432040258	10473108253681171589
NA19028	-0.02757975612834196	3.271573603384104E-5	10473108253681171589
NA19035	-0.04653156025029799	8.267749101215329E-4	10473108253681171589
NA19036	-0.07018428942143358	-0.0080169837489429	10473108253681171589
NA19038	-0.03874970996353598	-0.013242607107159278	10473108253681171589
NA19041	-0.02197206533527893	0.017234198620901156	10473108253681171589
NA19044	-0.0494911019525722	-0.027554953763171984	10473108253681171589
NA19046	-0.057225953254691764	-0.012331668148285591	10473108253681171589
NA19054	0.037055608447413915	-0.04237928220314022	10473108253681171589
NA19055	5.562523292240132E-4	0.042401774430964004	10473108253681171589
NA19056	0.03079276818568223	-0.04091252602581542	10473108253681171589
NA19057	0.02566366478948926	-0.012210858211268357	10473108253681171589
NA19058	0.016093706625323948	0.026257250636088175	10473108253681171589
NA19059	0.024394296020075965	0.0447929508992985	10473108253681171589
NA19060	0.030156315428881947	-0.03968360637769828	10473108253681171589
NA19062	0.014228954945347724	-0.04512844898615216	10473108253681171589
NA19063	0.004964367496031652	-0.006005140926190976	10473108253681171589
NA19064	0.0352534140148813	-0.03921032677909324	10473108253681171589
NA19065	0.031637388873774784	-0.029023637168669653	10473108253681171589
NA19066	0.03373483032936552	-0.04745150863411627	10473108253681171589
NA19067	0.020736970008980844	-0.038939877943521294	10473108253681171589
NA19068	0.038120433875974614	-0.003206364237281604	10473108253681171589
NA19070	0.018992124223906087	-0.04145540799468042	10473108253681171589
NA19072	0.01942346861762848	-0.018317643300260703	10473108253681171589
NA19074	0.03760921348258996	-0.012071435913989546	10473108253681171589
NA19075	0.022687740729119173	-0.045758621529260426	10473108253681171589
NA19076	0.01895159767472334	-0.020931958794416422	10473108253681171589
NA19077	0.025138823632960352	-0.04350459929840471	10473108253681171589
NA19078	0.015988250448658984	-0.045395094205455934	10473108253681171589
NA19079	-0.018551357525201807	-0.008415247079419642	10473108253681171589
NA19080	0.029124446871205672	-0.04452805207455202	10473108253681171589
NA19081	0.01736213283482523	-0.05149122710562955	10473108253681171589
NA19082	6.240351876060045E-4	-0.015135463987278526	10473108253681171589
NA19083	0.033403305063304155	0.033454227088829426	10473108253681171589
NA19084	0.03890249948998766	0.03807879172530633	10473108253681171589
NA19085	0.01700330252761945	-0.038776689804584985	10473108253681171589
NA19087	0.033522802426725035	-0.014397348231695627	10473108253681171589
NA19088	0.031088774636948854	-0.0035362473099312145	10473108253681171589
NA19093	-0.05354539348831999	-0.0071879709416524705	10473108253681171589
NA19095	-0.05376946085187345	0.010388755367198481	10473108253681171589
NA19096	-0.026561987822375246	0.00887218070198715	10473108253681171589
NA19098	-0.030973213801139793	-0.031045789240386697	10473108253681171589
NA19099	-0.059083388392394895	-0.017239703649517542	10473108253681171589
NA19102	-0.03926184988580584	-0.022849301666328797	10473108253681171589
NA19107	-0.05583083248191169	-0.008627995406149681	10473108253681171589
NA19108	-0.03528859412585517	-0.013815399884245003	10473108253681171589
NA19113	-0.06127697529056522	0.005063702998130043	10473108253681171589
NA19114	-0.05739953971796493	-0.007169810564173608	10473108253681171589
NA19116	-0.045788885400659764	0.008882765306184903	10473108253681171589
NA19117	-0.024387125612454222	0.023315850207727702	10473108253681171589
NA19118	-0.03360706006786326	-0.010590193987791041	10473108253681171589
NA19119	-0.04073470039927568	0.008268939503868943	10473108253681171589
NA19121	-0.0463530396201939	-0.02452035632000382	10473108253681171589
NA19129	-0.02503410909894941	-0.011416234178727872	10473108253681171589
NA19130	-0.03659679906866148	8.47583931965465E-4	10473108253681171589
NA19131	-0.04312696379177014	0.005975555215998516	10473108253681171589
NA19137	-0.03048054249587049	-6.366576624461702E-4	10473108253681171589
NA19138	-0.03385001846725754	0.005031819397870607	10473108253681171589
NA19146	-0.04610512133707607	0.0017306300842455209	10473108253681171589
NA19147	-0.05788082637166159	-8.442734239209141E-4	10473108253681171589
NA19149	-0.04302591900655997	-0.014727565266629189	10473108253681171589
NA19150	-0.05182522720418788	-0.00895360594490569	10473108253681171589
NA19152	-0.054977387932994524	-0.013601019815659464	10473108253681171589
NA19160	-0.044809327642581186	-0.026756840039372523	10473108253681171589
NA19171	-0.052054784772985356	-0.004080058111199215	10473108253681171589
NA19172	-0.044462927477680395	-0.010870079434300014	10473108253681171589
NA19175	-0.030421734805717037	-0.019501745678439385	10473108253681171589
NA19185	-0.02625616807715377	-0.020211451202030994	10473108253681171589
NA19189	-0.059422370830166125	-0.006815952701504113	10473108253681171589
NA19190	-0.045812949573384554	-0.018605385954404047	10473108253681171589
NA19197	-0.06324164803658143	0.009230659628353037	10473108253681171589
NA19198	-0.04348559763799093	-0.0044393801728301735	10473108253681171589
NA19200	-0.05866961821705606	0.004322246792409891	10473108253681171589
NA19204	-0.07630103664582188	-0.015811253749334588	10473108253681171589
NA19207	-0.042480521856374805	-0.03064455308492871	10473108253681171589
NA19209	-0.06408778980648139	-0.016649966392669174	10473108253681171589
NA19213	-0.020555831605822666	-0.013558392578091563	10473108253681171589
NA19222	-0.06657330065742714	-0.012711395706316542	10473108253681171589
NA19223	-0.060125586031197345	-0.01102699894517415	10473108253681171589
NA19225	-0.044774874517777764	-0.020156914637931095	10473108253681171589
NA19235	-0.05478452972534311	-0.007420166648379938	10473108253681171589
NA19236	-0.028647484862517236	0.01941281232526297	10473108253681171589
NA19247	-0.04032410431560313	0.015871526315061633	10473108253681171589
NA19248	-0.044603867293059256	-0.021303731692659318	10473108253681171589
NA19256	-0.05798797238128077	-0.01920933165249906	10473108253681171589
NA19257	0.011370084050608222	0.0051625398247912135	10473108253681171589
NA19307	-0.0745844690214459	-0.011754848943634696	10473108253681171589
NA19308	-0.039759926594756585	8.079488412562552E-4	10473108253681171589
NA19309	-0.049517369760169926	-0.022311043756292087	10473108253681171589
NA19310	-0.05988930291393208	0.009781120398724079	10473108253681171589
NA19311	-0.0629313134860867	0.006276467952455247	10473108253681171589
NA19312	-0.055854646433659755	-0.019112082285300327	10473108253681171589
NA19313	-0.04193225054742226	-5.289716737356231E-4	10473108253681171589
NA19315	-0.02273333040483738	0.016983732486143967	10473108253681171589
NA19316	-0.044922509635507035	-0.015657003393681007	10473108253681171589
NA19317	-0.06052285162070283	-0.008935935046312602	10473108253681171589
NA19318	-0.03349437040711025	-0.009451898885820603	10473108253681171589
NA19319	-0.06215461703343534	-0.005978577048888807	10473108253681171589
NA19321	-0.05786455552912262	0.019551677328802468	10473108253681171589
NA19324	-0.05654786068328587	-0.00555380913517763	10473108253681171589
NA19327	-0.009480107106083676	0.026380306816978744	10473108253681171589
NA19328	-0.040266553319711886	-3.539765319662579E-4	10473108253681171589
NA19331	-0.03313041044746005	-0.016618666670789314	10473108253681171589
NA19332	-0.036424403842131484	-0.01018690239732317	10473108253681171589
NA19334	-0.04010405449136577	-0.013358611712710989	10473108253681171589
NA19338	-0.05312711242069295	0.002110986309664505	10473108253681171589
NA19346	-0.0373667759347965	-0.016220803377264125	10473108253681171589
NA19347	-0.042953311043320994	0.006601398446367324	10473108253681171589
NA19350	-0.0023716004309333335	0.047728736463988466	10473108253681171589
NA19351	-0.040135287476083116	0.009197570241656938	10473108253681171589
NA19352	-0.03671320454976237	-0.014421412350381031	10473108253681171589
NA19355	-0.037485202245607335	0.006254163690978098	10473108253681171589
NA19359	-0.049040097764167775	-0.004881474644917666	10473108253681171589
NA19360	-0.04775918934914808	-0.020671997188029534	10473108253681171589
NA19371	-0.05488183038315948	-0.005426197409117118	10473108253681171589
NA19372	-0.06745560371445879	0.008750630271886363	10473108253681171589
NA19373	-0.058930689080065414	-0.01960233526336487	10473108253681171589
NA19374	-0.033879658271883106	-0.0186975880489755	10473108253681171589
NA19375	-0.053735313146700485	0.0011676201191103733	10473108253681171589
NA19376	-0.05739328941370344	-0.013523980736795256	10473108253681171589
NA19377	-0.029857250275608215	-0.020616503821145972	10473108253681171589
NA19379	-0.03849328025515901	0.01489961507827375	10473108253681171589
NA19380	-0.04837565140403287	-0.00800515783200739	10473108253681171589
NA19381	-0.05623003114511281	-0.012681061345601166	10473108253681171589
NA19382	-0.04365335624463879	-0.020755106184378074	10473108253681171589
NA19383	-0.03397443707498668	-0.011082007347789035	10473108253681171589
NA19384	-0.05907748226331799	-0.018035858091545395	10473108253681171589
NA19385	-0.035912757259577634	0.0011531778162587258	10473108253681171589
NA19390	-0.04782976633649343	-0.02695816246050691	10473108253681171589
NA19391	-0.06709101406370857	-0.020610042398659694	10473108253681171589
NA19393	-0.024278172717825095	0.03472795823284077	10473108253681171589
NA19394	-0.03691684535108828	-0.009291359695721755	10473108253681171589
NA19395	-0.04317094252987047	-0.02216060640907891	10473108253681171589
NA19396	-0.024686342707632588	-0.024641745533837602	10473108253681171589
NA19397	-0.024398353216817863	-0.02469423970289497	10473108253681171589
NA19398	-0.05107789297480789	0.01095824511674293	10473108253681171589
NA19399	-0.04656408631565791	-0.019117981557104157	10473108253681171589
NA19401	-0.06608504563315032	-0.007085999307065224	10473108253681171589
NA19403	-0.04975497032407497	-0.011470240930726324	10473108253681171589
NA19404	-4.678457405929548E-4	0.006956052684214087	10473108253681171589
NA19428	-0.04365439878035217	0.01744003626039908	10473108253681171589
NA19429	-0.042617660979259814	0.006396227606506537	10473108253681171589
NA19430	-0.053133419717973286	0.0023533884624378446	10473108253681171589
NA19431	-0.050158770118792405	-0.016362490128898597	10473108253681171589
NA19434	-0.015173957862631161	-0.020679019736159814	10473108253681171589
NA19435	-0.06506459137181175	0.013648423654903494	10473108253681171589
NA19436	-0.05061190279239451	0.012774114432306336	10473108253681171589
NA19437	-0.049024212828089955	-0.002475350955438124	10473108253681171589
NA19438	-0.0392630577045096	2.8267766199025114E-4	10473108253681171589
NA19439	-0.06625976499754943	-0.01965436963748602	10473108253681171589
NA19440	-0.05046694508457618	-0.022198053451785483	10473108253681171589
NA19443	-0.020427243525992348	-0.009967585436035035	10473108253681171589
NA19444	-0.03195791753528657	-0.007399799362915224	10473108253681171589
NA19445	-0.060953237960344686	-0.003803881436442903	10473108253681171589
NA19446	-0.04403327024286817	-0.010611547851401053	10473108253681171589
NA19448	-0.05211146657881064	0.013869051573262722	10473108253681171589
NA19449	-0.05550322099331621	-0.0107025275150934	10473108253681171589
NA19451	-0.04439120223832195	-0.015247848916524453	10473108253681171589
NA19452	-0.03418202105268628	0.010044548559467228	10473108253681171589
NA19453	-0.04061203048314838	-0.005175133878677267	10473108253681171589
NA19455	-0.06984757311721136	0.010414023977971297	10473108253681171589
NA19456	-0.03548941058773986	-0.02674117383714997	10473108253681171589
NA19457	-0.037607917105423515	0.002658311048846344	10473108253681171589
NA19461	-0.06335906002497212	-0.018683308570930278	10473108253681171589
NA19462	-0.028230695367468077	-0.009465759390217689	10473108253681171589
NA19463	-0.03614516659883547	-0.039653339878434446	10473108253681171589
NA19466	-0.03341744197688405	0.012131575152427968	10473108253681171589
NA19467	-0.02770344020800893	-0.024051377024309598	10473108253681171589
NA19468	-0.0610757760300305	0.004110618838212696	10473108253681171589
NA19469	-0.05481213827920935	0.0019764933733647364	10473108253681171589
NA19470	-0.033136204913914655	-0.019766981719107984	10473108253681171589
NA19471	-0.0640040450227486	-0.009805596033601345	10473108253681171589
NA19472	-0.04961484665055308	0.025090833221165405	10473108253681171589
NA19473	-0.0584316465108783	-0.005241196534050059	10473108253681171589
NA19474	-0.00528709478295978	-0.009295067545258797	10473108253681171589
NA19625	-0.044344787278772085	-0.00553312872578577	10473108253681171589
NA19648	0.017928449048544876	-0.01541410849657446	10473108253681171589
NA19651	0.02063034782104137	0.05474539059537485	10473108253681171589
NA19652	-0.037223939742443576	0.027834648085697623	10473108253681171589
NA19654	-0.005379705645230724	-0.005911473468619726	10473108253681171589
NA19655	-0.02036867653262632	0.040403258719224594	10473108253681171589
NA19657	0.034029796471746775	-0.04251827172104281	10473108253681171589
NA19660	0.004127726937808026	0.010944475382150072	10473108253681171589
NA19661	0.029302467420967704	-0.029332148490272447	10473108253681171589
NA19663	-0.01842116891301959	0.04186583883986578	10473108253681171589
NA19664	0.03378103581138171	-0.02658616953362535	10473108253681171589
NA19672	0.03786780539273759	0.011893328926062001	10473108253681171589
NA19675	0.036966170311888265	0.030376530452856265	10473108253681171589
NA19676	0.012793217735206258	0.06140703644041211	10473108253681171589
NA19678	0.03497111722298153	0.03236679530269514	10473108253681171589
NA19679	0.03288591921283517	4.475723464320514E-4	10473108253681171589
NA19681	0.017982857252065488	-0.031814612076756524	10473108253681171589
NA19682	0.0010180273696007254	0.014772792231413277	10473108253681171589
NA19684	0.010499399439983287	0.04929440552247253	10473108253681171589
NA19685	0.03658717978726526	-0.034260088907236065	10473108253681171589
NA19700	-0.04486250843864238	-6.464920147622734E-4	10473108253681171589
NA19701	-0.03640067032783545	-0.00923441668175166	10473108253681171589
NA19703	-0.03832058945317906	-0.02032459234751503	10473108253681171589
NA19704	-0.059338458260180034	-0.02330657328597841	10473108253681171589
NA19707	-0.02899456612391282	-0.013965294071138752	10473108253681171589
NA19711	-0.04939716310669363	-6.841460878178542E-4	10473108253681171589
NA19712	-0.07190215324857316	0.008188648580521315	10473108253681171589
NA19713	-0.0392953146453514	0.009891773837735433	10473108253681171589
NA19716	0.016497558616786485	-0.02230798670789127	10473108253681171589
NA19717	0.03471430285206227	-0.03612707562684562	10473108253681171589
NA19719	0.031917068781734864	-0.025529585935150256	10473108253681171589
NA19720	-0.01944970007186126	-0.012996690167272295	10473108253681171589
NA19722	0.034600373774887526	-0.0360226248900406	10473108253681171589
NA19723	0.016263162201668412	0.04971241302919253	10473108253681171589
NA19725	0.01161317921548143	0.05100409894000885	10473108253681171589
NA19726	-0.023222418411097772	0.06281216681130997	10473108253681171589
NA19728	0.00924803350871108	0.05783521294692956	10473108253681171589
NA19729	0.03768880250637185	-0.04497251097600308	10473108253681171589
NA19731	0.033202260008611116	-0.04178012281009132	10473108253681171589
NA19732	0.03526095372223317	-0.008534947942239938	10473108253681171589
NA19734	0.0026421432217710672	0.04416761857922149	10473108253681171589
NA19735	0.014200827899869895	-0.03901285161143713	10473108253681171589
NA19737	0.019823167218122283	-0.0038847171628812165	10473108253681171589
NA19738	0.016522379856276408	0.05870402245475948	10473108253681171589
NA19740	0.022707679048538102	0.06211535440665847	10473108253681171589
NA19741	-0.017987457298679253	-0.00970496931236912	10473108253681171589
NA19746	-0.004910892635339983	-0.02280076765246358	10473108253681171589
NA19747	0.034956012628790674	-0.0325923021572772	10473108253681171589
NA19749	-0.02616345413640817	0.055549159885960035	10473108253681171589
NA19750	0.005628747347350332	5.156979912964635E-4	10473108253681171589
NA19752	0.011204210858157142	0.05480102443576481	10473108253681171589
NA19753	0.023647770769176093	-0.002007041798547103	10473108253681171589
NA19755	0.03365745330542851	-0.047399219042113395	10473108253681171589
NA19756	0.00211476347528108	-8.305194784989187E-4	10473108253681171589
NA19758	0.021204541683415967	-0.02158976191957664	10473108253681171589
NA19759	0.01295576652576827	-0.04137872942572052	10473108253681171589
NA19761	0.021840482078146643	-0.03764601000006463	10473108253681171589
NA19762	0.013597366967898906	-0.020810174606660948	10473108253681171589
NA19764	-0.026632135964064947	-0.019590760686389472	10473108253681171589
NA19770	0.014280297668737696	-0.016956642186704146	10473108253681171589
NA19771	0.02159592354154428	0.05522031445860339	10473108253681171589
NA19773	0.019380932635352403	0.05108073478900608	10473108253681171589
NA19774	0.03492097844618438	-0.03464566056439912	10473108253681171589
NA19776	0.013469931348157611	-0.01573076607950283	10473108253681171589
NA19777	0.03546665501193766	-0.030840730437951658	10473108253681171589
NA19779	0.037862954122977056	-0.012734976179399482	10473108253681171589
NA19780	3.284791111418873E-4	-0.005377866248554866	10473108253681171589
NA19782	-0.02496432301175735	-0.029640587384077988	10473108253681171589
NA19783	0.02464063855571468	0.049479663822392383	10473108253681171589
NA19785	0.030043225647345323	0.005886303284232372	10473108253681171589
NA19786	-0.020774191981635163	-0.006662069100847303	10473108253681171589
NA19788	-0.028795052438148113	-0.03070664689051041	10473108253681171589
NA19789	0.03492287264928604	-0.03175979984377323	10473108253681171589
NA19794	0.027857492028412263	0.033716560782687754	10473108253681171589
NA19795	0.020618005356075587	0.06108317074508557	10473108253681171589
NA19818	-0.009481084814202439	-0.011891785748258405	10473108253681171589
NA19819	-0.0012222709259159389	-0.015401264867514601	10473108253681171589
NA19834	-0.032493902130391744	-0.010779169530061859	10473108253681171589
NA19835	-0.06442503400589986	0.020110495229391064	10473108253681171589
NA19900	-0.03225728273258648	0.03989708814590449	10473108253681171589
NA19901	-0.02493892984895155	0.030583569213922412	10473108253681171589
NA19904	-0.04514492037760267	-0.0017343423318382939	10473108253681171589
NA19908	-0.022662317618616073	-0.0292033914880463	10473108253681171589
NA19909	-0.020534730438716054	-0.035745334970889366	10473108253681171589
NA19914	-0.005933053847539523	-0.015417481746236614	10473108253681171589
NA19916	-0.007780481409474558	-0.009072122299881665	10473108253681171589
NA19917	-0.04981685255407331	-0.01910149746934334	10473108253681171589
NA19920	-0.06282106052160201	0.019072430618475095	10473108253681171589
NA19921	-0.05129597426379504	0.006975730740686301	10473108253681171589
NA19922	0.030788760044185945	-0.03624616260069421	10473108253681171589
NA19923	-0.029727845240732072	-0.0025335465074671666	10473108253681171589
NA19982	-0.04447881380182419	0.04697267752621915	10473108253681171589
NA19984	-0.039835444151815044	-7.791544399920135E-4	10473108253681171589
NA19985	-0.004282469562585314	0.024569078076046507	10473108253681171589
NA20126	-0.028809036905123542	-0.0068883346271221	10473108253681171589
NA20127	-0.04995290207115883	0.009336618827026681	10473108253681171589
NA20276	-0.06664644533946028	-0.01576332490994141	10473108253681171589
NA20278	-0.042700050622917846	0.002765063758287228	10473108253681171589
NA20281	-0.06407633475589869	-8.380339154226369E-4	10473108253681171589
NA20282	-0.05929937649915858	0.002895515073946346	10473108253681171589
NA20287	-0.01362194466530111	0.0035681201881600914	10473108253681171589
NA20289	-0.016498988248365012	0.02107063170046212	10473108253681171589
NA20291	-0.0641925793376378	-0.017725674204542522	10473108253681171589
NA20294	-0.031978894725962395	-0.018654480350267403	10473108253681171589
NA20296	-0.045036981866925854	-0.009063618315869782	10473108253681171589
NA20298	-0.01749475483235217	0.05381936341266045	10473108253681171589
NA20299	-0.023839835391151653	0.05811388893250304	10473108253681171589
NA20314	0.03439660625039266	-0.024367225689457057	10473108253681171589
NA20317	-0.06336876903233368	-0.023448823714181593	10473108253681171589
NA20322	-0.05370836540882329	-0.01116360296901294	10473108253681171589
NA20332	-0.024889552406360503	-0.0045764051936545555	10473108253681171589
NA20334	-0.03367071714365668	-0.029624548306707837	10473108253681171589
NA20336	-0.03306907878907315	-0.030234623294620785	10473108253681171589
NA20339	-0.03501335767412483	0.003566405453815534	10473108253681171589
NA20340	-0.05431687769787115	0.0025517710360144423	10473108253681171589
NA20341	-0.016445420381966835	0.020805776474945057	10473108253681171589
NA20342	-0.001805173061230709	0.04858147493612563	10473108253681171589
NA20344	-0.061929302543291286	0.0019310566155877028	10473108253681171589
NA20346	-0.013254602968263118	-0.005448071907866585	10473108253681171589
NA20348	-0.050874147877803734	-0.007094404438667244	10473108253681171589
NA20351	-0.05455382609203893	-0.015447235356916845	10473108253681171589
NA20356	-0.004723578197358344	-0.02142619990424682	10473108253681171589
NA20357	-0.06358810516492462	-0.02181400442707644	10473108253681171589
NA20359	-0.034303382855497395	-0.007647618919987696	10473108253681171589
NA20363	-0.03576472330023691	-0.012745919066791211	10473108253681171589
NA20412	-0.021547787415614406	-0.007130070752188004	10473108253681171589
NA20414	-0.0013143166372938508	-0.013638674073678884	10473108253681171589
NA20502	0.0071565270868682255	0.051651559594088695	10473108253681171589
NA20503	0.013200161105918966	-0.008763591397620804	10473108253681171589
NA20504	-5.047599461253262E-4	-0.009951095831580522	10473108253681171589
NA20505	0.0021858078121833884	0.050547385511197994	10473108253681171589
NA20506	0.02073921237547983	0.02689894571766617	10473108253681171589
NA20507	0.02288381205910781	0.016019250139148723	10473108253681171589
NA20508	-0.030639823998287526	0.0641260349915443	10473108253681171589
NA20509	0.024397053228897264	0.04769489688941693	10473108253681171589
NA20510	0.012966705934123678	0.016453510403816218	10473108253681171589
NA20512	-0.022131382053241812	-0.004289423929573952	10473108253681171589
NA20513	0.03945918697933372	-0.0057430495831337835	10473108253681171589
NA20515	0.019319161854603552	0.041007242754784345	10473108253681171589
NA20516	-0.02267697936954056	-0.0171233853234294	10473108253681171589
NA20517	0.009331306467414048	0.05380668234003879	10473108253681171589
NA20518	0.0012132655561491199	0.05065260474924406	10473108253681171589
NA20519	0.002659424411861968	0.05972468814704685	10473108253681171589
NA20520	-0.00835588663886611	0.062004741893624885	10473108253681171589
NA20521	-0.04356697298236905	0.0034883470128270412	10473108253681171589
NA20522	0.02197790332750385	0.0020087464926641153	10473108253681171589
NA20524	0.03340811885056454	0.014363628990270003	10473108253681171589
NA20525	-0.030455554578627784	0.002128232249554956	10473108253681171589
NA20527	0.011289521221461617	0.05912641223825953	10473108253681171589
NA20528	0.03213352940830598	-0.008783914709100837	10473108253681171589
NA20529	0.003002225939561038	0.019634685963156748	10473108253681171589
NA20530	0.036270858275469484	-0.0062471423072473385	10473108253681171589
NA20531	0.02249342070580516	-0.010314148710573519	10473108253681171589
NA20532	-9.722677521814045E-4	-0.004617734895398647	10473108253681171589
NA20533	0.03863977669392245	0.04502228970183911	10473108253681171589
NA20534	0.03418039042227373	-0.02151374367909879	10473108253681171589
NA20535	0.016931511151275128	-0.013795048049926312	10473108253681171589
NA20536	0.02140763286039217	0.04076681815920076	10473108253681171589
NA20537	0.012522571545244358	0.05824669136815135	10473108253681171589
NA20538	0.028052729628394533	-0.02737113395458676	10473108253681171589
NA20539	0.019818616109583364	-0.011132385013958197	10473108253681171589
NA20540	0.01972759770918673	0.060669883678581026	10473108253681171589
NA20541	-0.014477941196200245	0.060128194223190136	10473108253681171589
NA20542	0.013280820010652727	0.01225660587582429	10473108253681171589
NA20543	0.01220364139764612	-0.019243150259109183	10473108253681171589
NA20544	0.0194368205040327	0.043322625327417895	10473108253681171589
NA20581	0.03545047985330786	0.03859879139059029	10473108253681171589
NA20582	-0.018101237143040884	-0.005250329307894578	10473108253681171589
NA20585	0.009820632246132104	-0.0071256307396888865	10473108253681171589
NA20586	0.01326655987917508	0.02398043287928153	10473108253681171589
NA20588	0.016930373385273745	0.05053424985607818	10473108253681171589
NA20589	0.020469768697621734	-0.009431844367288712	10473108253681171589
NA20752	0.03898927697110504	0.04138372832639493	10473108253681171589
NA20753	0.03822781532549831	0.044287150274328835	10473108253681171589
NA20754	0.009861669062442366	0.018509636958512904	10473108253681171589
NA20755	0.008370832857120052	-0.01995530301145406	10473108253681171589
NA20756	0.029145675995501198	-0.015260015944326875	10473108253681171589
NA20757	0.004204619679769914	-9.65140631814515E-4	10473108253681171589
NA20758	0.032353428706529005	-0.02049442948382397	10473108253681171589
NA20759	0.004585569566744959	-0.005597324770325565	10473108253681171589
NA20760	0.010645924158220804	0.05972597922830611	10473108253681171589
NA20761	0.012114568975044725	-0.013458211675738725	10473108253681171589
NA20765	0.009689996262447976	-0.024842185451794736	10473108253681171589
NA20766	0.026836552673118227	-0.00952310434880214	10473108253681171589
NA20768	0.024305863858355165	0.0597082547613334	10473108253681171589
NA20769	0.012867544358111164	-0.01401608301866219	10473108253681171589
NA20770	0.014285385437465927	0.0530708184388857	10473108253681171589
NA20771	0.010230744238948876	0.022797387664985798	10473108253681171589
NA20772	0.011124384037856276	0.05682769213529646	10473108253681171589
NA20773	-0.033701169314429874	-0.007522135658596392	10473108253681171589
NA20774	0.02402528077134778	0.020095626630969202	10473108253681171589
NA20775	0.018761460012975892	0.05946998718439324	10473108253681171589
NA20778	-0.01488085712187029	-0.012796852028139294	10473108253681171589
NA20783	0.039075453685097544	0.04432219822254641	10473108253681171589
NA20785	0.03416330597463858	0.02420371821419607	10473108253681171589
NA20786	-0.004780323904792055	0.054926443729587535	10473108253681171589
NA20787	0.0091684653706063	0.05840144325170762	10473108253681171589
NA20790	0.02948583948031178	0.0567568855128059	10473108253681171589
NA20792	0.010670797778698669	-0.01839105409012672	10473108253681171589
NA20795	-0.011205230431773131	0.05983150076465143	10473108253681171589
NA20796	0.025900358668149128	0.06295614470105478	10473108253681171589
NA20797	-0.0016387788467558512	0.015848504381433346	10473108253681171589
NA20798	0.0036326572659277985	0.012786527510609765	10473108253681171589
NA20799	0.03526852691971794	0.001744328335695266	10473108253681171589
NA20800	0.012799318076709637	0.012880450709669325	10473108253681171589
NA20801	8.028414805565256E-4	0.06072289361285636	10473108253681171589
NA20802	-0.023297257348145396	-0.010328807567546958	10473108253681171589
NA20803	-0.011478645268483124	0.016811777772795567	10473108253681171589
NA20804	0.004687783085732719	-9.700589994133909E-4	10473108253681171589
NA20805	0.017456621491584435	-0.006813591535019908	10473108253681171589
NA20806	-0.02118806559651797	-0.006271637017405087	10473108253681171589
NA20807	0.012459763731527886	-0.0201417442161976	10473108253681171589
NA20808	0.03631780621487654	0.013442456932524053	10473108253681171589
NA20809	-0.020399866529936393	-0.0047419552577516785	10473108253681171589
NA20810	0.009787465761631803	0.06291041228411375	10473108253681171589
NA20811	0.033039229520281654	-0.009553455183802531	10473108253681171589
NA20812	0.01217418723468772	0.012163588131745855	10473108253681171589
NA20813	0.039011971782634644	-0.007842832064235108	10473108253681171589
NA20814	0.029371347442890664	0.04139466419441432	10473108253681171589
NA20815	-0.01081501960123925	0.008446267881931004	10473108253681171589
NA20816	0.0089481193605283	0.01998516359597766	10473108253681171589
NA20818	0.04039628082193889	0.04127108460542043	10473108253681171589
NA20819	0.018462903891514088	0.04923572117375695	10473108253681171589
NA20826	0.02276330111010458	0.012864340396780511	10473108253681171589
NA20828	0.007537631292527363	0.055817278062767615	10473108253681171589
NA21313	0.007976626458386506	-0.022235712394474708	10473108253681171589
