HG00096	-0.014436007194308521	0.0321347657871609	10473108253681171589
HG00097	-0.014045535926695626	0.03231354399368738	10473108253681171589
HG00099	-0.014072996906686504	0.03272633489453963	10473108253681171589
HG00100	-0.014076175335853307	0.03321721468577159	10473108253681171589
HG00101	-0.013609844199129209	0.03179147695259102	10473108253681171589
HG00102	-0.014645575030986445	0.03214633674991646	10473108253681171589
HG00103	-0.014375659311110603	0.03271167468782985	10473108253681171589
HG00104	-0.013884565294106055	0.031912879793823797	10473108253681171589
HG00106	-0.014919830189719156	0.03308231438169167	10473108253681171589
HG00108	-0.0140428848628632	0.03263973265194273	10473108253681171589
HG00109	-0.014209552240340154	0.032232683713630556	10473108253681171589
HG00110	-0.014425027256358405	0.0319632316321052	10473108253681171589
HG00111	-0.014501173107580671	0.03257358900610579	10473108253681171589
HG00112	-0.014735578157423995	0.03270352922467587	10473108253681171589
HG00113	-0.014014167388596068	0.032638434604602445	10473108253681171589
HG00114	-0.014058178391846221	0.032756103947231885	10473108253681171589
HG00116	-0.01489545271361245	0.03217228285210764	10473108253681171589
HG00117	-0.014235328067368979	0.03276296431355651	10473108253681171589
HG00118	-0.01431843856955987	0.03256610881171714	10473108253681171589
HG00119	-0.014379307087631186	0.033083883566366865	10473108253681171589
HG00120	-0.01442971810485146	0.033782587227376565	10473108253681171589
HG00121	-0.014581782701762006	0.032113626879618315	10473108253681171589
HG00122	-0.014696645783775537	0.03276444522063482	10473108253681171589
HG00123	-0.014299989940271528	0.033019590260083116	10473108253681171589
HG00124	-0.014330661631155955	0.032884153253213574	10473108253681171589
HG00125	-0.014215050520654427	0.03277919864712551	10473108253681171589
HG00126	-0.014263355636834207	0.03290439367852937	10473108253681171589
HG00127	-0.01457955933286851	0.03295845719368289	10473108253681171589
HG00128	-0.013518322708216934	0.033449057881435554	10473108253681171589
HG00129	-0.014155219449958761	0.032411499871747046	10473108253681171589
HG00130	-0.013567039834979085	0.03310697287361668	10473108253681171589
HG00131	-0.014016684050155962	0.033112192971656976	10473108253681171589
HG00133	-0.014525148710420143	0.0331268313578236	10473108253681171589
HG00134	-0.013649840045857885	0.03332174858107189	10473108253681171589
HG00135	-0.013792565291839391	0.03290205658595262	10473108253681171589
HG00136	-0.014679069493338293	0.03228501880150611	10473108253681171589
HG00137	-0.014407920015132615	0.03299334911185309	10473108253681171589
HG00138	-0.013946978991123675	0.03339814793521741	10473108253681171589
HG00139	-0.01397970099983087	0.03361117897455532	10473108253681171589
HG00140	-0.014514378571025704	0.032465626249840326	10473108253681171589
HG00141	-0.014613955166653918	0.03344123132367165	10473108253681171589
HG00142	-0.014038426853726697	0.03411087530917865	10473108253681171589
HG00143	-0.01416091118718447	0.03316092380732763	10473108253681171589
HG00146	-0.015001892301025124	0.033244943925429454	10473108253681171589
HG00148	-0.01447346130140766	0.032864739703958305	10473108253681171589
HG00149	-0.014303945254637058	0.03305711746741232	10473108253681171589
HG00150	-0.014325157526537973	0.032104015447554354	10473108253681171589
HG00151	-0.014161531508860329	0.031821951670863234	10473108253681171589
HG00152	-0.014498665478352284	0.03357940594677942	10473108253681171589
HG00154	-0.014072552338776915	0.03349125503678849	10473108253681171589
HG00155	-0.014834871279757873	0.03254575394743543	10473108253681171589
HG00156	-0.014350921619301902	0.032541177987215765	10473108253681171589
HG00158	-0.014788618285398085	0.031876773759553424	10473108253681171589
HG00159	-0.013970218827454696	0.033257638294334334	10473108253681171589
HG00160	-0.014600217369524018	0.03347265291864562	10473108253681171589
HG00171	-0.016560894510602945	0.02710161030865312	10473108253681171589
HG00173	-0.016116772332993665	0.02746951622288299	10473108253681171589
HG00174	-0.015706240454758557	0.029402022771908072	10473108253681171589
HG00176	-0.015734982813683428	0.02680295123162179	10473108253681171589
HG00177	-0.015891193528463042	0.02589411223571876	10473108253681171589
HG00178	-0.01570582557954597	0.02791435443673384	10473108253681171589
HG00179	-0.01568641886884832	0.027412119209274208	10473108253681171589
HG00180	-0.01574566631510139	0.02777889086772861	10473108253681171589
HG00182	-0.015431381354258379	0.027534707413958186	10473108253681171589
HG00183	-0.015557990897632247	0.028216194596495877	10473108253681171589
HG00185	-0.0158968495319221	0.02688809269112111	10473108253681171589
HG00186	-0.015387002386855095	0.027524319536207896	10473108253681171589
HG00187	-0.015006736789335971	0.02719866903792435	10473108253681171589
HG00188	-0.015575414835899791	0.02818272212554844	10473108253681171589
HG00189	-0.015806079244924533	0.027002692870331458	10473108253681171589
HG00190	-0.015141578152377936	0.029564059463967507	10473108253681171589
HG00231	-0.014665273259537277	0.03282433197937596	10473108253681171589
HG00232	-0.013941123068005544	0.03359206514912158	10473108253681171589
HG00233	-0.013969506692467205	0.03359143184565123	10473108253681171589
HG00234	-0.014445496486286354	0.03287748490381589	10473108253681171589
HG00235	-0.01398306649827893	0.032209925601999145	10473108253681171589
HG00236	-0.013765917142139148	0.03340664496264632	10473108253681171589
HG00237	-0.014356330665633516	0.03317549633959469	10473108253681171589
HG00238	-0.014017024861911921	0.031839374488450665	10473108253681171589
HG00239	-0.014146298003685933	0.03408101397696959	10473108253681171589
HG00240	-0.014229435208033062	0.033009076160564116	10473108253681171589
HG00242	-0.014089850254022786	0.0324670272123796	10473108253681171589
HG00243	-0.014037105935050333	0.03305475963785591	10473108253681171589
HG00244	-0.01422854345269269	0.03327411774218855	10473108253681171589
HG00245	-0.014026981345303271	0.03256871950019617	10473108253681171589
HG00246	-0.014186434888080546	0.0328665973985219	10473108253681171589
HG00247	-0.014220683956353158	0.03301256211640084	10473108253681171589
HG00249	-0.015002922987133233	0.03335939553691945	10473108253681171589
HG00250	-0.014578290223046218	0.032330868363646924	10473108253681171589
HG00251	-0.014501985467383122	0.03274359008519146	10473108253681171589
HG00252	-0.01432201926357609	0.0334412962401701	10473108253681171589
HG00253	-0.01423514377983185	0.033676526208771325	10473108253681171589
HG00254	-0.014131863153760827	0.0328993290716188	10473108253681171589
HG00255	-0.014006327494934355	0.032730841684444734	10473108253681171589
HG00256	-0.01474606284413614	0.033083307628451276	10473108253681171589
HG00257	-0.0140939162053659	0.03278518089311479	10473108253681171589
HG00258	-0.014436250607259055	0.03261454410519953	10473108253681171589
HG00259	-0.014284562360380018	0.03292548658550301	10473108253681171589
HG00260	-0.014649967349613375	0.03324452683006891	10473108253681171589
HG00261	-0.013779673272036108	0.03258214958228234	10473108253681171589
HG00262	-0.01531018829427982	0.03279271193219162	10473108253681171589
HG00263	-0.014318937069089667	0.03362230266060113	10473108253681171589
HG00264	-0.014170511328065535	0.03305737310261037	10473108253681171589
HG00265	-0.014823997059302603	0.03409281080779291	10473108253681171589
HG00266	-0.015254444757032255	0.027796773473006485	10473108253681171589
HG00267	-0.016147627500663172	0.027321497100783746	10473108253681171589
HG00268	-0.015417677876157838	0.02881514281302498	10473108253681171589
HG00269	-0.015443827633746817	0.027820502524720896	10473108253681171589
HG00270	-0.01584866075614824	0.028049163543237644	10473108253681171589
HG00271	-0.01586017884928505	0.025746141202015387	10473108253681171589
HG00272	-0.015188568885048576	0.02620449818608545	10473108253681171589
HG00273	-0.015886452143893857	0.028116409413569604	10473108253681171589
HG00274	-0.015845000674250865	0.029454579704962937	10473108253681171589
HG00275	-0.015065713883048846	0.029734915100455755	10473108253681171589
HG00276	-0.015434629678622651	0.02800407218178744	10473108253681171589
HG00277	-0.015424177046749175	0.029602009486735182	10473108253681171589
HG00278	-0.015398557920728001	0.028919325337845338	10473108253681171589
HG00280	-0.015922140676145637	0.027989058924832954	10473108253681171589
HG00281	-0.016007215131141235	0.02761038285819684	10473108253681171589
HG00282	-0.01538408507100422	0.02760519912513527	10473108253681171589
HG00284	-0.01589941118556442	0.02835325876981613	10473108253681171589
HG00285	-0.015859651654620926	0.026848751860479216	10473108253681171589
HG00306	-0.015657334735446546	0.028800598874754106	10473108253681171589
HG00309	-0.01552017053412529	0.027577602055321036	10473108253681171589
HG00310	-0.015873799888747087	0.029694038564768457	10473108253681171589
HG00311	-0.015393048395901636	0.029899629140327313	10473108253681171589
HG00312	-0.016066815321792265	0.02854678044839842	10473108253681171589
HG00313	-0.015731693250442984	0.027578251102760406	10473108253681171589
HG00315	-0.01546823682943867	0.028332444271003197	10473108253681171589
HG00318	-0.01578737365353393	0.029427212942077483	10473108253681171589
HG00319	-0.015117353175275267	0.027771575733043997	10473108253681171589
HG00320	-0.015434469714352778	0.028172174837938543	10473108253681171589
HG00321	-0.016075342940106076	0.027317186429497296	10473108253681171589
HG00323	-0.01538986105209149	0.027637917345709594	10473108253681171589
HG00324	-0.015492026014946637	0.027516498679537853	10473108253681171589
HG00325	-0.01646591451838063	0.02646747156861532	10473108253681171589
HG00326	-0.015901583119476675	0.028275607446086943	10473108253681171589
HG00327	-0.015817571695996322	0.027136580470141607	10473108253681171589
HG00328	-0.015911220338841903	0.02895007794575438	10473108253681171589
HG00329	-0.015570780350371866	0.02963935939571899	10473108253681171589
HG00330	-0.01531513590827666	0.027480653973020523	10473108253681171589
HG00331	-0.01570548773285277	0.028153187505307483	10473108253681171589
HG00332	-0.015226213565806725	0.02762104853749331	10473108253681171589
HG00334	-0.015579397948076171	0.02958115808391394	10473108253681171589
HG00335	-0.01603667687616076	0.028667009582194366	10473108253681171589
HG00336	-0.01542861102684001	0.027521779687677814	10473108253681171589
HG00337	-0.015627547392311633	0.030226223115222463	10473108253681171589
HG00338	-0.014907346228842273	0.0291770026787149	10473108253681171589
HG00339	-0.01595137876483696	0.02686060328081715	10473108253681171589
HG00341	-0.013888489857229043	0.028106475242829373	10473108253681171589
HG00342	-0.015926568020289456	0.026522740422021577	10473108253681171589
HG00343	-0.015533754834236647	0.02861152897532883	10473108253681171589
HG00344	-0.015468522946220304	0.029753890577859966	10473108253681171589
HG00345	-0.015631103487479387	0.028359722188924606	10473108253681171589
HG00346	-0.015487889406713229	0.028710549676720286	10473108253681171589
HG00349	-0.015244421927693418	0.026956958566118558	10473108253681171589
HG00350	-0.014096206235920916	0.030254902018524026	10473108253681171589
HG00351	-0.014900292454092249	0.027708882138449187	10473108253681171589
HG00353	-0.015882018407815796	0.028256698278283265	10473108253681171589
HG00355	-0.015441493895219077	0.029232469992468122	10473108253681171589
HG00356	-0.014895671165487474	0.028270202699268374	10473108253681171589
HG00357	-0.01560691898025671	0.028592932369555117	10473108253681171589
HG00358	-0.015249158950572822	0.02691949416664764	10473108253681171589
HG00359	-0.014771496159155979	0.027974806704067025	10473108253681171589
HG00360	-0.014837172106465422	0.02845596409492326	10473108253681171589
HG00361	-0.016008921776415788	0.02670893752854927	10473108253681171589
HG00362	-0.0151582425933589	0.027907031653493442	10473108253681171589
HG00364	-0.015105194910272424	0.02832328972584447	10473108253681171589
HG00366	-0.015186067341074045	0.027708571063324954	10473108253681171589
HG00367	-0.016080229189374677	0.02684576294468453	10473108253681171589
HG00369	-0.01600090282444227	0.027794503007776347	10473108253681171589
HG00372	-0.016280761947054485	0.028802899957505623	10473108253681171589
HG00373	-0.01599830305197926	0.0264356879834663	10473108253681171589
HG00375	-0.015793870767384203	0.02804670642066237	10473108253681171589
HG00376	-0.015200489590336793	0.029314537267651312	10473108253681171589
HG00377	-0.01615104882046688	0.02701476268087868	10473108253681171589
HG00378	-0.01568367678387523	0.027526540646940562	10473108253681171589
HG00381	-0.015653329832812875	0.029212425449606224	10473108253681171589
HG00382	-0.015171087502793546	0.027051956275817995	10473108253681171589
HG00383	-0.01521967094964555	0.027897097605295625	10473108253681171589
HG00384	-0.015748633207512994	0.02825927678868488	10473108253681171589
HG00403	-0.021769873795348935	-0.04486944454313495	10473108253681171589
HG00404	-0.022767665427461083	-0.04525101128648948	10473108253681171589
HG00406	-0.02171236982404229	-0.04487918729081835	10473108253681171589
HG00407	-0.02194452553705879	-0.04462675543882542	10473108253681171589
HG00418	-0.022614519672870575	-0.045858487045214974	10473108253681171589
HG00419	-0.02225208813276696	-0.04491068991712473	10473108253681171589
HG00421	-0.022054723897202852	-0.04523150706882066	10473108253681171589
HG00422	-0.022624065999678252	-0.0448904907104183	10473108253681171589
HG00427	-0.022315678194700636	-0.04560851505040685	10473108253681171589
HG00428	-0.022614675548924684	-0.04427894356160545	10473108253681171589
HG00436	-0.022174695139300517	-0.044944792030753605	10473108253681171589
HG00437	-0.022274701086534312	-0.04492194970849573	10473108253681171589
HG00442	-0.022410318482737217	-0.04505688209110243	10473108253681171589
HG00443	-0.022167281104479977	-0.04471493193921454	10473108253681171589
HG00445	-0.022018632898598213	-0.04388167976993821	10473108253681171589
HG00446	-0.022431004128864222	-0.04439779900363174	10473108253681171589
HG00448	-0.022187710898048118	-0.04407709103327916	10473108253681171589
HG00449	-0.0220388493281268	-0.044994871232186096	10473108253681171589
HG00451	-0.022091562611698007	-0.04436424361022433	10473108253681171589
HG00452	-0.02186940600854516	-0.044271581817590215	10473108253681171589
HG00457	-0.02227366282183441	-0.044882025399602135	10473108253681171589
HG00458	-0.02239093591278297	-0.044357297506724055	10473108253681171589
HG00463	-0.022555735781256733	-0.04481819444570758	10473108253681171589
HG00464	-0.022618817432613	-0.04501237180979394	10473108253681171589
HG00472	-0.022409653134737497	-0.04503721392183351	10473108253681171589
HG00473	-0.02242163667524959	-0.04526798985821356	10473108253681171589
HG00475	-0.022191495109542176	-0.04432976512219001	10473108253681171589
HG00476	-0.02263553551875263	-0.04504525075533891	10473108253681171589
HG00478	-0.022324464736073336	-0.045723886091060185	10473108253681171589
HG00479	-0.022560871525750908	-0.043760426428180656	10473108253681171589
HG00500	-0.02230273234845529	-0.04464075514115713	10473108253681171589
HG00501	-0.02241725944551711	-0.04588213728820879	10473108253681171589
HG00512	-0.022375275560582268	-0.04496303575311118	10473108253681171589
HG00513	-0.021848380990798933	-0.04524220660935144	10473108253681171589
HG00524	-0.02235039700046949	-0.04502445097350789	10473108253681171589
HG00525	-0.022036138048328616	-0.04352864758764154	10473108253681171589
HG00530	-0.02254572812562404	-0.04481281406427052	10473108253681171589
HG00531	-0.022286021271550098	-0.04443808060668498	10473108253681171589
HG00533	-0.02236391483059687	-0.04435544246415613	10473108253681171589
HG00534	-0.022230141430477163	-0.04469261925454119	10473108253681171589
HG00536	-0.022387724404845166	-0.04477987596282059	10473108253681171589
HG00537	-0.02242935454756962	-0.04490061766194363	10473108253681171589
HG00542	-0.022467439273994236	-0.045895738376805405	10473108253681171589
HG00543	-0.022284067849382125	-0.045002079405672996	10473108253681171589
HG00553	-7.177417420974388E-4	0.014719142960181335	10473108253681171589
HG00554	-0.008177418273424117	0.023262417460020134	10473108253681171589
HG00556	-0.022569636181624927	-0.044352851146185486	10473108253681171589
HG00557	-0.022154157831434488	-0.044838395491364334	10473108253681171589
HG00559	-0.02245528566519057	-0.044947502205451975	10473108253681171589
HG00560	-0.02200918266659741	-0.04541111718039954	10473108253681171589
HG00565	-0.022398489338456628	-0.04570761280374867	10473108253681171589
HG00566	-0.0223922274528917	-0.04520745687960146	10473108253681171589
HG00577	-0.022212367945625755	-0.04489357421148829	10473108253681171589
HG00578	-0.022089144488473014	-0.04613116721931776	10473108253681171589
HG00580	-0.02230582246216851	-0.044696801105247125	10473108253681171589
HG00581	-0.022158028005546282	-0.045539839312774714	10473108253681171589
HG00583	-0.02232807430818701	-0.0454154431395734	10473108253681171589
HG00584	-0.021815841914422218	-0.045439635579088006	10473108253681171589
HG00589	-0.022376758891436015	-0.04498211607643398	10473108253681171589
HG00590	-0.022173013879975046	-0.043580971758635435	10473108253681171589
HG00592	-0.022598253116261582	-0.04407444812129307	10473108253681171589
HG00593	-0.022357112879899388	-0.04579085650095516	10473108253681171589
HG00595	-0.02264846742112301	-0.045122901196270486	10473108253681171589
HG00596	-0.02251187657090852	-0.04664338266604648	10473108253681171589
HG00607	-0.022438870818260685	-0.045195282952793056	10473108253681171589
HG00608	-0.02207054131384353	-0.045038174219715156	10473108253681171589
HG00610	-0.021970393805161074	-0.04474337109220365	10473108253681171589
HG00611	-0.022447659492707047	-0.044282170366448596	10473108253681171589
HG00613	-0.022368151399955863	-0.04547997893332063	10473108253681171589
HG00614	-0.022138281727820383	-0.04503013215955306	10473108253681171589
HG00619	-0.021989432973589306	-0.04516177341185771	10473108253681171589
HG00620	-0.022944498263103696	-0.04485755921153154	10473108253681171589
HG00625	-0.02186823246926444	-0.04397092322981019	10473108253681171589
HG00626	-0.02278465433679143	-0.04588989707848278	10473108253681171589
HG00628	-0.02190851292425232	-0.044603186912453456	10473108253681171589
HG00629	-0.022348364018449227	-0.04488088403802202	10473108253681171589
HG00634	-0.022365661897030518	-0.044889005393790336	10473108253681171589
HG00635	-0.02220785917065771	-0.04503280993200475	10473108253681171589
HG00637	-0.0033089078991121513	0.018196864143532106	10473108253681171589
HG00638	-0.0014561792167273589	0.01773128277518623	10473108253681171589
HG00640	-0.009373992800335964	0.023561588375239348	10473108253681171589
HG00641	-0.008428594220148683	0.020483329161378724	10473108253681171589
HG00650	-0.022235321888823892	-0.04451507316521058	10473108253681171589
HG00651	-0.022141259029570072	-0.04463660831773644	10473108253681171589
HG00653	-0.022352197609110697	-0.04464568322575412	10473108253681171589
HG00654	-0.02194733002605859	-0.04487187756767463	10473108253681171589
HG00656	-0.021916668897530318	-0.04510690262132657	10473108253681171589
HG00657	-0.022273741390530212	-0.044659079261834926	10473108253681171589
HG00662	-0.022386014960391495	-0.04455123066723205	10473108253681171589
HG00663	-0.02273756822286793	-0.04467402515864563	10473108253681171589
HG00671	-0.022158928111345576	-0.04493524961018727	10473108253681171589
HG00672	-0.022123833722962744	-0.044542138191226974	10473108253681171589
HG00683	-0.02217042660720614	-0.04408051958135389	10473108253681171589
HG00684	-0.0218198660948224	-0.04514936467415657	10473108253681171589
HG00689	-0.022311468478210292	-0.045938203139894065	10473108253681171589
HG00690	-0.022111668753712895	-0.04444648855401843	10473108253681171589
HG00692	-0.022472974518679002	-0.04375614992357644	10473108253681171589
HG00693	-0.0223654527684002	-0.044718990216887036	10473108253681171589
HG00698	-0.02187840289116713	-0.0448467392597086	10473108253681171589
HG00699	-0.021792157450591272	-0.045368107581999155	10473108253681171589
HG00701	-0.022101294081575993	-0.044921590745402154	10473108253681171589
HG00702	-0.0223025691737558	-0.04537612036960251	10473108253681171589
HG00704	-0.022341536357755334	-0.04432674413798167	10473108253681171589
HG00705	-0.02256703912985634	-0.04482086892859428	10473108253681171589
HG00707	-0.022599515493604234	-0.04463039703659079	10473108253681171589
HG00708	-0.022573824509271024	-0.04520784449895196	10473108253681171589
HG00731	-0.011583658739767641	0.02709772454061468	10473108253681171589
HG00732	-0.009958527769729433	0.02267164994477443	10473108253681171589
HG00734	-0.006526991093361697	0.018095132420478242	10473108253681171589
HG00736	-0.00947072768590685	0.023996518895138208	10473108253681171589
HG00737	-0.007787357208838099	0.024239834630434297	10473108253681171589
HG00740	-0.0051012293760982165	0.019804115678087677	10473108253681171589
HG01047	-0.007793769792116292	0.023600703771789414	10473108253681171589
HG01048	-0.006220746360741334	0.021454911368878324	10473108253681171589
HG01051	8.102308379540067E-4	0.014697322985723503	10473108253681171589
HG01052	9.241969017065774E-4	0.014483421425234356	10473108253681171589
HG01055	-0.004486318809926664	0.021668521799160147	10473108253681171589
HG01060	-0.007316680071989624	0.023553650528483405	10473108253681171589
HG01061	-0.00880383657788717	0.02286818825278799	10473108253681171589
HG01066	-0.008635537557471358	0.02318068314308969	10473108253681171589
HG01067	-0.007654656800638239	0.021477160078115332	10473108253681171589
HG01069	-0.007500961318012423	0.020717727498316116	10473108253681171589
HG01070	-0.010143671023732304	0.02270994212618265	10473108253681171589
HG01072	-0.007966574668952868	0.02272896355641877	10473108253681171589
HG01073	-0.008092814146042229	0.021232307961469295	10473108253681171589
HG01075	-0.006430329708662581	0.02622164073797038	10473108253681171589
HG01079	-0.001524303206061958	0.018679206883060937	10473108253681171589
HG01080	-0.008134149711176986	0.018712351908307192	10473108253681171589
HG01082	0.0011319433628530556	0.01683341323250075	10473108253681171589
HG01083	-0.006749734390765728	0.021421686330782022	10473108253681171589
HG01085	-0.00537901215229676	0.02025283418272736	10473108253681171589
HG01095	-0.005775488879510679	0.021498416042543822	10473108253681171589
HG01097	-0.007764278550016808	0.020892395789289357	10473108253681171589
HG01098	-0.006860768049110249	0.021824839562612674	10473108253681171589
HG01101	-0.003401711456433719	0.018162018660322424	10473108253681171589
HG01102	-0.0013787383445480765	0.019589117868513292	10473108253681171589
HG01104	-0.007972823872591933	0.02196690558409701	10473108253681171589
HG01105	-0.00797577531029733	0.024832508977880335	10473108253681171589
HG01107	0.00286468023741761	0.01830772191521178	10473108253681171589
HG01108	0.032755597407925996	0.004186013245732832	10473108253681171589
HG01112	-0.011883677624639438	0.028482412826265565	10473108253681171589
HG01113	-0.01512657270541316	0.017063290389218777	10473108253681171589
HG01124	-0.005035060467193861	0.011459022496071104	10473108253681171589
HG01125	-0.0076641651683359655	0.015041037055300722	10473108253681171589
HG01133	-0.012748907159216925	0.024122567782778225	10473108253681171589
HG01134	-0.005524038013106867	0.01658245536242683	10473108253681171589
HG01136	-0.008351351800350406	0.014469147574374999	10473108253681171589
HG01137	-0.013719669020118907	0.014272777793422972	10473108253681171589
HG01140	-0.012221289352521262	0.017747093573754508	10473108253681171589
HG01148	-0.010182788081121294	0.017845166238746584	10473108253681171589
HG01149	-0.009070372024204977	0.005840725470967591	10473108253681171589
HG01167	0.0025719183081364806	0.015863471362873346	10473108253681171589
HG01168	-0.011297153703394677	0.028083855935627147	10473108253681171589
HG01170	-0.0053112028477078	0.01942970391626332	10473108253681171589
HG01171	-6.785748041164473E-5	0.017404051728325758	10473108253681171589
HG01173	-0.008314473567912848	0.025485541216799214	10473108253681171589
HG01174	-0.009825068125188883	0.023553972236288318	10473108253681171589
HG01176	-0.007592969290302969	0.020507484286775655	10473108253681171589
HG01183	-0.0052854445130361615	0.018872531126964843	10473108253681171589
HG01187	-0.0020946447661707238	0.011532063672765856	10473108253681171589
HG01188	0.0010930436999295149	0.012338524576959081	10473108253681171589
HG01190	-0.0030773617147747045	0.014484202813093662	10473108253681171589
HG01191	-0.007504191583883955	0.018040025526955245	10473108253681171589
HG01197	-0.009424178375444178	0.023629005751834766	10473108253681171589
HG01198	-5.937990943263159E-4	0.01727386820629624	10473108253681171589
HG01204	-0.006549064333873577	0.020471579521192745	10473108253681171589
HG01250	-0.009593737271848207	0.012749697124548874	10473108253681171589
HG01251	-0.013996866560142294	0.01852092252236608	10473108253681171589
HG01257	-0.014225524691475025	0.017528104628272038	10473108253681171589
HG01259	-0.012070671322431914	0.024578735503756742	10473108253681171589
HG01271	-0.009049775596427301	0.016112949451798562	10473108253681171589
HG01272	-0.0016071772013748471	0.008987550244596323	10473108253681171589
HG01274	-0.012402882208662097	0.014938590323132094	10473108253681171589
HG01275	-0.012813723646105262	0.028899148104220618	10473108253681171589
HG01277	-0.014396493020199531	0.013316419445557432	10473108253681171589
HG01278	-0.013750316051386473	0.012736712828113554	10473108253681171589
HG01334	-0.014721821869849452	0.031758761502127815	10473108253681171589
HG01342	0.012404637576561931	0.00652299217082111	10473108253681171589
HG01344	-0.013073834110568526	0.010580011486379852	10473108253681171589
HG01345	-0.010250690231477823	0.01907704469782616	10473108253681171589
HG01350	-0.010997278249075102	0.009069978484339386	10473108253681171589
HG01351	-0.014148981680711938	0.01807799647765758	10473108253681171589
HG01353	-0.012596687616272511	0.022152228901647766	10473108253681171589
HG01354	-0.013064183565595699	0.02299441629112927	10473108253681171589
HG01356	-0.010955937423038917	0.015049765121939732	10473108253681171589
HG01357	-0.014586099116008071	0.016311644478145457	10473108253681171589
HG01359	-0.01187379928485015	0.01703454764794675	10473108253681171589
HG01360	-0.010184002172845548	0.017635966341415208	10473108253681171589
HG01365	-0.004907716314516298	0.012846390933963071	10473108253681171589
HG01366	-0.007189525671091132	0.014698131359887187	10473108253681171589
HG01374	-0.013830907988769169	0.02001467340239884	10473108253681171589
HG01375	-0.004490630217886909	0.011662617133187671	10473108253681171589
HG01377	-0.008070849965372861	0.01310455093818958	10473108253681171589
HG01378	-0.012889408634071798	0.011259105900162224	10473108253681171589
HG01383	-0.012245827516264447	0.018819545733967057	10473108253681171589
HG01384	-0.010532780905437796	0.018552595444689995	10473108253681171589
HG01389	-0.009526583365941718	0.022978513646968454	10473108253681171589
HG01390	0.005633474243119355	0.0066781770568280574	10473108253681171589
HG01437	-0.013185056200985387	0.02476581573334786	10473108253681171589
HG01440	-0.001823918185173082	0.014362326686064936	10473108253681171589
HG01441	-0.014624314430290681	0.00960239618237355	10473108253681171589
HG01455	-0.013668797344123332	0.010197929296164771	10473108253681171589
HG01456	-0.012183658856662618	0.010184629531296981	10473108253681171589
HG01461	-0.002728106745563863	0.005620249020506075	10473108253681171589
HG01462	0.0058718740657523446	0.0034340025102647075	10473108253681171589
HG01465	-0.013224145196383248	0.02214832921317685	10473108253681171589
HG01488	-0.0019182351390178826	0.018280364364498758	10473108253681171589
HG01489	-0.01267910854375032	0.025003666972204817	10473108253681171589
HG01491	-0.012505738249288214	0.023915386431591322	10473108253681171589
HG01492	-0.012484950452785285	0.022017430577671387	10473108253681171589
HG01494	-0.00798046812936888	0.007454866256065541	10473108253681171589
HG01495	-0.007601883963669675	0.007398855882657601	10473108253681171589
HG01497	-0.012680405121396192	0.0128799536090707	10473108253681171589
HG01498	-0.011686999886329633	0.012068651864888981	10473108253681171589
HG01515	-0.013461322984054277	0.033285113206920715	10473108253681171589
HG01516	-0.0134696764263133	0.033873721664021514	10473108253681171589
HG01518	-0.013549701078704735	0.033354542920339535	10473108253681171589
HG01519	-0.013503785521546598	0.03467659678051997	10473108253681171589
HG01521	-0.014177672710045379	0.03331974044759504	10473108253681171589
HG01522	-0.013965650193322814	0.03255142877716719	10473108253681171589
HG01550	-0.01148749038816678	0.018654270183317632	10473108253681171589
HG01551	0.013793699864920642	0.004613260712117257	10473108253681171589
HG01617	-0.0125343785660787	0.03055942783553631	10473108253681171589
HG01618	-0.01209232866883649	0.03092653685105771	10473108253681171589
HG01619	-0.011855926200399958	0.031986432036415754	10473108253681171589
HG01620	-0.012017748972162305	0.03104833322772407	10473108253681171589
HG01623	-0.011009174605777855	0.0318793816092247	10473108253681171589
HG01624	-0.011577882351310525	0.03086697673944119	10473108253681171589
HG01625	-0.012583344810710205	0.032274144374892386	10473108253681171589
HG01626	-0.011864771238861285	0.030717437773900375	10473108253681171589
NA06984	-0.014573411017296459	0.03178953801401603	10473108253681171589
NA06986	-0.014496620721518931	0.03397470704639685	10473108253681171589
NA06989	-0.014764805850642134	0.03292499120198693	10473108253681171589
NA06994	-0.014326502829352423	0.03288526821258272	10473108253681171589
NA07000	-0.01471399061978892	0.0320800435317571	10473108253681171589
NA07037	-0.013451697175067629	0.03290040717866206	10473108253681171589
NA07048	-0.013832156046207267	0.03244810772997692	10473108253681171589
NA07051	-0.01408421476638084	0.033368003075638655	10473108253681171589
NA07056	-0.014392423429938146	0.0328895825337058	10473108253681171589
NA07346	0.004733669965789472	3.459157164368034E-4	10473108253681171589
NA07347	-0.013986003348667531	0.03380400688625719	10473108253681171589
NA07357	-0.014626953496918274	0.031745161726443	10473108253681171589
NA10847	-0.014271310323241996	0.033388000084567736	10473108253681171589
NA10851	-0.014875602852151122	0.03381218921757835	10473108253681171589
NA11829	-0.01456379320518634	0.033231214979550325	10473108253681171589
NA11830	-0.014513772728268122	0.032163379072190794	10473108253681171589
NA11831	-0.014130799551736635	0.03253028406550449	10473108253681171589
NA11843	-0.014686757183875642	0.03275849928448684	10473108253681171589
NA11892	-0.014146048324347491	0.03276422081963607	10473108253681171589
NA11893	-0.01485193994042936	0.032227384220061835	10473108253681171589
NA11894	-0.014114368915568625	0.03331965772118232	10473108253681171589
NA11918	0.004733669965789472	3.459157164368034E-4	10473108253681171589
NA11919	-0.013766030585462307	0.0330832122561184	10473108253681171589
NA11920	-0.014578777267553269	0.034272016485021886	10473108253681171589
NA11930	-0.0142077723208381	0.03188185403107909	10473108253681171589
NA11931	-0.014274111672679274	0.033052336672994065	10473108253681171589
NA11932	-0.013978121962862477	0.034414596958841005	10473108253681171589
NA11933	-0.01393737380222321	0.03302586903554503	10473108253681171589
NA11992	-0.013528285804726346	0.03386852493992624	10473108253681171589
NA11993	-0.01370344295584925	0.03311523085745264	10473108253681171589
NA11994	-0.014668870476437274	0.0322162372507642	10473108253681171589
NA11995	-0.013888464446787608	0.03452843815270011	10473108253681171589
NA12003	-0.014849213651935513	0.03148075616737979	10473108253681171589
NA12004	-0.013979940543127114	0.03315874408378642	10473108253681171589
NA12006	-0.014467199193126593	0.033148556159350855	10473108253681171589
NA12043	-0.014757967953034778	0.03243025110688572	10473108253681171589
NA12044	-0.01437371729111144	0.033290304504117255	10473108253681171589
NA12045	-0.01426021481978382	0.03316121201274917	10473108253681171589
NA12046	-0.013968686258726742	0.031411615566234584	10473108253681171589
NA12058	-0.014397926655134227	0.03356448741061594	10473108253681171589
NA12144	-0.014052931204082813	0.03307593414771833	10473108253681171589
NA12154	-0.014517112249706839	0.03273994748331938	10473108253681171589
NA12155	-0.01440040025363052	0.033627853844064665	10473108253681171589
NA12249	-0.01488785907323395	0.03127932848402886	10473108253681171589
NA12272	-0.01391717759425674	0.033121412288033794	10473108253681171589
NA12273	-0.013564043241036884	0.03381926592354822	10473108253681171589
NA12275	-0.01398511278996815	0.032606028141321595	10473108253681171589
NA12282	-0.013876010323095916	0.03301124170683681	10473108253681171589
NA12283	-0.01380386100965761	0.03271205911309356	10473108253681171589
NA12286	-0.014586978770404659	0.031023397509713727	10473108253681171589
NA12287	-0.014514073534190278	0.03356088714569071	10473108253681171589
NA12340	-0.014011243321774376	0.03431299111038554	10473108253681171589
NA12341	-0.013431817553893605	0.03236906816752744	10473108253681171589
NA12342	-0.014269280441425627	0.0336337935480655	10473108253681171589
NA12347	-0.014504085637666416	0.03208926226679199	10473108253681171589
NA12348	-0.014325293152190423	0.03320341129916716	10473108253681171589
NA12383	-0.01397335315693573	0.03277901421113203	10473108253681171589
NA12399	-0.01424827898679792	0.0327979762249098	10473108253681171589
NA12400	-0.014377816746772059	0.03326697467611303	10473108253681171589
NA12413	-0.013941135803401054	0.031843108509161826	10473108253681171589
NA12489	-0.013969083125195464	0.03302781766455053	10473108253681171589
NA12546	-0.01398653008888477	0.03245034280516001	10473108253681171589
NA12716	-0.014553971170057604	0.03312699839987086	10473108253681171589
NA12717	-0.013831261938251021	0.03277819928664233	10473108253681171589
NA12718	-0.01414800028107607	0.03306499726487365	10473108253681171589
NA12748	-0.015071184363705706	0.03194951237379928	10473108253681171589
NA12749	-0.014862319960865924	0.033111421554596565	10473108253681171589
NA12750	-0.014653415378554548	0.031787645965836296	10473108253681171589
NA12751	-0.014051320485772317	0.03388948291505328	10473108253681171589
NA12761	-0.01445311230407903	0.03327907609932192	10473108253681171589
NA12763	-0.014016053875526147	0.033005534733535034	10473108253681171589
NA12775	-0.014764755933658653	0.032974614671431556	10473108253681171589
NA12777	-0.014788619855165136	0.033344628515287945	10473108253681171589
NA12778	-0.014737468401884272	0.03347751641921027	10473108253681171589
NA12812	-0.014293472955873344	0.03322192059424091	10473108253681171589
NA12814	-0.013797947813572338	0.033173837304301894	10473108253681171589
NA12815	-0.014616707394392674	0.032554561231753855	10473108253681171589
NA12827	-0.014575289706357686	0.03384310486990817	10473108253681171589
NA12829	-0.013744451055032008	0.03261155774844213	10473108253681171589
NA12830	-0.014160301373951247	0.03283594869126072	10473108253681171589
NA12842	-0.014253120203656891	0.03350639457163845	10473108253681171589
NA12843	-0.015011521664537526	0.0324027889880531	10473108253681171589
NA12872	-0.014432039826982296	0.031802662480452375	10473108253681171589
NA12873	-0.014211509893059028	0.032457759234250996	10473108253681171589
NA12874	-0.013440494701331095	0.0328337769219931	10473108253681171589
NA12889	-0.01379798193941632	0.03369178518276789	10473108253681171589
NA12890	-0.0145685079913448	0.032761561837222425	10473108253681171589
NA18486	0.06031685078048768	-0.008780892606197794	10473108253681171589
NA18487	0.060531989758320144	-0.00894912251517967	10473108253681171589
NA18489	0.06015710529575311	-0.008948797399768931	10473108253681171589
NA18498	0.06047524190605002	-0.008742254920219258	10473108253681171589
NA18499	0.060380188902272015	-0.009794302843531506	10473108253681171589
NA18501	0.06060797979763807	-0.008984838543281323	10473108253681171589
NA18502	0.06062372170387564	-0.008341180346494335	10473108253681171589
NA18504	0.06122088977637969	-0.008976776431622006	10473108253681171589
NA18505	0.06160730689389453	-0.008440280828992983	10473108253681171589
NA18507	0.060721332688101724	-0.009414680304412268	10473108253681171589
NA18508	0.06084170100272963	-0.00942668065197818	10473108253681171589
NA18510	0.060612042700325296	-0.009295409478266367	10473108253681171589
NA18511	0.06014690838717754	-0.009101615944770112	10473108253681171589
NA18516	0.06107455316643565	-0.00880356526722743	10473108253681171589
NA18517	0.05989108904366706	-0.008906288474865113	10473108253681171589
NA18519	0.06087239231575425	-0.008351901334639198	10473108253681171589
NA18520	0.06052274484364217	-0.008062500773267115	10473108253681171589
NA18522	0.06084404058456231	-0.008541146336826125	10473108253681171589
NA18523	0.060184512506435944	-0.008452417219505473	10473108253681171589
NA18525	-0.022094581459864218	-0.04382905506501419	10473108253681171589
NA18526	-0.022223010097946964	-0.04477915478533974	10473108253681171589
NA18527	-0.021430602236916507	-0.04323707916621639	10473108253681171589
NA18528	-0.0213539280988181	-0.043095101228875214	10473108253681171589
NA18530	-0.021964540789438332	-0.043841778049068164	10473108253681171589
NA18532	-0.022374341337501217	-0.044671278080100414	10473108253681171589
NA18534	-0.022104692758237867	-0.044376780285974755	10473108253681171589
NA18535	-0.022086375276196685	-0.043413192016537046	10473108253681171589
NA18536	-0.022336443741715974	-0.04389415888655491	10473108253681171589
NA18537	-0.02248203471996436	-0.043805324585005835	10473108253681171589
NA18538	-0.022352322213262475	-0.04330838141428434	10473108253681171589
NA18539	-0.022272494661572197	-0.04410812842880731	10473108253681171589
NA18541	-0.022462048559143435	-0.0435922696106019	10473108253681171589
NA18542	-0.022117469473164248	-0.043397510522905414	10473108253681171589
NA18543	-0.022903269174473037	-0.044862944821311264	10473108253681171589
NA18544	-0.02247700387079435	-0.043361328060005686	10473108253681171589
NA18545	-0.022403219861853757	-0.04445354582159566	10473108253681171589
NA18546	-0.0224228508796111	-0.044618995428268075	10473108253681171589
NA18547	-0.021914089325530593	-0.04340047458145259	10473108253681171589
NA18548	-0.022562071862808397	-0.04430693897024885	10473108253681171589
NA18549	-0.021889271998129737	-0.04548335358103801	10473108253681171589
NA18550	-0.02197427913851464	-0.04359894823451622	10473108253681171589
NA18552	-0.02291355164884617	-0.04490457263539641	10473108253681171589
NA18553	-0.02163237715966162	-0.04360842988043775	10473108253681171589
NA18555	-0.02262225935137128	-0.04354257552002335	10473108253681171589
NA18557	-0.022114946679014716	-0.0438814228397694	10473108253681171589
NA18558	-0.022265226876147102	-0.04381471477961513	10473108253681171589
NA18559	-0.022575075667446938	-0.044092830636193306	10473108253681171589
NA18560	-0.022136669707290238	-0.04492562526368156	10473108253681171589
NA18561	-0.022415013308490942	-0.04252498040790354	10473108253681171589
NA18562	-0.02212707172607526	-0.04349599412965418	10473108253681171589
NA18563	-0.02257467967031606	-0.04358401849410153	10473108253681171589
NA18564	-0.022271557293729642	-0.043508326780577075	10473108253681171589
NA18565	-0.022194244168247324	-0.04512064278620199	10473108253681171589
NA18566	-0.02265543292150154	-0.04454413924707157	10473108253681171589
NA18567	-0.022107087227218932	-0.04426106804952237	10473108253681171589
NA18570	-0.022668388119699096	-0.0453004779444797	10473108253681171589
NA18571	-0.021931896796441096	-0.04343599786429433	10473108253681171589
NA18572	-0.02235667431881553	-0.04560002290936134	10473108253681171589
NA18573	-0.022131612232249742	-0.04451155402511932	10473108253681171589
NA18574	-0.022798356194675	-0.04471180998750606	10473108253681171589
NA18576	-0.022216995519037865	-0.04295523028327213	10473108253681171589
NA18577	-0.022545312147709225	-0.044524279235474924	10473108253681171589
NA18579	-0.021924166922354847	-0.04411209666000274	10473108253681171589
NA18582	-0.022673362722644905	-0.044739688767163076	10473108253681171589
NA18592	-0.02267935524910598	-0.04336845145844296	10473108253681171589
NA18593	-0.022323660035729255	-0.043729791672339216	10473108253681171589
NA18595	-0.022547579128968726	-0.04452862728718181	10473108253681171589
NA18596	-0.02278897552173927	-0.044982604740579836	10473108253681171589
NA18597	-0.02228240875514438	-0.04358553653790187	10473108253681171589
NA18599	-0.022502805594330478	-0.04409771971717001	10473108253681171589
NA18602	-0.02254360696069001	-0.04434218680696705	10473108253681171589
NA18603	-0.02276265628560563	-0.0456787447147	10473108253681171589
NA18605	-0.022709612216166616	-0.044866832777897804	10473108253681171589
NA18606	-0.022098112536689384	-0.044284487996784576	10473108253681171589
NA18608	-0.022731894090783068	-0.04223581294601489	10473108253681171589
NA18609	-0.02232919393580136	-0.042589602139991606	10473108253681171589
NA18610	-0.02230148896588178	-0.043832558680471735	10473108253681171589
NA18611	-0.022038036598471335	-0.04362199922810024	10473108253681171589
NA18612	-0.022075899487297917	-0.04431004512400979	10473108253681171589
NA18613	-0.022595764833375536	-0.04352117637968337	10473108253681171589
NA18614	-0.022653530993690017	-0.04493786228671947	10473108253681171589
NA18615	-0.022324987402282098	-0.04361116581642136	10473108253681171589
NA18616	-0.0227682022368362	-0.04481141552746626	10473108253681171589
NA18617	-0.022344440664866873	-0.04468917126006713	10473108253681171589
NA18618	-0.02201084171489823	-0.04360096998540548	10473108253681171589
NA18619	-0.02215271900231483	-0.04302055105373889	10473108253681171589
NA18620	-0.022354103222011396	-0.04417818124824719	10473108253681171589
NA18621	-0.02289994521621897	-0.044313126414828465	10473108253681171589
NA18622	-0.022421122461057243	-0.04426150893119381	10473108253681171589
NA18623	-0.02249019631280587	-0.04290467435587196	10473108253681171589
NA18624	-0.022390212520002478	-0.04511899048323378	10473108253681171589
NA18626	-0.022427105136709077	-0.04258358456815613	10473108253681171589
NA18627	-0.0225939346474565	-0.04392761264953294	10473108253681171589
NA18628	-0.021959996280843174	-0.04426917655833925	10473108253681171589
NA18630	-0.022057899782403946	-0.04390057371939514	10473108253681171589
NA18631	-0.022636328140226567	-0.04490674065243972	10473108253681171589
NA18632	-0.022309369538770725	-0.04522099756856356	10473108253681171589
NA18633	-0.022601189117241446	-0.04594397871136323	10473108253681171589
NA18634	-0.021989768793620874	-0.044713088431079316	10473108253681171589
NA18635	-0.022630996756629145	-0.04368764777402075	10473108253681171589
NA18636	-0.021617565080648667	-0.04536921628938857	10473108253681171589
NA18637	-0.022122335542800794	-0.04515448165914169	10473108253681171589
NA18638	-0.021585021769388982	-0.043976570393891155	10473108253681171589
NA18639	-0.021648517733108327	-0.04397442275670851	10473108253681171589
NA18640	-0.022131726294151676	-0.0434306315900605	10473108253681171589
NA18641	-0.021848827569581994	-0.044502802005550485	10473108253681171589
NA18642	-0.021179152687181853	-0.0412487929671004	10473108253681171589
NA18643	-0.02194437752874838	-0.04346565429201247	10473108253681171589
NA18645	-0.021722283413763636	-0.04458503855988207	10473108253681171589
NA18647	-0.021584081723916192	-0.04198173232219824	10473108253681171589
NA18740	-0.02152447735752099	-0.044052670706938406	10473108253681171589
NA18745	-0.02233920030204116	-0.04392616836133926	10473108253681171589
NA18747	-0.022095479654754144	-0.043439372226483176	10473108253681171589
NA18748	-0.021658261708423197	-0.04448083220798614	10473108253681171589
NA18749	-0.021800178607387054	-0.04324252004407354	10473108253681171589
NA18757	-0.02224829937712708	-0.04399574901732821	10473108253681171589
NA18853	0.06101144176023303	-0.00902325934827491	10473108253681171589
NA18856	0.06066002924895213	-0.008756582781383826	10473108253681171589
NA18858	0.060755061723631876	-0.00860973047463153	10473108253681171589
NA18861	0.06050810175225779	-0.009363280229989274	10473108253681171589
NA18867	0.06096753334946865	-0.009250442988418362	10473108253681171589
NA18868	0.060784724514975325	-0.008982850829593993	10473108253681171589
NA18870	0.061120651848500296	-0.00866810658082431	10473108253681171589
NA18871	0.06141461149535637	-0.009060890886350913	10473108253681171589
NA18873	0.060604266535413454	-0.008725391703922582	10473108253681171589
NA18874	0.060712925964877804	-0.00893034195080136	10473108253681171589
NA18907	0.060879540900222046	-0.00909285511730474	10473108253681171589
NA18908	0.06114092574269908	-0.009199831021840257	10473108253681171589
NA18909	0.06051277408825306	-0.009798238522147151	10473108253681171589
NA18910	0.06008870066405597	-0.008438291041830045	10473108253681171589
NA18912	0.060591791802625056	-0.00890419358851538	10473108253681171589
NA18916	0.06078155164667195	-0.008296249801887435	10473108253681171589
NA18917	0.0611668342970898	-0.008615354490984318	10473108253681171589
NA18923	0.06088809378707421	-0.00861127788712861	10473108253681171589
NA18924	0.06012745137400274	-0.008901861040565843	10473108253681171589
NA18933	0.061339285178640526	-0.009405888819124056	10473108253681171589
NA18934	0.060620795472314436	-0.008495622300759047	10473108253681171589
NA18939	-0.02192579436155439	-0.04346191204292582	10473108253681171589
NA18940	-0.02177060611726792	-0.04429009185639335	10473108253681171589
NA18941	-0.02206219901268116	-0.04456979589483712	10473108253681171589
NA18942	-0.022066278471726167	-0.04452054400755235	10473108253681171589
NA18943	-0.022595724863369353	-0.0447098787159794	10473108253681171589
NA18944	-0.022391357553775335	-0.043396320969346674	10473108253681171589
NA18945	-0.02218425354704354	-0.04384998471732112	10473108253681171589
NA18946	-0.021503384096785295	-0.04311602957840787	10473108253681171589
NA18947	-0.021966145939706503	-0.04378186701652166	10473108253681171589
NA18948	-0.021921879141850946	-0.043764427440297786	10473108253681171589
NA18949	-0.02262666526840257	-0.04317017212860001	10473108253681171589
NA18950	-0.022659780785788963	-0.04452875102414363	10473108253681171589
NA18951	-0.021974665569305277	-0.04486457819662481	10473108253681171589
NA18952	-0.022381700723586043	-0.043825645473138476	10473108253681171589
NA18953	-0.022578064261848257	-0.043944206852032715	10473108253681171589
NA18954	-0.021826986728992078	-0.04325211974423477	10473108253681171589
NA18956	-0.021830332899189127	-0.04409284200072572	10473108253681171589
NA18957	-0.021618104505890585	-0.04287920463753749	10473108253681171589
NA18959	-0.022117744421660018	-0.04361294214855702	10473108253681171589
NA18960	-0.0217817999517737	-0.04423389185114432	10473108253681171589
NA18961	-0.02246631044944833	-0.04393054563562694	10473108253681171589
NA18962	-0.02178684455338474	-0.0433520119904082	10473108253681171589
NA18963	-0.02207170905775378	-0.0448634063681365	10473108253681171589
NA18964	-0.02179864169814788	-0.04400285159192172	10473108253681171589
NA18965	-0.022630384713548522	-0.04427505917777864	10473108253681171589
NA18966	-0.021573451045992148	-0.04303239801268098	10473108253681171589
NA18968	-0.02184725584534221	-0.044388080910950777	10473108253681171589
NA18971	-0.022589928386360116	-0.04426915605424413	10473108253681171589
NA18973	-0.022459695451366946	-0.043297936410145024	10473108253681171589
NA18974	-0.022080484508106124	-0.043938611475398966	10473108253681171589
NA18975	-0.022109573912519786	-0.043938282514686657	10473108253681171589
NA18976	-0.022112702577017876	-0.044758812004174864	10473108253681171589
NA18977	-0.022080757807430886	-0.04374869361373455	10473108253681171589
NA18978	-0.021456359264051948	-0.042920716749803106	10473108253681171589
NA18980	-0.022657043301017712	-0.04352877097992004	10473108253681171589
NA18981	-0.02214739581365107	-0.04300881483491977	10473108253681171589
NA18982	-0.022134666370475533	-0.04324413099107339	10473108253681171589
NA18983	-0.02262839963476077	-0.04369470972857448	10473108253681171589
NA18984	-0.021708642196011728	-0.04327402001069362	10473108253681171589
NA18985	-0.022450166678646254	-0.04396776343976196	10473108253681171589
NA18986	-0.02180802427816416	-0.044353715737727124	10473108253681171589
NA18987	-0.022444597045296152	-0.04201073548326845	10473108253681171589
NA18988	-0.021589432703916854	-0.044412788704987875	10473108253681171589
NA18989	-0.022079481723412245	-0.0442707286544707	10473108253681171589
NA18990	-0.021612738167892765	-0.0449794946393653	10473108253681171589
NA18992	-0.021928161161054394	-0.04204047708460248	10473108253681171589
NA18994	-0.021800296239477743	-0.04444481555381944	10473108253681171589
NA18995	-0.02176569855013194	-0.04325399176042084	10473108253681171589
NA18998	-0.021442591846979	-0.04369848447926058	10473108253681171589
NA18999	-0.022120245405338208	-0.04408654552892213	10473108253681171589
NA19000	-0.022536957591342412	-0.045332557909263875	10473108253681171589
NA19002	-0.022174093200870514	-0.04365378639281806	10473108253681171589
NA19003	-0.02220449923191173	-0.044485783558462264	10473108253681171589
NA19004	-0.022204458535076476	-0.04460494065825362	10473108253681171589
NA19005	-0.022011812173272086	-0.044792649384369554	10473108253681171589
NA19007	-0.022765145286736156	-0.0441852080788259	10473108253681171589
NA19009	-0.02229968221467969	-0.043820183673223455	10473108253681171589
NA19010	-0.022445516808179255	-0.04438726488832421	10473108253681171589
NA19012	-0.021580015893348917	-0.04350381786563021	10473108253681171589
NA19020	0.055978025998432816	-0.006490325246549446	10473108253681171589
NA19028	0.055554847934369524	-0.007324494196495126	10473108253681171589
NA19035	0.056311606641925735	-0.007121561615357398	10473108253681171589
NA19036	0.05731563587786375	-0.007403422884191421	10473108253681171589
NA19038	0.057064332467850906	-0.007775323590858383	10473108253681171589
NA19041	0.056389321798162056	-0.007924989615875625	10473108253681171589
NA19044	0.056537848136347386	-0.0070237519093781986	10473108253681171589
NA19046	0.057222001883674156	-0.008406671826603386	10473108253681171589
NA19054	-0.02236476776876203	-0.0439524852339948	10473108253681171589
NA19055	-0.022269423953441184	-0.044666224836588976	10473108253681171589
NA19056	-0.02190444739708571	-0.043520586755430295	10473108253681171589
NA19057	-0.02260401590752409	-0.04277464313047996	10473108253681171589
NA19058	-0.022261884875765522	-0.043974221422201566	10473108253681171589
NA19059	-0.02241895282900696	-0.04327391660836593	10473108253681171589
NA19060	-0.02202765010385158	-0.04342230510721451	10473108253681171589
NA19062	-0.02196207702991071	-0.04377167433321842	10473108253681171589
NA19063	-0.022303041214264692	-0.044892614804685246	10473108253681171589
NA19064	-0.02235588506484139	-0.044742014964047505	10473108253681171589
NA19065	-0.022083770839262624	-0.04356684748585992	10473108253681171589
NA19066	-0.021838087703427145	-0.04438875591461668	10473108253681171589
NA19067	-0.022390830574570256	-0.04490771474993998	10473108253681171589
NA19068	-0.022951558628479644	-0.04453011072146728	10473108253681171589
NA19070	-0.02241573057259002	-0.04411137108717869	10473108253681171589
NA19072	-0.02167509355214629	-0.0442898284715972	10473108253681171589
NA19074	-0.022667877273144947	-0.04432763247206043	10473108253681171589
NA19075	-0.022837662338223236	-0.04387014968749043	10473108253681171589
NA19076	-0.022846920791371468	-0.04340235779732359	10473108253681171589
NA19077	-0.02221110552541681	-0.044548452888454174	10473108253681171589
NA19078	-0.0223038909997603	-0.043925941920360756	10473108253681171589
NA19079	-0.021814826968314806	-0.044766811315303676	10473108253681171589
NA19080	-0.021814025216543135	-0.0444733365932156	10473108253681171589
NA19081	-0.022553485427656197	-0.0438564122559684	10473108253681171589
NA19082	-0.021953919795051555	-0.04457681709140416	10473108253681171589
NA19083	-0.021930834830221495	-0.043634119661784036	10473108253681171589
NA19084	-0.022565464911005903	-0.04455333625794899	10473108253681171589
NA19085	-0.02245876028456258	-0.043873508731866455	10473108253681171589
NA19087	-0.02267153918278241	-0.0438162965773366	10473108253681171589
NA19088	-0.02241012262736994	-0.04384391994857918	10473108253681171589
NA19093	0.060117649785046204	-0.009150998457527613	10473108253681171589
NA19095	0.06042368545282645	-0.008986482654570908	10473108253681171589
NA19096	0.06053085493689897	-0.008506400410454992	10473108253681171589
NA19098	0.06031886094342982	-0.008966153530104657	10473108253681171589
NA19099	0.06052349134095609	-0.009029046844043511	10473108253681171589
NA19102	0.061023924028513726	-0.00880918880726033	10473108253681171589
NA19107	0.06017871975468514	-0.008492182954617981	10473108253681171589
NA19108	0.060348674702547914	-0.009185234692461545	10473108253681171589
NA19113	0.05994396042928087	-0.009393098674985981	10473108253681171589
NA19114	0.06077654041695922	-0.00857022614211319	10473108253681171589
NA19116	0.0607922701887414	-0.008655078726258035	10473108253681171589
NA19117	0.060043586361395895	-0.009075873597813953	10473108253681171589
NA19118	0.058556319099249764	-0.008011025319130298	10473108253681171589
NA19119	0.06044301637201761	-0.00938735879962603	10473108253681171589
NA19121	0.0600833105131029	-0.008929871572705035	10473108253681171589
NA19129	0.05964265917585045	-0.008594461493149946	10473108253681171589
NA19130	0.06055837244693278	-0.009214634901527545	10473108253681171589
NA19131	0.06078760048425312	-0.009355066527309441	10473108253681171589
NA19137	0.06034497559657439	-0.008454335210860354	10473108253681171589
NA19138	0.06054356096528914	-0.008344111962581804	10473108253681171589
NA19146	0.060346814056312315	-0.008997304512539184	10473108253681171589
NA19147	0.0609684976037749	-0.008964795635249741	10473108253681171589
NA19149	0.06099385857173111	-0.008858363516814387	10473108253681171589
NA19150	0.059867922716107205	-0.009057212437766367	10473108253681171589
NA19152	0.059726624955732804	-0.00946369850575266	10473108253681171589
NA19160	0.06061866471436256	-0.008706893680590286	10473108253681171589
NA19171	0.05968693772848111	-0.008751146999429192	10473108253681171589
NA19172	0.06052607952615913	-0.008937272299978335	10473108253681171589
NA19175	0.060432032625134684	-0.008585318463058786	10473108253681171589
NA19185	0.06073009935952655	-0.008600375116483478	10473108253681171589
NA19189	0.06014900682101901	-0.008479484382184557	10473108253681171589
NA19190	0.06056130279806838	-0.009118398948316194	10473108253681171589
NA19197	0.06030350495653438	-0.009271545194694602	10473108253681171589
NA19198	0.06092451400891191	-0.008384664450356233	10473108253681171589
NA19200	0.060380966317296766	-0.00907219686994483	10473108253681171589
NA19204	0.059497185742894934	-0.009050700315453544	10473108253681171589
NA19207	0.060647824026110096	-0.009498707337743807	10473108253681171589
NA19209	0.06051136726622775	-0.009460308168748658	10473108253681171589
NA19213	0.06098132723323042	-0.009062408895124056	10473108253681171589
NA19222	0.060344896349719256	-0.009203766716416872	10473108253681171589
NA19223	0.06051218699710861	-0.009301973876735257	10473108253681171589
NA19225	0.06046872871028834	-0.009506251002214706	10473108253681171589
NA19235	0.061205705993717927	-0.008051666243640352	10473108253681171589
NA19236	0.06151039760205197	-0.009048686021348196	10473108253681171589
NA19247	0.06030668815702384	-0.009124134023993275	10473108253681171589
NA19248	0.06110960560749066	-0.008609862951161435	10473108253681171589
NA19256	0.060609954872639996	-0.009700692870161226	10473108253681171589
NA19257	0.06030257369707847	-0.008623829108972924	10473108253681171589
NA19307	0.056985864909706536	-0.007663990778233023	10473108253681171589
NA19308	0.05710342746722314	-0.007564056654961881	10473108253681171589
NA19309	0.05712676365736378	-0.007528035412653824	10473108253681171589
NA19310	0.05752731936442978	-0.008639441839503156	10473108253681171589
NA19311	0.054964725883888815	-0.00742168067205737	10473108253681171589
NA19312	0.057818503600914214	-0.007505324830611242	10473108253681171589
NA19313	0.05732850014532028	-0.00810377626592325	10473108253681171589
NA19315	0.056058712404660656	-0.007017406859091311	10473108253681171589
NA19316	0.05689332560656938	-0.0076081441825961655	10473108253681171589
NA19317	0.05828317537938265	-0.007967544285850147	10473108253681171589
NA19318	0.05771882008689275	-0.008069765309724152	10473108253681171589
NA19319	0.05739872690066193	-0.008179628654755886	10473108253681171589
NA19321	0.05758903240562349	-0.008069159569022261	10473108253681171589
NA19324	0.05725091620269608	-0.0077065295287235295	10473108253681171589
NA19327	0.05497535312598937	-0.006942978656096817	10473108253681171589
NA19328	0.056990213828780986	-0.007710521211098512	10473108253681171589
NA19331	0.05798215564066761	-0.008202473162938912	10473108253681171589
NA19332	0.056318931903632456	-0.007905093018641606	10473108253681171589
NA19334	0.05740782533784977	-0.007958075334813044	10473108253681171589
NA19338	0.056460178310273224	-0.007288888740033173	10473108253681171589
NA19346	0.057633472542693714	-0.0077808235082670475	10473108253681171589
NA19347	0.057692531392203684	-0.007860553694683416	10473108253681171589
NA19350	0.05706512366889229	-0.007586117846801547	10473108253681171589
NA19351	0.057338278028050374	-0.007646560391085435	10473108253681171589
NA19352	0.05781551201161591	-0.007822202152184385	10473108253681171589
NA19355	0.056883197339621556	-0.007094373793159196	10473108253681171589
NA19359	0.057959838221083054	-0.008269205582816823	10473108253681171589
NA19360	0.05741663584987772	-0.008025416160395258	10473108253681171589
NA19371	0.05672934779941532	-0.008381062878244996	10473108253681171589
NA19372	0.05784631512842836	-0.007747694593080468	10473108253681171589
NA19373	0.057754884785153185	-0.007955306652180706	10473108253681171589
NA19374	0.05724878047785708	-0.008149499696267996	10473108253681171589
NA19375	0.056993683265562464	-0.0075290367004955125	10473108253681171589
NA19376	0.05930748835875657	-0.008351985590342705	10473108253681171589
NA19377	0.05783480301447286	-0.007338921983776109	10473108253681171589
NA19379	0.057939695883309904	-0.0075892748959107146	10473108253681171589
NA19380	0.05623414410107313	-0.007732923584722411	10473108253681171589
NA19381	0.05614552368473874	-0.0074208436254038345	10473108253681171589
NA19382	0.056180887593131834	-0.007918916845276283	10473108253681171589
NA19383	0.05645260353489287	-0.00763339109422178	10473108253681171589
NA19384	0.0590424326581102	-0.008090470781988657	10473108253681171589
NA19385	0.05629843000834749	-0.006927109447754689	10473108253681171589
NA19390	0.056813963529622	-0.007702339794811343	10473108253681171589
NA19391	0.058908012781458956	-0.008150173109925548	10473108253681171589
NA19393	0.057177470351807765	-0.007988739385375544	10473108253681171589
NA19394	0.05760284242252838	-0.0074096656174372395	10473108253681171589
NA19395	0.05587427817815815	-0.0076037753019833195	10473108253681171589
NA19396	0.05848498507210728	-0.008544555582461652	10473108253681171589
NA19397	0.05814691201184751	-0.007760617360010004	10473108253681171589
NA19398	0.05742107281004754	-0.008099319619467226	10473108253681171589
NA19399	0.058733625802360294	-0.00808563372272496	10473108253681171589
NA19401	0.05589701826238716	-0.007617259519145838	10473108253681171589
NA19403	0.05547262830343418	-0.00678048144058367	10473108253681171589
NA19404	0.057787816021515795	-0.008134346759457475	10473108253681171589
NA19428	0.05741204358734957	-0.00728613553324617	10473108253681171589
NA19429	0.05724535061777901	-0.008118121549176653	10473108253681171589
NA19430	0.05801726913902924	-0.007746047671639854	10473108253681171589
NA19431	0.05838254141733328	-0.008879060787286465	10473108253681171589
NA19434	0.057186837614168796	-0.008098938262521378	10473108253681171589
NA19435	0.056180933102395414	-0.0073562076766752185	10473108253681171589
NA19436	0.0576214399716185	-0.008055633160005392	10473108253681171589
NA19437	0.055080428460769736	-0.007309869199151482	10473108253681171589
NA19438	0.05762599005508574	-0.008798038739172346	10473108253681171589
NA19439	0.05744075475434406	-0.00801633287239053	10473108253681171589
NA19440	0.057048667970166445	-0.00779137385057699	10473108253681171589
NA19443	0.057393939318340685	-0.007930525575335736	10473108253681171589
NA19444	0.056878236047004385	-0.007840744266589409	10473108253681171589
NA19445	0.05774104828710348	-0.00824530264401864	10473108253681171589
NA19446	0.05797650082307869	-0.007362705722080326	10473108253681171589
NA19448	0.05636651164049195	-0.007305839301029073	10473108253681171589
NA19449	0.05732274801257372	-0.008137237902776727	10473108253681171589
NA19451	0.05775983994654021	-0.008281976828986348	10473108253681171589
NA19452	0.05649211090685063	-0.007511046005965962	10473108253681171589
NA19453	0.05750021147932719	-0.008205689176318842	10473108253681171589
NA19455	0.056522731366653214	-0.007746497403947771	10473108253681171589
NA19456	0.05716778367801934	-0.00866953953676401	10473108253681171589
NA19457	0.05684483121185667	-0.0074570892696154256	10473108253681171589
NA19461	0.057248628443036235	-0.006842858939767722	10473108253681171589
NA19462	0.05860122919314619	-0.008477916335205577	10473108253681171589
NA19463	0.05590522045982969	-0.007211504214236442	10473108253681171589
NA19466	0.05674197610706755	-0.007293516837307911	10473108253681171589
NA19467	0.05620248730635891	-0.007960482088184577	10473108253681171589
NA19468	0.05711724131996275	-0.007761256327902633	10473108253681171589
NA19469	0.057476487176622675	-0.008081210259295384	10473108253681171589
NA19470	0.058018317294238626	-0.008618344680175834	10473108253681171589
NA19471	0.055762300309911896	-0.0073422120990377145	10473108253681171589
NA19472	0.05590853755678972	-0.0072292647054537475	10473108253681171589
NA19473	0.056728114162221406	-0.007330668682883654	10473108253681171589
NA19474	0.05641680615889521	-0.007272683736958666	10473108253681171589
NA19625	0.03305189973174357	-0.00673922853505356	10473108253681171589
NA19648	-0.012270968076000944	0.02974343840987755	10473108253681171589
NA19651	-0.011287822998234462	0.017068599732195305	10473108253681171589
NA19652	-0.012267701569423455	0.017399007104649634	10473108253681171589
NA19654	-0.0124865857280708	0.0020591907756988227	10473108253681171589
NA19655	-0.012316374498701621	0.014508989116416572	10473108253681171589
NA19657	-0.013659295989090365	-1.91889669037382E-6	10473108253681171589
NA19660	-0.014416910443218292	0.006427678920358644	10473108253681171589
NA19661	-0.013394105881518608	0.005160629226035203	10473108253681171589
NA19663	-0.012891595939655862	-5.713030019928162E-4	10473108253681171589
NA19664	-0.013022891149331051	0.0020326506786507654	10473108253681171589
NA19672	-0.01345905345525474	0.0059158508097725375	10473108253681171589
NA19675	-0.01078080702926045	0.025260811866099686	10473108253681171589
NA19676	-0.012649518938890913	0.015590774157863193	10473108253681171589
NA19678	-0.009577935972694051	0.019276693584006376	10473108253681171589
NA19679	-0.011109704116989656	0.028893008952504916	10473108253681171589
NA19681	-0.013536717815747237	3.7046970768548574E-4	10473108253681171589
NA19682	-0.015324303608485091	0.006550422974407591	10473108253681171589
NA19684	-0.015505405957848648	0.016275941198491236	10473108253681171589
NA19685	-0.013447093647126575	0.007331498173518647	10473108253681171589
NA19700	0.047308818233869725	-9.796436567528282E-4	10473108253681171589
NA19701	0.04864900452823826	-0.00348034747441207	10473108253681171589
NA19703	0.049075163419233916	-0.0025697625895126958	10473108253681171589
NA19704	0.049463977209121775	-0.0023372013275889227	10473108253681171589
NA19707	0.03990607358994125	0.0016019443379196503	10473108253681171589
NA19711	0.05165327597392153	-0.003943049458482342	10473108253681171589
NA19712	0.051586864549303335	-0.004974632474566082	10473108253681171589
NA19713	0.04186837890376154	0.002416981807719567	10473108253681171589
NA19716	-0.013649986267294838	0.002064089349204568	10473108253681171589
NA19717	-0.014925549404401389	0.0012014800566992343	10473108253681171589
NA19719	-0.012208806218405935	0.008927083186357305	10473108253681171589
NA19720	-0.01464634305505188	-0.001845786759025521	10473108253681171589
NA19722	-0.013434746835242884	0.006125657250765624	10473108253681171589
NA19723	-0.010002587853584367	0.004587948928933766	10473108253681171589
NA19725	-0.013078214658753504	0.013389154445109972	10473108253681171589
NA19726	-0.017212733667407026	-1.5251248672077042E-4	10473108253681171589
NA19728	-0.019824858117947215	-0.014314102928708789	10473108253681171589
NA19729	-0.018849865659351213	-0.013878304979868845	10473108253681171589
NA19731	-0.019825971358085216	-0.016120851933897375	10473108253681171589
NA19732	-0.019893080701637363	-0.015456761736203915	10473108253681171589
NA19734	-0.01631228696400874	4.8381542984676E-4	10473108253681171589
NA19735	-0.017447322935949774	-0.01207000821581999	10473108253681171589
NA19737	-0.012602021574685622	0.010280784551036709	10473108253681171589
NA19738	-0.014881651741512816	0.010087482423803792	10473108253681171589
NA19740	-0.01603248702034783	-0.0077112704362696256	10473108253681171589
NA19741	-0.018143603712362292	-0.010565712888201122	10473108253681171589
NA19746	-0.01606438568079413	-0.003988741308182419	10473108253681171589
NA19747	-0.015012686289986624	0.00383459486803071	10473108253681171589
NA19749	-0.013935546923775605	0.008081255107725215	10473108253681171589
NA19750	-0.013377733021035385	0.016319686091909216	10473108253681171589
NA19752	-0.014795040264041364	0.004672321838449826	10473108253681171589
NA19753	-0.014198506094819303	0.0019748418392297904	10473108253681171589
NA19755	-0.014214194833387978	-0.004356129294919125	10473108253681171589
NA19756	-0.01177010214784776	0.004173399208687543	10473108253681171589
NA19758	-0.01738797763243801	-0.007376996669946664	10473108253681171589
NA19759	-0.016651963321562872	-0.006797965607745668	10473108253681171589
NA19761	-0.013273385916906787	0.0013603996582052952	10473108253681171589
NA19762	-0.01308269465646841	-0.001416873357156683	10473108253681171589
NA19764	-0.011959631608798984	0.009756780971195905	10473108253681171589
NA19770	-0.012243878668765671	0.009498073700340965	10473108253681171589
NA19771	-0.013233203783394697	0.004065705877033677	10473108253681171589
NA19773	-0.014360791260292374	0.010970836740671903	10473108253681171589
NA19774	-0.012808598333401755	0.0058648669845330625	10473108253681171589
NA19776	-0.009334702979163783	0.006055537381406219	10473108253681171589
NA19777	-0.010445305322407228	0.006570160984951037	10473108253681171589
NA19779	-0.012713514772679466	0.015036291012929226	10473108253681171589
NA19780	-0.013201407625830167	0.013066690914475732	10473108253681171589
NA19782	-0.011835797414588069	0.006506246589079321	10473108253681171589
NA19783	-0.01729472906759585	-0.005337819669865164	10473108253681171589
NA19785	-0.014416952635804331	-0.0048249462391055375	10473108253681171589
NA19786	-0.014654446418601358	9.757148849968598E-4	10473108253681171589
NA19788	-0.014616490280667598	-0.002722777985158808	10473108253681171589
NA19789	-0.01166357068606224	0.006478549485142823	10473108253681171589
NA19794	-0.01237478990141677	0.01573902119578783	10473108253681171589
NA19795	-0.011559121423855593	0.005462847515287302	10473108253681171589
NA19818	0.04056448183350308	0.001975423575847989	10473108253681171589
NA19819	0.04072636927843854	0.0019305782496278328	10473108253681171589
NA19834	0.04206488220617334	0.0022860048637018816	10473108253681171589
NA19835	0.04750662379737717	-0.0026949922846969837	10473108253681171589
NA19900	0.046792691098805385	-0.0018889844543697053	10473108253681171589
NA19901	0.05346273598424497	-0.004948604690706328	10473108253681171589
NA19904	0.04667988876768573	-0.0015997420752604109	10473108253681171589
NA19908	0.05186340377107658	-0.004310839495351442	10473108253681171589
NA19909	0.05105355041808313	-0.004073343331319731	10473108253681171589
NA19914	0.03839897324094428	0.0036787922188329506	10473108253681171589
NA19916	0.051511385440227916	-0.004512414242947747	10473108253681171589
NA19917	0.05315149901660175	-0.004579702860363466	10473108253681171589
NA19920	0.0533205345165957	-0.005031253082942521	10473108253681171589
NA19921	0.029314520901018413	0.0029328133293012345	10473108253681171589
NA19922	0.037691302669757294	0.0027843970191445532	10473108253681171589
NA19923	0.03137529636867068	0.007393150297757905	10473108253681171589
NA19982	0.050747743194972716	-0.003899241390777517	10473108253681171589
NA19984	0.050157411111302515	-0.003241058780205347	10473108253681171589
NA19985	0.040797055057874204	0.003134467806760872	10473108253681171589
NA20126	0.037808298519753786	0.002654744362478224	10473108253681171589
NA20127	0.05342689565423637	-0.0046082680367370244	10473108253681171589
NA20276	0.04681434183331748	-8.108068458643171E-4	10473108253681171589
NA20278	0.02364626525930573	0.012914844128110208	10473108253681171589
NA20281	0.04807942131091823	-0.0026885395106016723	10473108253681171589
NA20282	0.03989766131145904	0.0019693615182545567	10473108253681171589
NA20287	0.047049642580867135	-0.001806611217622611	10473108253681171589
NA20289	0.04499800678982902	2.5099167744952567E-4	10473108253681171589
NA20291	0.058398287564738895	-0.007565032930073171	10473108253681171589
NA20294	0.050022788723851505	-0.0034737486771400502	10473108253681171589
NA20296	0.043549986515300176	-0.0011363614069818246	10473108253681171589
NA20298	0.053801636731471765	-0.0070455936519665755	10473108253681171589
NA20299	0.014917370999824984	-0.00862698382896884	10473108253681171589
NA20314	-0.01805329536329283	-0.001419470870490464	10473108253681171589
NA20317	0.038756403733139565	0.0036158930323451	10473108253681171589
NA20322	0.04234507723653321	7.406940412205926E-4	10473108253681171589
NA20332	0.044421735530102785	-1.848200337511683E-5	10473108253681171589
NA20334	0.035116559645992	0.005761774401515744	10473108253681171589
NA20336	0.03356238639948566	0.005770865260507768	10473108253681171589
NA20339	0.04939814804500864	-0.004708004162451311	10473108253681171589
NA20340	0.048829972345476605	-0.003345030888267283	10473108253681171589
NA20341	0.04547240225552937	-1.2064523980626467E-4	10473108253681171589
NA20342	0.03084257860795018	0.0069387286548901785	10473108253681171589
NA20344	0.04296633975095008	5.119481236083364E-4	10473108253681171589
NA20346	0.047447932696904296	-0.0038421745397501732	10473108253681171589
NA20348	0.04820550059304441	-0.0037337839598214264	10473108253681171589
NA20351	0.03635088668562491	0.003720121608433228	10473108253681171589
NA20356	0.05074007291100418	-0.0039444562520617975	10473108253681171589
NA20357	0.05210971257614897	-0.005208199819636915	10473108253681171589
NA20359	0.041523323267055205	0.0011145806291147863	10473108253681171589
NA20363	0.03797282476418257	0.0037926955376973675	10473108253681171589
NA20412	0.04229387489775707	-0.0010058296024101976	10473108253681171589
NA20414	0.005670610612973757	-0.003486092680745364	10473108253681171589
NA20502	-0.01265230093149754	0.03178371021040853	10473108253681171589
NA20503	-0.01328513137920175	0.032405637856291164	10473108253681171589
NA20504	-0.01316330822425216	0.03052285480457191	10473108253681171589
NA20505	-0.012485100271660807	0.03246956366144314	10473108253681171589
NA20506	-0.013251903368980524	0.031703815073918964	10473108253681171589
NA20507	-0.01290941219241114	0.03165193940825369	10473108253681171589
NA20508	-0.012844126538435367	0.031631647336148074	10473108253681171589
NA20509	-0.012455763345858512	0.03193767335784166	10473108253681171589
NA20510	-0.012750566654452474	0.031777748458220886	10473108253681171589
NA20512	-0.013315443646127242	0.03218894320175562	10473108253681171589
NA20513	-0.013437792364780201	0.03090709425500461	10473108253681171589
NA20515	-0.012679645982366188	0.03157709498390145	10473108253681171589
NA20516	-0.013594509175375809	0.03116278148504323	10473108253681171589
NA20517	-0.013032256317223205	0.0322690344921247	10473108253681171589
NA20518	-0.01286760796395746	0.032146970600581116	10473108253681171589
NA20519	-0.01259331578074055	0.03185906338047177	10473108253681171589
NA20520	-0.012718366345722862	0.03150333377169271	10473108253681171589
NA20521	-0.012523817570572126	0.033167094757388056	10473108253681171589
NA20522	-0.013099900856564832	0.03176319317857659	10473108253681171589
NA20524	-0.0132422040628878	0.031613760906379025	10473108253681171589
NA20525	-0.012744248947012721	0.03200779312966545	10473108253681171589
NA20527	-0.012940272243959675	0.03193838202592908	10473108253681171589
NA20528	-0.013362111580519758	0.031199660881431668	10473108253681171589
NA20529	-0.012403977721737016	0.031633346044113185	10473108253681171589
NA20530	-0.01290764331521733	0.03224515311582127	10473108253681171589
NA20531	-0.012849103596711835	0.03145558463913014	10473108253681171589
NA20532	-0.012963518597446582	0.032147855868612185	10473108253681171589
NA20533	-0.0127078287489001	0.03270512919087289	10473108253681171589
NA20534	-0.012441242727881635	0.03227758748593494	10473108253681171589
NA20535	-0.013072267174252718	0.03245412040871582	10473108253681171589
NA20536	-0.01263688515387126	0.03161324233214671	10473108253681171589
NA20537	-0.012090300448877125	0.03320999965900959	10473108253681171589
NA20538	-0.01204222880345087	0.031783021647942084	10473108253681171589
NA20539	-0.012648875218627552	0.032214139357083414	10473108253681171589
NA20540	-0.013151505979532277	0.032924920213849705	10473108253681171589
NA20541	-0.012587894848056141	0.03223135579758708	10473108253681171589
NA20542	-0.013044191495509077	0.03134532319674485	10473108253681171589
NA20543	-0.012748266224226704	0.03217215855648459	10473108253681171589
NA20544	-0.012961914737955771	0.03136235170859511	10473108253681171589
NA20581	-0.012986298358591995	0.032307889473787245	10473108253681171589
NA20582	-0.012659153862683587	0.03230153087398724	10473108253681171589
NA20585	-0.01279100814593955	0.03125223002426331	10473108253681171589
NA20586	-0.012476651326014943	0.033158803847610864	10473108253681171589
NA20588	-0.012627940032476135	0.03176469573981633	10473108253681171589
NA20589	-0.012344817250719673	0.03177614461783163	10473108253681171589
NA20752	-0.012903223762654644	0.03181109554003578	10473108253681171589
NA20753	-0.01279574301729782	0.0315748804315254	10473108253681171589
NA20754	-0.012574770040097468	0.03143206014530068	10473108253681171589
NA20755	-0.012911627182933682	0.03265426904524634	10473108253681171589
NA20756	-0.012582777242769565	0.031947225602019465	10473108253681171589
NA20757	-0.012621435664992157	0.031726520107732074	10473108253681171589
NA20758	-0.012776650794265342	0.032010745586165186	10473108253681171589
NA20759	-0.013069983705011372	0.03232408034407023	10473108253681171589
NA20760	-0.01361058566064525	0.03206823687471298	10473108253681171589
NA20761	-0.012993057060002953	0.031994023363651744	10473108253681171589
NA20765	-0.012560868431525209	0.032363758524195506	10473108253681171589
NA20766	-0.012360263229453461	0.031586486851812944	10473108253681171589
NA20768	-0.013007083328390389	0.031989891736247694	10473108253681171589
NA20769	-0.012876877546632673	0.03340887734040286	10473108253681171589
NA20770	-0.013003873820188368	0.03147259770270834	10473108253681171589
NA20771	-0.012723422224549003	0.032987337748369386	10473108253681171589
NA20772	-0.012522640222757214	0.03178305487383856	10473108253681171589
NA20773	-0.013240494342237343	0.03166673662458695	10473108253681171589
NA20774	-0.01299204115055263	0.032879272289639515	10473108253681171589
NA20775	-0.012663477515498612	0.03174966478244164	10473108253681171589
NA20778	-0.013105904524090795	0.031990368684150484	10473108253681171589
NA20783	-0.012578276394410804	0.03168195210888678	10473108253681171589
NA20785	-0.012754832816959197	0.03120177057316214	10473108253681171589
NA20786	-0.012631833544708706	0.0320260279890923	10473108253681171589
NA20787	-0.011965912420733672	0.03160409119501807	10473108253681171589
NA20790	-0.012504496789107792	0.033082554409405544	10473108253681171589
NA20792	-0.013083529523979913	0.03166771656161305	10473108253681171589
NA20795	-0.012425625745432116	0.03235441406567725	10473108253681171589
NA20796	-0.01271695057993849	0.032023634660672186	10473108253681171589
NA20797	-0.012429322116475154	0.031862890634658754	10473108253681171589
NA20798	-0.013209712914540397	0.03142443643370469	10473108253681171589
NA20799	-0.012836564317225133	0.03243487542673703	10473108253681171589
NA20800	-0.012709902550411415	0.03257734588628303	10473108253681171589
NA20801	-0.013239227391287868	0.03284063500684817	10473108253681171589
NA20802	-0.01268205319738474	0.03249784682854126	10473108253681171589
NA20803	-0.012907872868367282	0.03284726546131086	10473108253681171589
NA20804	-0.012794530764934175	0.031668088107701074	10473108253681171589
NA20805	-0.013019555019003398	0.032530738149360146	10473108253681171589
NA20806	-0.012531144098252936	0.03249248440864606	10473108253681171589
NA20807	-0.013119389524716491	0.03263672690489726	10473108253681171589
NA20808	-0.012819606897023368	0.032290266971944245	10473108253681171589
NA20809	-0.01278627545088365	0.032294754727188534	10473108253681171589
NA20810	-0.01246700559848613	0.03233856848529106	10473108253681171589
NA20811	-0.012160126917972816	0.033095895046073395	10473108253681171589
NA20812	-0.013555398520619644	0.03183021734340787	10473108253681171589
NA20813	-0.012797084600481758	0.03243999377697277	10473108253681171589
NA20814	-0.012707722278257628	0.031305769187215844	10473108253681171589
NA20815	-0.012475719522849099	0.03245933855202288	10473108253681171589
NA20816	-0.012883605164478854	0.031459943951933876	10473108253681171589
NA20818	-0.013656811268455311	0.032015412485471684	10473108253681171589
NA20819	-0.013378687584817944	0.03054297004931802	10473108253681171589
NA20826	-0.012486058311482442	0.032625111012343805	10473108253681171589
NA20828	-0.012372344096604817	0.03226988813462198	10473108253681171589
NA21313	0.004733669965789472	3.459157164368034E-4	10473108253681171589
