HG00096	-0.01915202004168824	0.036512615388763194	10473108253681171589
HG00097	-0.012682744095708083	0.026140422727680097	10473108253681171589
HG00099	-0.013326228021145246	0.027652212878621074	10473108253681171589
HG00100	-0.019616981665735608	0.03684000631100073	10473108253681171589
HG00101	-0.014104441927117708	0.027847160484601535	10473108253681171589
HG00102	-0.013747447969047888	0.023840440294853507	10473108253681171589
HG00103	-0.01498359445609303	0.026531591277924486	10473108253681171589
HG00104	-0.015124152116532869	0.026258013639458577	10473108253681171589
HG00106	-0.015361495306744284	0.04150459204882397	10473108253681171589
HG00108	-0.014481981113391034	0.030000664314197855	10473108253681171589
HG00109	-0.017159630089716053	0.03727774916068226	10473108253681171589
HG00110	-0.017864757181932492	0.04046950940427596	10473108253681171589
HG00111	-0.013218872623140558	0.024778207359954656	10473108253681171589
HG00112	-0.01406670187351417	0.02613901132646478	10473108253681171589
HG00113	-0.01594439471410802	0.03595487661783145	10473108253681171589
HG00114	-0.019303839264281485	0.03691878753162843	10473108253681171589
HG00116	-0.012318559019485625	0.019353810944637576	10473108253681171589
HG00117	-0.011853138529600803	0.025221341128945918	10473108253681171589
HG00118	-0.017300410799554335	0.0436747234790536	10473108253681171589
HG00119	-0.013068138204207887	0.028354301021172198	10473108253681171589
HG00120	-0.013320782256660259	0.02871998198667946	10473108253681171589
HG00121	-0.017982452126442918	0.024641787202729158	10473108253681171589
HG00122	-0.01423843584762875	0.024361460760670483	10473108253681171589
HG00123	-0.01502950395735183	0.02841155998356032	10473108253681171589
HG00124	-0.015382566334705495	0.022415749888017828	10473108253681171589
HG00125	-0.018091547179434918	0.0406217157353315	10473108253681171589
HG00126	-0.01685489976585948	0.03801626500980951	10473108253681171589
HG00127	-0.020436879730690548	0.03751524201388015	10473108253681171589
HG00128	-0.012861163090296727	0.026816654786560187	10473108253681171589
HG00129	-0.013326375383254133	0.025045927904406493	10473108253681171589
HG00130	-0.015716318260020512	0.03506071874402725	10473108253681171589
HG00131	-0.01586353964267597	0.0277261254726883	10473108253681171589
HG00133	-0.016357016020377764	0.04032176878219244	10473108253681171589
HG00134	-0.017235073183508875	0.034894464566875755	10473108253681171589
HG00135	-0.016339441234934582	0.02679372303618197	10473108253681171589
HG00136	-0.015205714271778147	0.037355275651907785	10473108253681171589
HG00137	-0.01645766434120145	0.036243279568157746	10473108253681171589
HG00138	-0.01936403320018707	0.0367546840028019	10473108253681171589
HG00139	-0.01724902207585561	0.025994728269277075	10473108253681171589
HG00140	-0.018379867524972213	0.041103656555834464	10473108253681171589
HG00141	-0.0168669272299838	0.043320544908004126	10473108253681171589
HG00142	-0.01567016097117025	0.022383956292946525	10473108253681171589
HG00143	-0.014847148593740929	0.025043586840769974	10473108253681171589
HG00146	-0.014906835494930477	0.025741126518156982	10473108253681171589
HG00148	-0.0168052718345174	0.02701810991436171	10473108253681171589
HG00149	-0.014589962910736092	0.02285793278395689	10473108253681171589
HG00150	-0.01639145040883496	0.041402426640431596	10473108253681171589
HG00151	-0.016070841637271915	0.02380434144721883	10473108253681171589
HG00152	-0.017012973213943433	0.03992708316753198	10473108253681171589
HG00154	-0.012469759685021928	0.029093861900788397	10473108253681171589
HG00155	-0.017651570154892215	0.03438484482870433	10473108253681171589
HG00156	-0.015254434851054858	0.03007625865248486	10473108253681171589
HG00158	-0.017958360311970737	0.04302778146089908	10473108253681171589
HG00159	-0.017366123905310258	0.04264831588623495	10473108253681171589
HG00160	-0.014890526040340026	0.03641126611815443	10473108253681171589
HG00171	-0.01795472911158694	0.01451318979028517	10473108253681171589
HG00173	-0.016556475862441578	0.017979382552726506	10473108253681171589
HG00174	-0.019447277570227083	0.03279589245304273	10473108253681171589
HG00176	-0.016223123220332366	0.021720116442722193	10473108253681171589
HG00177	-0.017519881529040278	0.014707340993881914	10473108253681171589
HG00178	-0.015276082692553162	0.01382305517408017	10473108253681171589
HG00179	-0.01704381137636084	0.019724294233795077	10473108253681171589
HG00180	-0.019387475686970714	0.035872489636235294	10473108253681171589
HG00182	-0.01678884738042951	0.011848463672001666	10473108253681171589
HG00183	-0.012493310032482422	0.02386690611503313	10473108253681171589
HG00185	-0.016866871416681667	0.014320530712627325	10473108253681171589
HG00186	-0.01650282005017949	0.03956701089556145	10473108253681171589
HG00187	-0.017498172702086232	0.025456241562643943	10473108253681171589
HG00188	-0.014788207691138608	0.019692402809783013	10473108253681171589
HG00189	-0.015899275600077666	0.020811959194835316	10473108253681171589
HG00190	-0.018837488492273426	0.029099816255483073	10473108253681171589
HG00231	-0.016158120266364012	0.022449562724252074	10473108253681171589
HG00232	-0.015403772639991764	0.023725925423659817	10473108253681171589
HG00233	-0.01760516045125882	0.03819193651913722	10473108253681171589
HG00234	-0.017762027943082622	0.04119243577321386	10473108253681171589
HG00235	-0.01538725135992722	0.02449976351440202	10473108253681171589
HG00236	-0.013793221544136475	0.029689943493484527	10473108253681171589
HG00237	-0.016283674916723896	0.03558028715851524	10473108253681171589
HG00238	-0.01813335560355289	0.036223241981075835	10473108253681171589
HG00239	-0.01588693423825861	0.043467414941147954	10473108253681171589
HG00240	-0.018764453070729104	0.03521945188041103	10473108253681171589
HG00242	-0.019006901225808576	0.03780003920215004	10473108253681171589
HG00243	-0.01372453666482294	0.025053278541983057	10473108253681171589
HG00244	-0.01563577345018792	0.026094833314128624	10473108253681171589
HG00245	-0.013050027540901229	0.024180796777711684	10473108253681171589
HG00246	-0.02017575438874217	0.03502749436507498	10473108253681171589
HG00247	-0.01536485359906992	0.039233828968845884	10473108253681171589
HG00249	-0.01386838834182951	0.023748603056182677	10473108253681171589
HG00250	-0.013124662077638117	0.028168682276091636	10473108253681171589
HG00251	-0.01786723920954773	0.044402530136544896	10473108253681171589
HG00252	-0.017951147430901856	0.03758218196887164	10473108253681171589
HG00253	-0.017593680851958327	0.021689090470684097	10473108253681171589
HG00254	-0.01875498535531851	0.04040876241054344	10473108253681171589
HG00255	-0.012637745313252334	0.027045296308425868	10473108253681171589
HG00256	-0.0189372487199625	0.03724549793704502	10473108253681171589
HG00257	-0.01618178584837373	0.025332827063406182	10473108253681171589
HG00258	-0.012441386573067956	0.023229804797012962	10473108253681171589
HG00259	-0.013303816215502409	0.029240702313331295	10473108253681171589
HG00260	-0.019776342000413318	0.03459320910870839	10473108253681171589
HG00261	-0.014754517889213337	0.028097050715124028	10473108253681171589
HG00262	-0.012883448381057188	0.024926977728232165	10473108253681171589
HG00263	-0.016265560466679988	0.04252946323223975	10473108253681171589
HG00264	-0.013200826485404889	0.023860817136831376	10473108253681171589
HG00265	-0.0169260985316863	0.041533094890740696	10473108253681171589
HG00266	-0.017016466018975822	0.022831955805027306	10473108253681171589
HG00267	-0.016133407184215534	0.014655463095870298	10473108253681171589
HG00268	-0.019035072340677823	0.01639517449747862	10473108253681171589
HG00269	-0.014290352835976192	0.018299087055220577	10473108253681171589
HG00270	-0.015861781693467497	0.0215850558391601	10473108253681171589
HG00271	-0.01454895289177081	0.014275236106622754	10473108253681171589
HG00272	-0.01626747860514256	0.023585855199489258	10473108253681171589
HG00273	-0.014804261858937946	0.022778443820920265	10473108253681171589
HG00274	-0.012199959670055247	0.025352638451395328	10473108253681171589
HG00275	-0.019260412936664844	0.03452570126714271	10473108253681171589
HG00276	-0.019036224785902882	0.01886022498629977	10473108253681171589
HG00277	-0.02070034275476764	0.04111311292773811	10473108253681171589
HG00278	-0.016505564826515023	0.017551625033994465	10473108253681171589
HG00280	-0.02057673839384129	0.02687265899371304	10473108253681171589
HG00281	-0.016760372301071823	0.01600828331818119	10473108253681171589
HG00282	-0.01831437572225503	0.020361088591238787	10473108253681171589
HG00284	-0.014661779354216848	0.021038296570372036	10473108253681171589
HG00285	-0.015584868545265994	0.019882295355420056	10473108253681171589
HG00306	-0.01410542064913301	0.01978971560509297	10473108253681171589
HG00309	-0.017094167792089603	0.01877374711286522	10473108253681171589
HG00310	-0.018186903058816897	0.03404120837338043	10473108253681171589
HG00311	-0.01275820937826952	0.028995194869360665	10473108253681171589
HG00312	-0.015054137048801772	0.01710383229401498	10473108253681171589
HG00313	-0.015235950511654155	0.017667828010243622	10473108253681171589
HG00315	-0.020108827612381166	0.027498388181545378	10473108253681171589
HG00318	-0.01496176507074988	0.024100217941418454	10473108253681171589
HG00319	-0.01682015865274583	0.019252346743535882	10473108253681171589
HG00320	-0.01799053101203026	0.01947249687844875	10473108253681171589
HG00321	-0.01716779875572922	0.03578735345396189	10473108253681171589
HG00323	-0.012724589899627143	0.020234783497931674	10473108253681171589
HG00324	-0.015342397899653396	0.029425909659202838	10473108253681171589
HG00325	-0.014640577803510706	0.020558033760865735	10473108253681171589
HG00326	-0.02059913897323771	0.03188641755481508	10473108253681171589
HG00327	-0.013351154386777983	0.022058488028733968	10473108253681171589
HG00328	-0.01912111162917286	0.030949147335575748	10473108253681171589
HG00329	-0.016715763959185635	0.03997687981928449	10473108253681171589
HG00330	-0.014331324398141705	0.021739816160697673	10473108253681171589
HG00331	-0.0163268926975934	0.02003547372701084	10473108253681171589
HG00332	-0.012545096406417423	0.024702782514099856	10473108253681171589
HG00334	-0.013880833921128993	0.030071388871988167	10473108253681171589
HG00335	-0.015154637600592538	0.017030415985489582	10473108253681171589
HG00336	-0.016636737048296053	0.02241140642145699	10473108253681171589
HG00337	-0.0135438030062298	0.020875240175631863	10473108253681171589
HG00338	-0.01383844922642648	0.02006474756084883	10473108253681171589
HG00339	-0.015433521013323084	0.015332460820879093	10473108253681171589
HG00341	-0.01578053363526208	0.021230206799395288	10473108253681171589
HG00342	-0.016547454074030115	0.02150025810348967	10473108253681171589
HG00343	-0.017504328899349792	0.017017565600728916	10473108253681171589
HG00344	-0.01863517702854887	0.030232439021281518	10473108253681171589
HG00345	-0.01927012060108978	0.03455904877386982	10473108253681171589
HG00346	-0.015659388380752905	0.0163885251611474	10473108253681171589
HG00349	-0.015781650440093796	0.02277996334916795	10473108253681171589
HG00350	-0.015902604196521907	0.025760775842286403	10473108253681171589
HG00351	-0.01601319647133055	0.02504263009782129	10473108253681171589
HG00353	-0.016883775049178835	0.017218956184444106	10473108253681171589
HG00355	-0.016359457368069243	0.022386206760740414	10473108253681171589
HG00356	-0.015059681087185155	0.022831743382557276	10473108253681171589
HG00357	-0.016612149247886423	0.022454890866814636	10473108253681171589
HG00358	-0.01533777864255281	0.017467072328363593	10473108253681171589
HG00359	-0.016620856885397793	0.020772467591413834	10473108253681171589
HG00360	-0.016721722358567944	0.018494852601784063	10473108253681171589
HG00361	-0.01760448824447404	0.012129540807619365	10473108253681171589
HG00362	-0.015461299576191514	0.026465088709910472	10473108253681171589
HG00364	-0.014678862541064043	0.018328074785361356	10473108253681171589
HG00366	-0.016620099692158795	0.02261513767934694	10473108253681171589
HG00367	-0.021283238737458885	0.03255326838530609	10473108253681171589
HG00369	-0.016193811829171387	0.02001250324870678	10473108253681171589
HG00372	-0.01729212799143654	0.021258155706158417	10473108253681171589
HG00373	-0.01794681879820306	0.011447803875388705	10473108253681171589
HG00375	-0.01424418513804999	0.024354860107871443	10473108253681171589
HG00376	-0.014587138008467932	0.022274675396080475	10473108253681171589
HG00377	-0.016163174022958787	0.032551071033159774	10473108253681171589
HG00378	-0.0172581065637067	0.01871559568496027	10473108253681171589
HG00381	-0.01429523642974648	0.027638368229792064	10473108253681171589
HG00382	-0.015736525020345515	0.023006077250282145	10473108253681171589
HG00383	-0.015853723610471885	0.026802491952305073	10473108253681171589
HG00384	-0.01651500574357213	0.021768489539026832	10473108253681171589
HG00403	-0.017767032150461857	-0.046299868141660004	10473108253681171589
HG00404	-0.019192592494821237	-0.04413252742516902	10473108253681171589
HG00406	-0.021752092084707627	-0.04306523434592618	10473108253681171589
HG00407	-0.019761888711925905	-0.04487834774556939	10473108253681171589
HG00418	-0.020084635982259395	-0.04980715914995913	10473108253681171589
HG00419	-0.02178294257320273	-0.0425877837692798	10473108253681171589
HG00421	-0.018426833564040738	-0.04665664915975347	10473108253681171589
HG00422	-0.021593367116007296	-0.04729464772556352	10473108253681171589
HG00427	-0.021221575520171714	-0.048591159841166354	10473108253681171589
HG00428	-0.02072006852704367	-0.039029947399408293	10473108253681171589
HG00436	-0.01813464827826384	-0.042906582481849746	10473108253681171589
HG00437	-0.01706018155362785	-0.04384294015972976	10473108253681171589
HG00442	-0.019721911980861033	-0.045112380570717404	10473108253681171589
HG00443	-0.02097852395749922	-0.048680173256933496	10473108253681171589
HG00445	-0.01931815664815983	-0.04306854113532086	10473108253681171589
HG00446	-0.01958146303191501	-0.044001428943479665	10473108253681171589
HG00448	-0.019123059387473065	-0.04687750015730726	10473108253681171589
HG00449	-0.019132395350311814	-0.04406365826513439	10473108253681171589
HG00451	-0.020181417942100776	-0.045219341368216114	10473108253681171589
HG00452	-0.019622064601914523	-0.04484558687909469	10473108253681171589
HG00457	-0.020107357828540173	-0.0463837174234639	10473108253681171589
HG00458	-0.018484662678212496	-0.04604765445622232	10473108253681171589
HG00463	-0.019798729352004753	-0.04676163804046045	10473108253681171589
HG00464	-0.020157998659269333	-0.04453086835013961	10473108253681171589
HG00472	-0.0202392576821379	-0.047933016980843214	10473108253681171589
HG00473	-0.02216584183955469	-0.046610460021300884	10473108253681171589
HG00475	-0.019766496621191745	-0.04701729705902075	10473108253681171589
HG00476	-0.01972848836667315	-0.04577924064501089	10473108253681171589
HG00478	-0.021109018806248048	-0.046968421601675754	10473108253681171589
HG00479	-0.020107523980016074	-0.047856247601730156	10473108253681171589
HG00500	-0.019920034929536853	-0.046300725493587484	10473108253681171589
HG00501	-0.01904599845565809	-0.047910239374165636	10473108253681171589
HG00512	-0.020671041137537736	-0.044175907789247765	10473108253681171589
HG00513	-0.01917973801660486	-0.042319540962802965	10473108253681171589
HG00524	-0.020104550088872034	-0.047928948924488395	10473108253681171589
HG00525	-0.01829846601693977	-0.0467486986322031	10473108253681171589
HG00530	-0.017202092336966308	-0.04349742431861899	10473108253681171589
HG00531	-0.01957764967290168	-0.04455864689960946	10473108253681171589
HG00533	-0.019369730471577733	-0.04536064271758431	10473108253681171589
HG00534	-0.019599923712436615	-0.04422944614182613	10473108253681171589
HG00536	-0.02037516294698216	-0.04614939499253171	10473108253681171589
HG00537	-0.021432254604953526	-0.04873761412208413	10473108253681171589
HG00542	-0.020043382986823857	-0.04855819887869255	10473108253681171589
HG00543	-0.020578342013353672	-0.045512685186097905	10473108253681171589
HG00553	-0.00594515485226904	0.014460651486109668	10473108253681171589
HG00554	-0.016556695512432617	0.028790661647730108	10473108253681171589
HG00556	-0.022808831429866293	-0.048063524921859904	10473108253681171589
HG00557	-0.01832582626658692	-0.04988884111365128	10473108253681171589
HG00559	-0.01666476252315864	-0.03933098421964597	10473108253681171589
HG00560	-0.018946917489203775	-0.04865965979402997	10473108253681171589
HG00565	-0.020394062959325072	-0.04332473102191002	10473108253681171589
HG00566	-0.019043244418791398	-0.04588874538374392	10473108253681171589
HG00577	-0.021316397618989374	-0.044322700107167275	10473108253681171589
HG00578	-0.020780477682498175	-0.04676226220881384	10473108253681171589
HG00580	-0.01841572035602199	-0.0451749735595637	10473108253681171589
HG00581	-0.020493232441888037	-0.04548773146408956	10473108253681171589
HG00583	-0.01940829191584806	-0.04695942548306572	10473108253681171589
HG00584	-0.020246118141868642	-0.04539695415732606	10473108253681171589
HG00589	-0.019880813712777234	-0.046048488215306244	10473108253681171589
HG00590	-0.0193334266712673	-0.04258188853779459	10473108253681171589
HG00592	-0.019950941993015402	-0.04164454311483358	10473108253681171589
HG00593	-0.01808029765259378	-0.046839356642434105	10473108253681171589
HG00595	-0.018737068427862026	-0.04661307289491591	10473108253681171589
HG00596	-0.020957636849065327	-0.0471438659949005	10473108253681171589
HG00607	-0.020556888913743677	-0.05004133809703487	10473108253681171589
HG00608	-0.020214879028602768	-0.043294924676122094	10473108253681171589
HG00610	-0.020674719812333618	-0.04410958927127172	10473108253681171589
HG00611	-0.019803754378139252	-0.04994908363955169	10473108253681171589
HG00613	-0.020960784894549056	-0.04679910594867656	10473108253681171589
HG00614	-0.0182192384942519	-0.043934791152535735	10473108253681171589
HG00619	-0.01697088145678629	-0.044779385037290696	10473108253681171589
HG00620	-0.02058403738472984	-0.04371388427545695	10473108253681171589
HG00625	-0.019445643302313603	-0.04288093883349063	10473108253681171589
HG00626	-0.019530029675020804	-0.04856064719104032	10473108253681171589
HG00628	-0.01712542245935913	-0.04024976742958668	10473108253681171589
HG00629	-0.02041797464061153	-0.0472129220087739	10473108253681171589
HG00634	-0.020030060248466763	-0.04018308422330807	10473108253681171589
HG00635	-0.021493885752674868	-0.04695319820354681	10473108253681171589
HG00637	0.017793355022961296	-0.0011778153891222418	10473108253681171589
HG00638	-0.004334138397445012	0.01288130417208125	10473108253681171589
HG00640	-0.010571906553229092	0.009842449674721813	10473108253681171589
HG00641	-0.011769697594815155	0.02431090977521669	10473108253681171589
HG00650	-0.019026646066045556	-0.041661174017065955	10473108253681171589
HG00651	-0.018625559896970578	-0.04611260507809561	10473108253681171589
HG00653	-0.019267215351906893	-0.04564988878120483	10473108253681171589
HG00654	-0.01998669338165596	-0.044810624203042944	10473108253681171589
HG00656	-0.02019500649263993	-0.04495117121767713	10473108253681171589
HG00657	-0.019298783221550566	-0.04649259801965572	10473108253681171589
HG00662	-0.022282213512892363	-0.04988288225849004	10473108253681171589
HG00663	-0.019169525188541408	-0.04677150465577139	10473108253681171589
HG00671	-0.018302671153141853	-0.048806883525300125	10473108253681171589
HG00672	-0.018139512804682456	-0.0449694536271974	10473108253681171589
HG00683	-0.020297096780575667	-0.04955301760422702	10473108253681171589
HG00684	-0.019473293306607294	-0.04520974841633024	10473108253681171589
HG00689	-0.01997260664177807	-0.04554603082634022	10473108253681171589
HG00690	-0.01980303920141125	-0.046963621390346454	10473108253681171589
HG00692	-0.017860030101781946	-0.048376637807618424	10473108253681171589
HG00693	-0.02053510311731659	-0.047200765414133435	10473108253681171589
HG00698	-0.019250782271475007	-0.04840965401818706	10473108253681171589
HG00699	-0.02137317029453291	-0.04637966787947399	10473108253681171589
HG00701	-0.01899319660601977	-0.044734264446192225	10473108253681171589
HG00702	-0.018028762134978813	-0.04645400898392926	10473108253681171589
HG00704	-0.018854034945970127	-0.04466516735045137	10473108253681171589
HG00705	-0.02035503090117675	-0.044504518365273894	10473108253681171589
HG00707	-0.020663416904406522	-0.04279002789803906	10473108253681171589
HG00708	-0.021155391862386873	-0.047421465713181475	10473108253681171589
HG00731	-0.01045666926871272	0.024169562692706984	10473108253681171589
HG00732	-0.004725855487087292	0.019661673832286296	10473108253681171589
HG00734	-0.012731250994466613	0.02152198766939559	10473108253681171589
HG00736	-0.015164049524334247	0.01892334630198273	10473108253681171589
HG00737	-0.009995110939032145	0.020501368190133352	10473108253681171589
HG00740	-0.014388791271863209	0.02198453095364425	10473108253681171589
HG01047	-0.01158116062607655	0.014441556243509733	10473108253681171589
HG01048	-0.0016841589921603997	0.016632033734463293	10473108253681171589
HG01051	-0.0030843223118996814	0.023793567425406385	10473108253681171589
HG01052	0.014170637816994942	0.02754083738075132	10473108253681171589
HG01055	-0.011595679858016536	0.010249776653778521	10473108253681171589
HG01060	-0.01466348240799583	0.03343477535103682	10473108253681171589
HG01061	-0.01029435161331677	0.021073743458358715	10473108253681171589
HG01066	-0.0017568223511137697	0.016280237596350253	10473108253681171589
HG01067	-0.00793311656025213	0.00711194050425979	10473108253681171589
HG01069	-0.0013159965601550034	0.016591129618353958	10473108253681171589
HG01070	-0.013935053460609323	0.012332803298684364	10473108253681171589
HG01072	-0.016615647214970938	0.03211382074017543	10473108253681171589
HG01073	-0.013244435269609256	0.02114057774228149	10473108253681171589
HG01075	-0.0011476359064229284	0.021383373126709956	10473108253681171589
HG01079	-0.007789652084700465	0.01703666738415049	10473108253681171589
HG01080	-0.009443707468782618	0.02107871955313537	10473108253681171589
HG01082	4.169839079106123E-5	0.025070013639796145	10473108253681171589
HG01083	-0.00413493519667192	0.007668594697605702	10473108253681171589
HG01085	-0.01280005164758706	0.01511493704033853	10473108253681171589
HG01095	-0.013235415152574675	0.01324344097391649	10473108253681171589
HG01097	-0.0011375975550264059	0.009618750061467878	10473108253681171589
HG01098	-0.012537541433898867	0.025583530664223607	10473108253681171589
HG01101	-0.004816812224536173	0.010239258216969856	10473108253681171589
HG01102	-0.015376370243934612	0.02502345682016834	10473108253681171589
HG01104	-0.0014231593045727392	0.01282219199019208	10473108253681171589
HG01105	-0.01632444978487656	0.0125289270780966	10473108253681171589
HG01107	-0.011954165469413955	0.02877169394896324	10473108253681171589
HG01108	0.04771683614760268	-0.005568621322028634	10473108253681171589
HG01112	-0.009092829605520663	0.020534712654967827	10473108253681171589
HG01113	-0.014582966157346848	0.030782197523740493	10473108253681171589
HG01124	0.012804718124193528	0.0030724368716632806	10473108253681171589
HG01125	-0.014725405888568188	0.007879588168461075	10473108253681171589
HG01133	-0.012150542569114887	0.03989434694920293	10473108253681171589
HG01134	-0.011640409369626343	0.018563419880704764	10473108253681171589
HG01136	-0.012874071494577517	0.015420727282529119	10473108253681171589
HG01137	-0.008945173027629804	0.00618266048211237	10473108253681171589
HG01140	-0.015582573689879562	0.027403488899400717	10473108253681171589
HG01148	0.0012647809478753321	0.01737413194968343	10473108253681171589
HG01149	-0.013738008268053676	0.01810553619130075	10473108253681171589
HG01167	-0.007468379920493252	0.031600911965049015	10473108253681171589
HG01168	-0.008188366236052262	0.024847408490419925	10473108253681171589
HG01170	-0.003362097414404258	0.007224251490961264	10473108253681171589
HG01171	-0.008640785290882302	0.03019133401631617	10473108253681171589
HG01173	-0.012980756399457073	0.01782595677174227	10473108253681171589
HG01174	-0.013459866704356642	0.01877926797880191	10473108253681171589
HG01176	-0.016114925210887122	0.02942190372825324	10473108253681171589
HG01183	-0.006282473259147292	0.008529085076951283	10473108253681171589
HG01187	-0.008416620049491822	0.007893825845482729	10473108253681171589
HG01188	-0.0015453989568876823	0.019571206577435107	10473108253681171589
HG01190	0.005432149836451408	0.008575167130583641	10473108253681171589
HG01191	-0.006455797307576967	0.01669232498575751	10473108253681171589
HG01197	-0.014039463056004103	0.039856521168901496	10473108253681171589
HG01198	0.019751070084633105	0.010050307831018448	10473108253681171589
HG01204	-0.008489353629125791	0.02847125822822051	10473108253681171589
HG01250	-0.008805757775478823	-1.2402098500431707E-4	10473108253681171589
HG01251	-0.01720323682382289	0.03891119512143636	10473108253681171589
HG01257	-0.01572098295815011	0.013533867735095004	10473108253681171589
HG01259	-0.013524328023852809	0.02427015324914124	10473108253681171589
HG01271	-0.010497404922907108	0.032867142245295376	10473108253681171589
HG01272	-0.01176594110129536	0.004869353944326074	10473108253681171589
HG01274	-0.012986878269002987	0.019593292272961187	10473108253681171589
HG01275	-0.014549675607210962	0.03394983523370291	10473108253681171589
HG01277	-0.014841109961480312	0.006161926842864147	10473108253681171589
HG01278	-0.013277489533967672	0.0020254353434560565	10473108253681171589
HG01334	-0.02054216482101954	0.03562858173249756	10473108253681171589
HG01342	0.021696722414604047	0.008206757194160811	10473108253681171589
HG01344	-0.005786691304997744	0.0016332079775589934	10473108253681171589
HG01345	0.0028814878566655946	0.01612672636584409	10473108253681171589
HG01350	-0.012027948760270466	0.007578771572782266	10473108253681171589
HG01351	-0.009484667806921327	0.023096914734952276	10473108253681171589
HG01353	-0.018666010587001815	0.03467166340747537	10473108253681171589
HG01354	-0.009670938711703362	0.022453735527268173	10473108253681171589
HG01356	-0.009327215755913333	0.010255792809292577	10473108253681171589
HG01357	-0.013326292800514731	0.014749330782390404	10473108253681171589
HG01359	-0.011621603710430554	0.010095776074117957	10473108253681171589
HG01360	-0.013815760722042105	0.029951365191141714	10473108253681171589
HG01365	-0.013605167416220077	0.009320966283258706	10473108253681171589
HG01366	-0.01450612114858568	0.018409149164820827	10473108253681171589
HG01374	-0.01948629269247818	0.02412520971128795	10473108253681171589
HG01375	0.01032626709824117	0.008843775804066716	10473108253681171589
HG01377	-0.014154113891342161	0.015857045996133252	10473108253681171589
HG01378	-0.0033496474630820778	0.024969510198409817	10473108253681171589
HG01383	-0.014452062729754946	0.009570481505714287	10473108253681171589
HG01384	-0.01806191856673787	0.026498298718132543	10473108253681171589
HG01389	-0.010306687149497014	0.02813069333761329	10473108253681171589
HG01390	0.004318416827164759	0.014573859004289726	10473108253681171589
HG01437	-0.013522262968103512	0.0251118794056754	10473108253681171589
HG01440	-0.007958648296929022	0.004629776572611405	10473108253681171589
HG01441	-0.010622417998350096	0.014782174938495781	10473108253681171589
HG01455	-0.014324864819576273	0.0054178681419153624	10473108253681171589
HG01456	-0.012663181838544887	0.02981405234837141	10473108253681171589
HG01461	-2.746032711263234E-4	0.002344318547815223	10473108253681171589
HG01462	-0.004988170966785307	-0.0074302543683066715	10473108253681171589
HG01465	-0.01755859460835392	0.031122993603974292	10473108253681171589
HG01488	0.012297111842882973	0.013652345141221827	10473108253681171589
HG01489	-0.016787224512949568	0.013742890926334878	10473108253681171589
HG01491	-0.014529670145039295	0.038717971519878505	10473108253681171589
HG01492	-0.01130870210846874	0.029169640735375525	10473108253681171589
HG01494	-0.014697781558913539	0.005984840778346964	10473108253681171589
HG01495	-0.018147585352535987	0.017998362674629023	10473108253681171589
HG01497	-0.0077092429596508265	0.017012590733647054	10473108253681171589
HG01498	-0.015648253093247005	0.009953729642599737	10473108253681171589
HG01515	-0.015844364526413458	0.025074928177707814	10473108253681171589
HG01516	-0.017840655892375643	0.039596252662088466	10473108253681171589
HG01518	-0.014660273668810096	0.02613119238133099	10473108253681171589
HG01519	-0.014633696756727292	0.03931751291821894	10473108253681171589
HG01521	-0.015249103279472619	0.03055773142877811	10473108253681171589
HG01522	-0.01635677669490581	0.022893166444252377	10473108253681171589
HG01550	-0.010068261720292558	0.022169232053489897	10473108253681171589
HG01551	0.006987422437197377	0.01043663419506456	10473108253681171589
HG01617	-0.010152362102560264	0.03695834662644235	10473108253681171589
HG01618	-0.013519007001205348	0.020369440015726725	10473108253681171589
HG01619	-0.01258849780045012	0.02601225466542429	10473108253681171589
HG01620	-0.010575654583039561	0.022922624344578393	10473108253681171589
HG01623	-0.009244074863317664	0.02847629745706827	10473108253681171589
HG01624	-0.00911930704787212	0.0230955386010352	10473108253681171589
HG01625	-0.015983680889159323	0.03719862394783155	10473108253681171589
HG01626	-0.015343259632672909	0.03685518243857039	10473108253681171589
NA06984	-0.015032240035268507	0.025613406919956273	10473108253681171589
NA06986	-0.01765081014785628	0.03573501489291989	10473108253681171589
NA06989	-0.01843386218300391	0.03294128631121688	10473108253681171589
NA06994	-0.017989170792885305	0.036594498228513975	10473108253681171589
NA07000	-0.016767656159264864	0.02327057800952692	10473108253681171589
NA07037	-0.013891679375075934	0.021020044351205396	10473108253681171589
NA07048	-0.014654717750572307	0.024616862710939495	10473108253681171589
NA07051	-0.015888742279305305	0.021296084510525	10473108253681171589
NA07056	-0.013849062522824501	0.02193391461071885	10473108253681171589
NA07346	-9.266220106630009E-5	-0.008785301243543849	10473108253681171589
NA07347	-0.01611595395081936	0.04009705094517874	10473108253681171589
NA07357	-0.01533243628656241	0.024313235897339355	10473108253681171589
NA10847	-0.01624535800385429	0.038636225257163544	10473108253681171589
NA10851	-0.017168491198662674	0.0224262472856978	10473108253681171589
NA11829	-0.012019772947677278	0.025640578709329512	10473108253681171589
NA11830	-0.011977612357835996	0.022906376510107403	10473108253681171589
NA11831	-0.012601736333391827	0.02897217479369415	10473108253681171589
NA11843	-0.015692346287504978	0.02804940533804617	10473108253681171589
NA11892	-0.012872252884926001	0.02919686048563858	10473108253681171589
NA11893	-0.016737692324389035	0.02651311386996817	10473108253681171589
NA11894	-0.014020552425726454	0.02548021458774598	10473108253681171589
NA11918	-9.266220106630009E-5	-0.008785301243543849	10473108253681171589
NA11919	-0.01482938317478526	0.025736955265423602	10473108253681171589
NA11920	-0.01734808167616594	0.03949246025338057	10473108253681171589
NA11930	-0.014849566394510882	0.025413873474721384	10473108253681171589
NA11931	-0.019441515817380652	0.04097497097038007	10473108253681171589
NA11932	-0.017145941095571167	0.039920996245757095	10473108253681171589
NA11933	-0.01772186514064156	0.03372059701244101	10473108253681171589
NA11992	-0.016823764255479386	0.03336364119314248	10473108253681171589
NA11993	-0.015117104999253074	0.027374351084298837	10473108253681171589
NA11994	-0.013651397983424188	0.024907897955820175	10473108253681171589
NA11995	-0.017065756551454554	0.041569612416321344	10473108253681171589
NA12003	-0.015833293597939835	0.026579055143360234	10473108253681171589
NA12004	-0.014543908033439776	0.027097502140924417	10473108253681171589
NA12006	-0.0192028597124299	0.039757975771772223	10473108253681171589
NA12043	-0.01587075563073025	0.02334940143737276	10473108253681171589
NA12044	-0.01708140229090613	0.026388773198718407	10473108253681171589
NA12045	-0.015521955904069008	0.04555298656004214	10473108253681171589
NA12046	-0.01623452056450259	0.023404818941150627	10473108253681171589
NA12058	-0.013955091616512991	0.023384900858668557	10473108253681171589
NA12144	-0.018589666768995605	0.03665870281804223	10473108253681171589
NA12154	-0.013261834986660165	0.033215780564462165	10473108253681171589
NA12155	-0.0183863415547076	0.037246730580324905	10473108253681171589
NA12249	-0.014245854379617976	0.022336073381572404	10473108253681171589
NA12272	-0.012894346512345363	0.026980028832618137	10473108253681171589
NA12273	-0.015501714247034263	0.03803491968565403	10473108253681171589
NA12275	-0.015967974233218513	0.02761290222333534	10473108253681171589
NA12282	-0.014787438622300808	0.027741729003499246	10473108253681171589
NA12283	-0.01604043975944269	0.03138223560400601	10473108253681171589
NA12286	-0.018427322352585325	0.03865484777912096	10473108253681171589
NA12287	-0.016521097914746066	0.0399639653267769	10473108253681171589
NA12340	-0.017643960756108565	0.03809369151357748	10473108253681171589
NA12341	-0.012386988622469593	0.030794062134909445	10473108253681171589
NA12342	-0.014265965500334422	0.02545396335542261	10473108253681171589
NA12347	-0.02044622356462405	0.038721211317146696	10473108253681171589
NA12348	-0.01706475376453646	0.04180831547763757	10473108253681171589
NA12383	-0.016289413871996252	0.03467760350098846	10473108253681171589
NA12399	-0.017812119817690993	0.024904146789991605	10473108253681171589
NA12400	-0.014423236090524821	0.028811699235514375	10473108253681171589
NA12413	-0.015512621705451037	0.027675981661186188	10473108253681171589
NA12489	-0.019462005154184187	0.032842524633099286	10473108253681171589
NA12546	-0.010853943589188519	0.027711838007676935	10473108253681171589
NA12716	-0.015765026535198862	0.024826343305447515	10473108253681171589
NA12717	-0.013803615094774771	0.029425990795296317	10473108253681171589
NA12718	-0.020026347006456294	0.03946950129730531	10473108253681171589
NA12748	-0.01970078420177428	0.03556195485546475	10473108253681171589
NA12749	-0.01540452736742695	0.02463553154646947	10473108253681171589
NA12750	-0.014514853069039414	0.023488824663463234	10473108253681171589
NA12751	-0.014176562606070347	0.023791012110762618	10473108253681171589
NA12761	-0.016646190953843062	0.038531936561421294	10473108253681171589
NA12763	-0.01801812803260239	0.03720198938553764	10473108253681171589
NA12775	-0.014643545757681795	0.027926259478813196	10473108253681171589
NA12777	-0.013551844457170384	0.027018412468774063	10473108253681171589
NA12778	-0.014385819130916768	0.029945935444701095	10473108253681171589
NA12812	-0.01568210814871248	0.025422902917370028	10473108253681171589
NA12814	-0.01679203181493487	0.019700886089302497	10473108253681171589
NA12815	-0.01883414924570709	0.039777617993600134	10473108253681171589
NA12827	-0.013402448480151527	0.02803771691356762	10473108253681171589
NA12829	-0.013388601978735567	0.024535093996124906	10473108253681171589
NA12830	-0.012017941942178497	0.024130400311799347	10473108253681171589
NA12842	-0.01826647899831813	0.023875882576496837	10473108253681171589
NA12843	-0.018566534857245447	0.036983164097315155	10473108253681171589
NA12872	-0.01877349269183229	0.03787368955037437	10473108253681171589
NA12873	-0.01648767473011241	0.02514420248599331	10473108253681171589
NA12874	-0.015764706557576336	0.04126481460734118	10473108253681171589
NA12889	-0.017706042467733822	0.03134915963481116	10473108253681171589
NA12890	-0.015331825778204732	0.0350062836566232	10473108253681171589
NA18486	0.061849294588289874	-0.007058097720636148	10473108253681171589
NA18487	0.06030405285989056	-0.00434651743221482	10473108253681171589
NA18489	0.05739057258720431	-0.0028335329943918078	10473108253681171589
NA18498	0.05954289774649943	-0.005527820351039625	10473108253681171589
NA18499	0.05927431349445879	-0.004412804119074011	10473108253681171589
NA18501	0.05810858844433856	-0.008250508949463083	10473108253681171589
NA18502	0.06489302113975211	-0.003919887720094514	10473108253681171589
NA18504	0.06331481036485742	-0.007073758664319223	10473108253681171589
NA18505	0.06010365195238835	-0.0019744874311306854	10473108253681171589
NA18507	0.06465693924329015	-0.006232835026584027	10473108253681171589
NA18508	0.05927160565200667	-0.005913801619629851	10473108253681171589
NA18510	0.06103656983939935	-0.004835640404831707	10473108253681171589
NA18511	0.06253496569164577	-0.004210506910441035	10473108253681171589
NA18516	0.05979628158582869	-0.004471538013864453	10473108253681171589
NA18517	0.05817720246580946	-0.00378981958240102	10473108253681171589
NA18519	0.06177961993233394	-0.003679738807644905	10473108253681171589
NA18520	0.05817892162660188	-0.0038666581206342984	10473108253681171589
NA18522	0.06075095529735621	-0.0062773654480926975	10473108253681171589
NA18523	0.06169500658377626	-0.0025822397882796105	10473108253681171589
NA18525	-0.01955090918035218	-0.041280814106607236	10473108253681171589
NA18526	-0.019606020168150558	-0.042635949617491765	10473108253681171589
NA18527	-0.019921969671088134	-0.04700882483593417	10473108253681171589
NA18528	-0.017909660450836726	-0.042256606758394204	10473108253681171589
NA18530	-0.018264803857355173	-0.047927258580501564	10473108253681171589
NA18532	-0.020355402829826046	-0.04114253622671668	10473108253681171589
NA18534	-0.019590046095337696	-0.04078413741370463	10473108253681171589
NA18535	-0.022743244990397822	-0.043417225483156054	10473108253681171589
NA18536	-0.02032784128474455	-0.04207184240354928	10473108253681171589
NA18537	-0.020439375893407264	-0.043219496057717674	10473108253681171589
NA18538	-0.019538924253120635	-0.044068584052027134	10473108253681171589
NA18539	-0.01933714406068321	-0.04620161119543879	10473108253681171589
NA18541	-0.022422769968329807	-0.046877441050745906	10473108253681171589
NA18542	-0.020566210447880304	-0.04921767885164189	10473108253681171589
NA18543	-0.020076205390959286	-0.045502936742852905	10473108253681171589
NA18544	-0.019466694995259222	-0.03991714886140206	10473108253681171589
NA18545	-0.020947966248890452	-0.043521170716289144	10473108253681171589
NA18546	-0.0187918652524339	-0.044972819553385855	10473108253681171589
NA18547	-0.021855738024753057	-0.04341381916219153	10473108253681171589
NA18548	-0.019118441734051708	-0.044514345061924684	10473108253681171589
NA18549	-0.02106666227291059	-0.047024588925882016	10473108253681171589
NA18550	-0.02002270979859812	-0.04368434323334314	10473108253681171589
NA18552	-0.019990398918925834	-0.0426712026804326	10473108253681171589
NA18553	-0.01786312306133927	-0.043740175769349	10473108253681171589
NA18555	-0.022412149988421476	-0.04633812790749878	10473108253681171589
NA18557	-0.01757745211557566	-0.04361359850113381	10473108253681171589
NA18558	-0.020679963453584638	-0.047202451602701916	10473108253681171589
NA18559	-0.021271855945324117	-0.04697327149982509	10473108253681171589
NA18560	-0.019141263897133252	-0.046303091844294784	10473108253681171589
NA18561	-0.01908110212019215	-0.03864388327331401	10473108253681171589
NA18562	-0.01880477410215253	-0.049146546852045676	10473108253681171589
NA18563	-0.020712257391910956	-0.04676969339979247	10473108253681171589
NA18564	-0.01883218804074607	-0.04362348182902114	10473108253681171589
NA18565	-0.02099667543469193	-0.04613107030202412	10473108253681171589
NA18566	-0.018646336817686453	-0.04317807537120524	10473108253681171589
NA18567	-0.021145486193481194	-0.04727580211573717	10473108253681171589
NA18570	-0.01893788873823328	-0.047692878808426174	10473108253681171589
NA18571	-0.01846683096751073	-0.04283510019198248	10473108253681171589
NA18572	-0.019969276652387267	-0.04665000378208076	10473108253681171589
NA18573	-0.01898578564335121	-0.04255409543326102	10473108253681171589
NA18574	-0.020567734987307434	-0.04763129338963302	10473108253681171589
NA18576	-0.019138581234460942	-0.04636934561508148	10473108253681171589
NA18577	-0.019750708276252013	-0.04694935952191487	10473108253681171589
NA18579	-0.017918605484371526	-0.046824221355545245	10473108253681171589
NA18582	-0.02111449032719602	-0.042721139130438526	10473108253681171589
NA18592	-0.01953155209633151	-0.04560879689534899	10473108253681171589
NA18593	-0.019437111955916846	-0.04488872152769456	10473108253681171589
NA18595	-0.019249081192790913	-0.04765569245640217	10473108253681171589
NA18596	-0.022109722565886912	-0.04921972645866296	10473108253681171589
NA18597	-0.0196784056232236	-0.04422545309642518	10473108253681171589
NA18599	-0.01909486351129558	-0.046009199762806034	10473108253681171589
NA18602	-0.019979205940551054	-0.04048467931670206	10473108253681171589
NA18603	-0.01912252066982335	-0.04540552221826386	10473108253681171589
NA18605	-0.018345869430445878	-0.04755689464014434	10473108253681171589
NA18606	-0.01752133360154088	-0.04535486766354811	10473108253681171589
NA18608	-0.019286746339550114	-0.045190143254308555	10473108253681171589
NA18609	-0.017770643548082398	-0.04538265116744557	10473108253681171589
NA18610	-0.020132852641552002	-0.04347130202742618	10473108253681171589
NA18611	-0.0206199440299803	-0.04272648234378717	10473108253681171589
NA18612	-0.01674782747024856	-0.0437647925422431	10473108253681171589
NA18613	-0.018574227892288176	-0.0437144601757805	10473108253681171589
NA18614	-0.020484446211350784	-0.04110031156846572	10473108253681171589
NA18615	-0.0210453277888039	-0.04549777699310924	10473108253681171589
NA18616	-0.019855386874773725	-0.051285041751501746	10473108253681171589
NA18617	-0.01783887979418435	-0.0428407721774191	10473108253681171589
NA18618	-0.018433144800103263	-0.04353339328774607	10473108253681171589
NA18619	-0.021277748126369792	-0.0455433221889768	10473108253681171589
NA18620	-0.01911644077107018	-0.03934594586734358	10473108253681171589
NA18621	-0.02239146978667017	-0.04493542084817677	10473108253681171589
NA18622	-0.018122033706078393	-0.04259361172833823	10473108253681171589
NA18623	-0.017029041690400273	-0.040489257755962044	10473108253681171589
NA18624	-0.01892668848835783	-0.0451300039339068	10473108253681171589
NA18626	-0.0204065628230033	-0.04666713721577055	10473108253681171589
NA18627	-0.01947314220039889	-0.045392588963426045	10473108253681171589
NA18628	-0.021456347919503876	-0.04169301420870108	10473108253681171589
NA18630	-0.019274205044828182	-0.0436022459151437	10473108253681171589
NA18631	-0.017567407962956864	-0.044864227252253634	10473108253681171589
NA18632	-0.01972526921267033	-0.04454870116671167	10473108253681171589
NA18633	-0.022054864741658263	-0.046769465571268626	10473108253681171589
NA18634	-0.017263378523104854	-0.04476644298982082	10473108253681171589
NA18635	-0.021653445937068385	-0.04660538791004087	10473108253681171589
NA18636	-0.018517000298006323	-0.04611482101961976	10473108253681171589
NA18637	-0.020418135127959383	-0.048175522382792144	10473108253681171589
NA18638	-0.02041070735082007	-0.0465220268288142	10473108253681171589
NA18639	-0.021075309022412954	-0.04595807915036774	10473108253681171589
NA18640	-0.018313629781792302	-0.043544194314398606	10473108253681171589
NA18641	-0.020691426291035046	-0.043044400659320046	10473108253681171589
NA18642	-0.019608194007528147	-0.034424882993542925	10473108253681171589
NA18643	-0.018948685625114495	-0.04048206574630499	10473108253681171589
NA18645	-0.0199069756597414	-0.04418246604569529	10473108253681171589
NA18647	-0.01723851076376844	-0.04272409148355423	10473108253681171589
NA18740	-0.017329681983466093	-0.041633712284912784	10473108253681171589
NA18745	-0.01803682327046677	-0.04547257685577733	10473108253681171589
NA18747	-0.019645072275749055	-0.04885215787721438	10473108253681171589
NA18748	-0.020329718321735878	-0.04457950427791896	10473108253681171589
NA18749	-0.017868940603760836	-0.04386891666461403	10473108253681171589
NA18757	-0.020449524584514822	-0.04760575282505916	10473108253681171589
NA18853	0.05892114156788412	-0.00498573566967961	10473108253681171589
NA18856	0.0596337801974317	-0.00804842630680943	10473108253681171589
NA18858	0.06293989835615847	-0.0030388140245972027	10473108253681171589
NA18861	0.061701354193261046	-0.0037379891777581846	10473108253681171589
NA18867	0.06207561063840429	-0.004345683800714421	10473108253681171589
NA18868	0.058665619780282376	-0.008189976620653688	10473108253681171589
NA18870	0.05996268049327784	-0.006558094567081803	10473108253681171589
NA18871	0.06035779825712627	-0.0054474321279641665	10473108253681171589
NA18873	0.060691144666329765	-0.006025629944407536	10473108253681171589
NA18874	0.05957233985073627	-0.0035121826280622537	10473108253681171589
NA18907	0.059742386574658767	-0.004676058145897862	10473108253681171589
NA18908	0.05920181538380075	-0.0038718473197446638	10473108253681171589
NA18909	0.06405953653087161	-0.005961524008723009	10473108253681171589
NA18910	0.06320280120582059	-0.003168501843542768	10473108253681171589
NA18912	0.05835726532863443	-0.00537958444151489	10473108253681171589
NA18916	0.06234286015006269	-0.005228657808871647	10473108253681171589
NA18917	0.06288174240798877	-0.002995317280776466	10473108253681171589
NA18923	0.05822128140422946	-0.006494384076913478	10473108253681171589
NA18924	0.06180852162251239	-0.004951006922357841	10473108253681171589
NA18933	0.06322361794802271	-0.005300593332941217	10473108253681171589
NA18934	0.06440364494718025	-0.00418496398910122	10473108253681171589
NA18939	-0.018094741188942113	-0.039838107262906486	10473108253681171589
NA18940	-0.021342975200736074	-0.04437001475152485	10473108253681171589
NA18941	-0.019166174455132978	-0.04733061965733862	10473108253681171589
NA18942	-0.019534565996540187	-0.04340098714589855	10473108253681171589
NA18943	-0.019342830429027742	-0.049627212528295384	10473108253681171589
NA18944	-0.019730148896957754	-0.04263916606888463	10473108253681171589
NA18945	-0.01873950066160706	-0.04191218788686445	10473108253681171589
NA18946	-0.01720196080145428	-0.04342711571600568	10473108253681171589
NA18947	-0.020412741550802214	-0.04497296184788292	10473108253681171589
NA18948	-0.02035691332619317	-0.046720759369610204	10473108253681171589
NA18949	-0.020460443151654916	-0.042128525128370155	10473108253681171589
NA18950	-0.02012022886605858	-0.04373838802677642	10473108253681171589
NA18951	-0.0186587714231819	-0.04765083139775795	10473108253681171589
NA18952	-0.01859473723622401	-0.04381035893528701	10473108253681171589
NA18953	-0.019573103459365374	-0.04874335436020588	10473108253681171589
NA18954	-0.017554886078107623	-0.04455695542444516	10473108253681171589
NA18956	-0.019397254239095923	-0.04495284792969444	10473108253681171589
NA18957	-0.018334229551389726	-0.042354099669237755	10473108253681171589
NA18959	-0.020153368812831828	-0.04366947707832267	10473108253681171589
NA18960	-0.01540277530598365	-0.04581543937881171	10473108253681171589
NA18961	-0.020218760340674095	-0.045145739071213685	10473108253681171589
NA18962	-0.018913551886809453	-0.04238090654249475	10473108253681171589
NA18963	-0.019521815230831473	-0.04530017152048451	10473108253681171589
NA18964	-0.01767369082027869	-0.04177074670581514	10473108253681171589
NA18965	-0.02131694032976119	-0.048386017359635124	10473108253681171589
NA18966	-0.017805753178920577	-0.04420070667676587	10473108253681171589
NA18968	-0.02081320276945227	-0.047336649491998235	10473108253681171589
NA18971	-0.019235352124347474	-0.04663959370734217	10473108253681171589
NA18973	-0.02025495238628571	-0.04361166796363718	10473108253681171589
NA18974	-0.020537802352323126	-0.045362098410117534	10473108253681171589
NA18975	-0.01923217292274868	-0.04383980113333993	10473108253681171589
NA18976	-0.01915168437702549	-0.04725168991513791	10473108253681171589
NA18977	-0.020016173012399878	-0.04580914602794182	10473108253681171589
NA18978	-0.018224269120053888	-0.044643957764617506	10473108253681171589
NA18980	-0.019576443818527904	-0.04647097398752794	10473108253681171589
NA18981	-0.017440006200709898	-0.04402144403060573	10473108253681171589
NA18982	-0.020585941648412525	-0.040888018591845904	10473108253681171589
NA18983	-0.01889942451222739	-0.04482311714067496	10473108253681171589
NA18984	-0.0188004324318873	-0.047009268888881496	10473108253681171589
NA18985	-0.02056679782296742	-0.04518554829277431	10473108253681171589
NA18986	-0.01636732831896203	-0.04633840359244583	10473108253681171589
NA18987	-0.018144070978536552	-0.036023530257845875	10473108253681171589
NA18988	-0.017921621692146287	-0.04506604611426054	10473108253681171589
NA18989	-0.018966433155706727	-0.04544314896668	10473108253681171589
NA18990	-0.018922077428345	-0.04374770068541698	10473108253681171589
NA18992	-0.01820275413204777	-0.047721850011200564	10473108253681171589
NA18994	-0.018824029211884623	-0.04837077027789939	10473108253681171589
NA18995	-0.018262803820353266	-0.047369441042713435	10473108253681171589
NA18998	-0.018885673410422948	-0.04491185886011823	10473108253681171589
NA18999	-0.02182403038746869	-0.04324010897282262	10473108253681171589
NA19000	-0.019885376928006713	-0.04886514400755853	10473108253681171589
NA19002	-0.019725920142225503	-0.0397713057330447	10473108253681171589
NA19003	-0.020715510714895854	-0.04402068224093368	10473108253681171589
NA19004	-0.020041739490835316	-0.04243418533225919	10473108253681171589
NA19005	-0.019314488852263407	-0.04683736810632221	10473108253681171589
NA19007	-0.019617439846604332	-0.04474498627075671	10473108253681171589
NA19009	-0.019982560862343804	-0.04660149809586373	10473108253681171589
NA19010	-0.01703677536861987	-0.04716983384972912	10473108253681171589
NA19012	-0.019559798026789272	-0.043820011923691296	10473108253681171589
NA19020	0.05567803708821806	-0.0076393415951144334	10473108253681171589
NA19028	0.05677125203313144	-0.001017982412794626	10473108253681171589
NA19035	0.05195828609564626	-0.003961090784929645	10473108253681171589
NA19036	0.05973049588575952	-0.0029260112006992208	10473108253681171589
NA19038	0.06150651745943603	-0.005529122745912134	10473108253681171589
NA19041	0.05879679943810285	-0.005629847273337775	10473108253681171589
NA19044	0.05282517220787237	-0.004584729314021602	10473108253681171589
NA19046	0.05884412840673571	-0.006253056975404371	10473108253681171589
NA19054	-0.017158150717986233	-0.04176967541920044	10473108253681171589
NA19055	-0.01889691526828697	-0.04628983131801341	10473108253681171589
NA19056	-0.018919047763288257	-0.044776475724377804	10473108253681171589
NA19057	-0.017816179363067383	-0.040283548788307075	10473108253681171589
NA19058	-0.02059895450993849	-0.04766477304381253	10473108253681171589
NA19059	-0.02000395355638987	-0.04257938128117891	10473108253681171589
NA19060	-0.018712440723752666	-0.03885993493973258	10473108253681171589
NA19062	-0.019600430717525087	-0.04072167390044896	10473108253681171589
NA19063	-0.019676315984815992	-0.044203511228876786	10473108253681171589
NA19064	-0.01963032973743975	-0.0453779933833135	10473108253681171589
NA19065	-0.020678077743922992	-0.04216489298202237	10473108253681171589
NA19066	-0.019954085683525937	-0.04688922294933605	10473108253681171589
NA19067	-0.018635354038438023	-0.04602164326069419	10473108253681171589
NA19068	-0.01954297200605101	-0.047217867847808674	10473108253681171589
NA19070	-0.02061498267233098	-0.03804275492759866	10473108253681171589
NA19072	-0.02198263265332967	-0.04843342870616091	10473108253681171589
NA19074	-0.019764171552812827	-0.04632192111857571	10473108253681171589
NA19075	-0.019158820566188367	-0.0415086457196642	10473108253681171589
NA19076	-0.019583773569788087	-0.04342017261896735	10473108253681171589
NA19077	-0.020562337167021695	-0.040045683846852344	10473108253681171589
NA19078	-0.020456525573382157	-0.04825142914468566	10473108253681171589
NA19079	-0.022199267727257006	-0.045379976011393514	10473108253681171589
NA19080	-0.018714887496985716	-0.04626495242385087	10473108253681171589
NA19081	-0.018968625630616503	-0.0458672574066996	10473108253681171589
NA19082	-0.01869068479395209	-0.04997307798658551	10473108253681171589
NA19083	-0.019617330650139795	-0.045570694857595684	10473108253681171589
NA19084	-0.021147325602634968	-0.04505779266578566	10473108253681171589
NA19085	-0.021642066972021836	-0.03357106155353174	10473108253681171589
NA19087	-0.019343889619127138	-0.04283945133868016	10473108253681171589
NA19088	-0.020499417424211304	-0.04760468921100426	10473108253681171589
NA19093	0.059305024172231	-0.005104554015671089	10473108253681171589
NA19095	0.05832148393165365	-0.006120335317567477	10473108253681171589
NA19096	0.06467219266442063	-0.005909699544359087	10473108253681171589
NA19098	0.06196099842827314	-0.0011897984281176548	10473108253681171589
NA19099	0.058876819377108675	-0.0037834441757014733	10473108253681171589
NA19102	0.059657107197496013	-0.010028449106559617	10473108253681171589
NA19107	0.06318160131277768	-0.003287804553691044	10473108253681171589
NA19108	0.05987451243511314	-0.0044700323401649115	10473108253681171589
NA19113	0.05636254696659804	-0.007702956994278562	10473108253681171589
NA19114	0.0616683912743724	-0.007070130681965418	10473108253681171589
NA19116	0.06443780123603138	-0.007161485267156666	10473108253681171589
NA19117	0.06078100230741879	-0.0044741016778260655	10473108253681171589
NA19118	0.06010166445797968	-0.005768673513035237	10473108253681171589
NA19119	0.06061850717935602	-0.005495805171279925	10473108253681171589
NA19121	0.05782161923664807	-0.005492896536801571	10473108253681171589
NA19129	0.057151449817539564	-0.007546918341290831	10473108253681171589
NA19130	0.06256553381238766	-0.00844258117128917	10473108253681171589
NA19131	0.058012380373595275	-0.004006589470020044	10473108253681171589
NA19137	0.05965305755287195	-0.004518730102546908	10473108253681171589
NA19138	0.05844176550992265	-0.005048016927507883	10473108253681171589
NA19146	0.06124591057738701	-0.006167477974745509	10473108253681171589
NA19147	0.05717829766216533	-0.002018818480996933	10473108253681171589
NA19149	0.05990614525338435	-0.004362863747328965	10473108253681171589
NA19150	0.06071390982608297	-0.00448654020142823	10473108253681171589
NA19152	0.06110018743792754	-0.006124198308193149	10473108253681171589
NA19160	0.06137937076748658	-0.004759165715425652	10473108253681171589
NA19171	0.059729144409238946	-0.004626284154717339	10473108253681171589
NA19172	0.0625343114555763	-0.0023167267970572044	10473108253681171589
NA19175	0.06313678413587487	-0.0018576713675700876	10473108253681171589
NA19185	0.06382192134010645	-0.00556500029943181	10473108253681171589
NA19189	0.059251170589407764	-0.004928970451168982	10473108253681171589
NA19190	0.06072028435616786	-0.005356875815933625	10473108253681171589
NA19197	0.06012388925701207	-0.003553141073713522	10473108253681171589
NA19198	0.06500587085185168	-0.00427202826189202	10473108253681171589
NA19200	0.057933996241030815	-0.00702029402176813	10473108253681171589
NA19204	0.0580009705120375	-0.0062171394351444725	10473108253681171589
NA19207	0.06267880203377812	-0.00585364096412339	10473108253681171589
NA19209	0.056242154292608315	-0.004805111135774859	10473108253681171589
NA19213	0.06342133159149099	-0.003849583574478249	10473108253681171589
NA19222	0.059213989737569514	-0.005312653135440695	10473108253681171589
NA19223	0.058338940511061574	-0.0020120259874886206	10473108253681171589
NA19225	0.058846004097088	-0.0056331111504229715	10473108253681171589
NA19235	0.05719422481297669	-0.0037296868454633524	10473108253681171589
NA19236	0.06069347021502131	-0.004741149813083767	10473108253681171589
NA19247	0.05821260527750068	-0.004958604993706169	10473108253681171589
NA19248	0.06222369543791265	-0.005112816496756556	10473108253681171589
NA19256	0.06319985973993564	-0.004607850002730977	10473108253681171589
NA19257	0.06217048918996415	-0.003579887532511455	10473108253681171589
NA19307	0.055252117167765284	-0.00432283634921626	10473108253681171589
NA19308	0.055580823685323466	-0.007266755618096722	10473108253681171589
NA19309	0.05672028589688799	-0.00445115262681241	10473108253681171589
NA19310	0.05457457465708648	-0.0032096994167847624	10473108253681171589
NA19311	0.051949176849867794	-0.007128559136639737	10473108253681171589
NA19312	0.055254714422283066	-0.0021590130141395693	10473108253681171589
NA19313	0.05894464944285514	-0.0034903256226514407	10473108253681171589
NA19315	0.059249074445085224	-0.007580853802967074	10473108253681171589
NA19316	0.0622234305448926	-0.0054940891740844185	10473108253681171589
NA19317	0.06049570207482444	-0.006599137866166641	10473108253681171589
NA19318	0.05793485023352529	-0.0069715229005559666	10473108253681171589
NA19319	0.054844815815710574	-0.003448380843097948	10473108253681171589
NA19321	0.05394558947484507	-0.004894816359880078	10473108253681171589
NA19324	0.05953711571790423	-0.00464721070013589	10473108253681171589
NA19327	0.05317278566112494	-0.0024001241940238656	10473108253681171589
NA19328	0.051859955880293886	-0.006704728623835635	10473108253681171589
NA19331	0.05393483538492765	-7.28164713684839E-4	10473108253681171589
NA19332	0.05876047837799649	-0.002506421040203231	10473108253681171589
NA19334	0.05597067958771347	-0.001121037617583112	10473108253681171589
NA19338	0.0543191584924106	-0.005097936058963767	10473108253681171589
NA19346	0.05484354802457617	-0.010011060518128424	10473108253681171589
NA19347	0.062242044301215625	-0.004742320314786945	10473108253681171589
NA19350	0.05493164622316832	-0.0018195469589250511	10473108253681171589
NA19351	0.05634726473983557	-0.004081618921569402	10473108253681171589
NA19352	0.05796408252894487	-0.005698216649896547	10473108253681171589
NA19355	0.054400112316724446	-0.0017103694312671667	10473108253681171589
NA19359	0.057798791431437554	-0.0035914883091347407	10473108253681171589
NA19360	0.05684164753828561	-0.004102160365863924	10473108253681171589
NA19371	0.05657699655474103	-0.0060669611439882806	10473108253681171589
NA19372	0.060422770468869916	-0.004665634346152419	10473108253681171589
NA19373	0.05640763238088142	-0.006131205676747761	10473108253681171589
NA19374	0.05832912268680491	-0.0061462095919124615	10473108253681171589
NA19375	0.05619293741177511	-0.006124163348897833	10473108253681171589
NA19376	0.05972785454521809	-0.0027361699338870516	10473108253681171589
NA19377	0.05810683884124968	-0.007592067304402501	10473108253681171589
NA19379	0.05709541665407294	-0.002417004131061072	10473108253681171589
NA19380	0.05711306672444799	-0.0024319794988489525	10473108253681171589
NA19381	0.05828718311016136	-0.004253461301428178	10473108253681171589
NA19382	0.059687687001740077	-0.004994813912503283	10473108253681171589
NA19383	0.06127004205104829	-0.0029633531935722534	10473108253681171589
NA19384	0.05669335120253925	-0.005557591413583161	10473108253681171589
NA19385	0.059783619384493634	-0.004930974060757702	10473108253681171589
NA19390	0.059999283122351504	-0.003951287090524817	10473108253681171589
NA19391	0.05834477625632511	-0.007603132650839332	10473108253681171589
NA19393	0.056113937278221775	-0.005659582011412729	10473108253681171589
NA19394	0.060250651187889685	-0.006795042944861306	10473108253681171589
NA19395	0.055131110882254225	-0.006414085317550532	10473108253681171589
NA19396	0.05711245718021003	-0.0017196565600750618	10473108253681171589
NA19397	0.056191470320031064	-0.0011358796176348007	10473108253681171589
NA19398	0.05991600011888576	-0.0025340113285047695	10473108253681171589
NA19399	0.059195722648873905	-0.00443596393869613	10473108253681171589
NA19401	0.06140231202737929	-0.0027779272178738348	10473108253681171589
NA19403	0.05910357306424018	-0.003369754108446962	10473108253681171589
NA19404	0.06094220039089333	-0.004497803488126813	10473108253681171589
NA19428	0.05619407205254902	-0.0039360595822278115	10473108253681171589
NA19429	0.057181502244099194	-0.004091462865083508	10473108253681171589
NA19430	0.05956559329879193	-0.0025358548168263003	10473108253681171589
NA19431	0.05309469237863444	-0.004047929345293306	10473108253681171589
NA19434	0.0625988692057384	-0.00718435156862977	10473108253681171589
NA19435	0.05731845294030061	-0.002718971513180964	10473108253681171589
NA19436	0.05911105992709771	-0.005326381142058142	10473108253681171589
NA19437	0.05717142257207819	-0.00265175380578872	10473108253681171589
NA19438	0.05904076635533238	-0.003522856141792898	10473108253681171589
NA19439	0.055745767237179264	-0.007311458132341276	10473108253681171589
NA19440	0.058203073987120234	-0.0017290770125333085	10473108253681171589
NA19443	0.05820074158440197	-0.0035964834409808032	10473108253681171589
NA19444	0.0555101361145825	-0.004503420765023025	10473108253681171589
NA19445	0.05674297673890038	-0.0028623147070680863	10473108253681171589
NA19446	0.05846656687214243	-0.0066427394155009565	10473108253681171589
NA19448	0.05844085212919068	-0.002008320337153089	10473108253681171589
NA19449	0.05527258381302863	-0.0075694944479092405	10473108253681171589
NA19451	0.05519273868618014	-0.005385116217738961	10473108253681171589
NA19452	0.0545789321435762	-0.004002901999623245	10473108253681171589
NA19453	0.05778064626791348	-0.004056249933962724	10473108253681171589
NA19455	0.05856450500185989	-0.0053801302495760294	10473108253681171589
NA19456	0.055268261663992464	-0.003208090110845357	10473108253681171589
NA19457	0.058811397078918054	-0.002899394630968509	10473108253681171589
NA19461	0.058777018383373084	-0.004767165860833414	10473108253681171589
NA19462	0.057639434640836	-0.0034461667170543895	10473108253681171589
NA19463	0.055203715218611914	-0.0027012400433412	10473108253681171589
NA19466	0.052912940086399726	-0.003292856562030485	10473108253681171589
NA19467	0.0578289387189966	-2.7712719061558463E-4	10473108253681171589
NA19468	0.05520992703213666	-0.004198245420784146	10473108253681171589
NA19469	0.05505150247025662	-0.0056958466583339066	10473108253681171589
NA19470	0.054514800596021595	-0.0030814522006034325	10473108253681171589
NA19471	0.05843317539108112	-0.0049139212337271304	10473108253681171589
NA19472	0.055122534232823595	-0.008117611194102932	10473108253681171589
NA19473	0.05759060540234922	-0.004371894752375373	10473108253681171589
NA19474	0.05416531469173787	-0.004395652379846828	10473108253681171589
NA19625	0.029817473136788623	-0.010145189073267478	10473108253681171589
NA19648	-0.018332379507574062	0.03345030881785232	10473108253681171589
NA19651	-0.01056969848183991	0.031598432650808486	10473108253681171589
NA19652	-0.012746176302655074	0.009076614652415329	10473108253681171589
NA19654	-0.012009444821764878	-0.005999424217161239	10473108253681171589
NA19655	-0.0137080778204796	0.006997128298672213	10473108253681171589
NA19657	-0.018035387127438282	-0.004741048443805577	10473108253681171589
NA19660	-0.0068874166952827475	0.014974863288426038	10473108253681171589
NA19661	-0.010411599110398292	0.009278063611489619	10473108253681171589
NA19663	-0.012869985081129812	-0.004735385843696371	10473108253681171589
NA19664	-0.009396192846477575	0.007986869113119287	10473108253681171589
NA19672	-0.0077985823788005015	0.008031588548142614	10473108253681171589
NA19675	-0.013395596346491467	0.029298964225591865	10473108253681171589
NA19676	-0.013918900637957468	0.008304854966511089	10473108253681171589
NA19678	-0.009897518638673438	0.03198015332046263	10473108253681171589
NA19679	-0.011227620213260023	0.014332084206105324	10473108253681171589
NA19681	-0.015572250149476668	-0.003578282169215416	10473108253681171589
NA19682	-0.01474596423969977	-0.005927486186893504	10473108253681171589
NA19684	-0.016517540488216832	0.029031144644226285	10473108253681171589
NA19685	-0.005833886416791327	0.007108588352377717	10473108253681171589
NA19700	0.05379533555141634	-1.847333755159468E-4	10473108253681171589
NA19701	0.03587860004246187	0.007662997953404837	10473108253681171589
NA19703	0.03208307621924101	0.006338285966626107	10473108253681171589
NA19704	0.032000151731389724	0.007774886695242215	10473108253681171589
NA19707	0.03130386151900083	0.01840217764469449	10473108253681171589
NA19711	0.04664169461351509	0.001737720706673858	10473108253681171589
NA19712	0.053125265511963775	-0.006642053168093322	10473108253681171589
NA19713	0.03918576677019053	0.018520626695793352	10473108253681171589
NA19716	-0.01886139975738525	0.014512535199614048	10473108253681171589
NA19717	-0.021692669811414697	0.00932941831467788	10473108253681171589
NA19719	-0.014125556266464364	0.007055719335159404	10473108253681171589
NA19720	-0.010223558860087648	0.012016469052291106	10473108253681171589
NA19722	-0.014447384729118497	0.007619962938071199	10473108253681171589
NA19723	-0.00448541419595432	0.01436164518136494	10473108253681171589
NA19725	-0.014784510981369773	0.01167544119340406	10473108253681171589
NA19726	-0.021133630611570926	0.010271259347601536	10473108253681171589
NA19728	-0.018763913680277584	-0.016460986727283456	10473108253681171589
NA19729	-0.01688023988798985	-0.012167669775167433	10473108253681171589
NA19731	-0.019548737031952382	-0.022205321578895418	10473108253681171589
NA19732	-0.016978039971836566	-0.014392228130553002	10473108253681171589
NA19734	-0.016754112830968726	-0.009441413581390059	10473108253681171589
NA19735	-0.015191249410179327	-0.009480153745626428	10473108253681171589
NA19737	-0.0164015879218621	0.03224373687001438	10473108253681171589
NA19738	-0.01890029542983067	0.02165321656722202	10473108253681171589
NA19740	-0.01663914859653518	-0.0038692705051045556	10473108253681171589
NA19741	-0.011879028414857235	0.007435189003963979	10473108253681171589
NA19746	-0.012998049411226653	0.0025560883739808027	10473108253681171589
NA19747	-0.01374350557601608	1.2075086488242557E-4	10473108253681171589
NA19749	-0.012452894869264864	0.028403598145330018	10473108253681171589
NA19750	-0.015722559687768426	0.027796231677958878	10473108253681171589
NA19752	-0.007448977573495635	0.00891163084130974	10473108253681171589
NA19753	-0.016921506384206635	0.007989887239047713	10473108253681171589
NA19755	-0.015305569228483456	-0.009499933831723489	10473108253681171589
NA19756	-0.012349460900687434	-2.9038637323767125E-4	10473108253681171589
NA19758	-0.013495393415286305	0.012348727026355744	10473108253681171589
NA19759	-0.014651180911487191	-0.0028301054861942744	10473108253681171589
NA19761	6.389620478144465E-4	3.5335128656199225E-4	10473108253681171589
NA19762	-0.012057113794678189	-0.008518021361278	10473108253681171589
NA19764	-0.012257490637424843	0.00695845365880998	10473108253681171589
NA19770	-0.016679899594073167	0.008020876761858378	10473108253681171589
NA19771	-0.014935667549752677	0.010473631275429312	10473108253681171589
NA19773	-0.019410556173004193	0.007123732299740572	10473108253681171589
NA19774	-0.01454066011471698	0.0033558495667958908	10473108253681171589
NA19776	-0.016970068554542455	0.0013645009787591658	10473108253681171589
NA19777	-0.010375387728989258	0.022308811181985758	10473108253681171589
NA19779	-0.011373100190490641	0.013355405004216673	10473108253681171589
NA19780	-0.020511120351588155	0.017321457325615238	10473108253681171589
NA19782	-0.01640381660836703	0.025773311281300955	10473108253681171589
NA19783	-0.007083194330141419	-0.015005552725496661	10473108253681171589
NA19785	-0.01784907625507055	0.0035859738548243768	10473108253681171589
NA19786	-0.01892402115198113	0.012020338548459604	10473108253681171589
NA19788	-0.01734486220736147	0.006457254131973299	10473108253681171589
NA19789	-0.010263020526838453	0.007654258177317757	10473108253681171589
NA19794	-0.014071147478828606	0.016290569065389632	10473108253681171589
NA19795	-0.005944207459819226	-0.005651976300478465	10473108253681171589
NA19818	0.030263515077206156	0.023174555949477586	10473108253681171589
NA19819	0.02970966342369302	0.018317172861906712	10473108253681171589
NA19834	0.05022064059315237	-0.002102137143918728	10473108253681171589
NA19835	0.05249094834347122	-0.008638089272749588	10473108253681171589
NA19900	0.030680397925946817	0.006503554361477341	10473108253681171589
NA19901	0.05409796852246752	-0.002543658402013251	10473108253681171589
NA19904	0.04964956074932341	-0.004414197864718613	10473108253681171589
NA19908	0.06016891172311471	-0.0032323010823615845	10473108253681171589
NA19909	0.0539935142587286	-0.003329585310135942	10473108253681171589
NA19914	0.049914740714787804	-0.0026827700042438133	10473108253681171589
NA19916	0.04095485732542902	0.005896140283543915	10473108253681171589
NA19917	0.05869537503761823	-0.010727518414925755	10473108253681171589
NA19920	0.06178624407942721	-0.005757558658598133	10473108253681171589
NA19921	0.018259492482857614	-0.008756235364580173	10473108253681171589
NA19922	0.0604836330054916	-0.0034400538766591565	10473108253681171589
NA19923	0.03544388666846123	0.006704412734727521	10473108253681171589
NA19982	0.03873378103293408	0.013726069003256038	10473108253681171589
NA19984	0.047841728444222215	-0.0030630953173944593	10473108253681171589
NA19985	0.026094800360670068	0.025363420661306594	10473108253681171589
NA20126	0.03455756760533471	0.007758627360953258	10473108253681171589
NA20127	0.059480581444892364	-0.005247577988407795	10473108253681171589
NA20276	0.051417790650610536	0.0030344010934422266	10473108253681171589
NA20278	0.022508646031271146	0.012780573759268402	10473108253681171589
NA20281	0.03482120002908824	0.02153879271299306	10473108253681171589
NA20282	0.03993981195485073	0.0031852954529747826	10473108253681171589
NA20287	0.03313843499413826	0.0019430295627297896	10473108253681171589
NA20289	0.05430378929989382	-0.004519003334075758	10473108253681171589
NA20291	0.0584479463477683	-0.005126793301993121	10473108253681171589
NA20294	0.060824806137786985	-0.0058394080556466305	10473108253681171589
NA20296	0.048399795304520904	0.012969140187812131	10473108253681171589
NA20298	0.05862621419077306	-0.003094374370159878	10473108253681171589
NA20299	0.01572433764380849	-0.014564413235508493	10473108253681171589
NA20314	-0.014821699791474867	-0.011704241540371125	10473108253681171589
NA20317	0.04379859640547278	0.004883020827338245	10473108253681171589
NA20322	0.038816070951527004	0.0022823062340176017	10473108253681171589
NA20332	0.027738019493904337	0.0029942300790260588	10473108253681171589
NA20334	0.01740953331377132	0.01277001195144668	10473108253681171589
NA20336	0.03378923245497294	0.008845077881618221	10473108253681171589
NA20339	0.061924073407554125	-9.078750205326432E-4	10473108253681171589
NA20340	0.059324310932280654	-0.007118960838250608	10473108253681171589
NA20341	0.057476470073474235	-0.008172353622171594	10473108253681171589
NA20342	0.03498462064458414	0.015652988315599265	10473108253681171589
NA20344	0.05333441383295637	-0.004150591011594805	10473108253681171589
NA20346	0.04910475649122065	-7.463465910260138E-4	10473108253681171589
NA20348	0.05486346427904144	-0.00318713275420877	10473108253681171589
NA20351	0.050958335353156164	0.001830747226547987	10473108253681171589
NA20356	0.04323974879078727	0.003224780316449197	10473108253681171589
NA20357	0.04682870576368403	0.0026562441313452805	10473108253681171589
NA20359	0.05268619739123463	-0.004198924971646008	10473108253681171589
NA20363	0.0317296947427676	0.018158420973445465	10473108253681171589
NA20412	0.015594879140878716	0.014372621945981984	10473108253681171589
NA20414	0.005036139475328256	-0.007688584026460133	10473108253681171589
NA20502	-0.01445710980964603	0.02546116648902916	10473108253681171589
NA20503	-0.0198409603483865	0.036864097053243346	10473108253681171589
NA20504	-0.015485590816042063	0.022506588025508138	10473108253681171589
NA20505	-0.01600492739517067	0.03703098955425305	10473108253681171589
NA20506	-0.015529901442666413	0.037299917144932894	10473108253681171589
NA20507	-0.012509063290980548	0.02005545537350407	10473108253681171589
NA20508	-0.012686425917249396	0.027066681177713273	10473108253681171589
NA20509	-0.013738771212417341	0.039444692088512014	10473108253681171589
NA20510	-0.01499210173642743	0.02494692551585518	10473108253681171589
NA20512	-0.015878183371469127	0.03603308032831115	10473108253681171589
NA20513	-0.016991122044099815	0.03650793188782524	10473108253681171589
NA20515	-0.018295064352858485	0.038663041726328076	10473108253681171589
NA20516	-0.016634298476296192	0.03245372352700068	10473108253681171589
NA20517	-0.01593477248985458	0.03584870122639551	10473108253681171589
NA20518	-0.013670672661656018	0.0228913346269692	10473108253681171589
NA20519	-0.01986816898416087	0.039409946419486294	10473108253681171589
NA20520	-0.01619316765040792	0.0366246998898693	10473108253681171589
NA20521	-0.016774675288151457	0.037959163409213674	10473108253681171589
NA20522	-0.015420735291090509	0.041630290418100374	10473108253681171589
NA20524	-0.014420620195156246	0.024784565993395274	10473108253681171589
NA20525	-0.014673453696541125	0.027013597538236414	10473108253681171589
NA20527	-0.014088244163220203	0.03743789812981841	10473108253681171589
NA20528	-0.013686909429977745	0.03735839309310378	10473108253681171589
NA20529	-0.014672583355849473	0.023650040945907745	10473108253681171589
NA20530	-0.017301528731614287	0.03454095965394593	10473108253681171589
NA20531	-0.013131183075152413	0.024009632078403675	10473108253681171589
NA20532	-0.01574797577752335	0.04186677317223131	10473108253681171589
NA20533	-0.016876460500084223	0.037483843286755865	10473108253681171589
NA20534	-0.01174381608073187	0.02936040319278322	10473108253681171589
NA20535	-0.017855262471201113	0.036814551169324077	10473108253681171589
NA20536	-0.011416163166203381	0.02273525559220957	10473108253681171589
NA20537	-0.015162439969117422	0.027026888767158242	10473108253681171589
NA20538	-0.017820017650548546	0.035790802165007865	10473108253681171589
NA20539	-0.017502127973503992	0.038007519154303976	10473108253681171589
NA20540	-0.012776878282201865	0.024777876633098245	10473108253681171589
NA20541	-0.01714058320054942	0.040118975212059586	10473108253681171589
NA20542	-0.011831330156133146	0.023769617244614034	10473108253681171589
NA20543	-0.011431492564274552	0.022127316366052134	10473108253681171589
NA20544	-0.013804164629652654	0.023824946901044065	10473108253681171589
NA20581	-0.016531821689174334	0.04037370313252679	10473108253681171589
NA20582	-0.015316675190980041	0.02142771341898191	10473108253681171589
NA20585	-0.011706544464972355	0.02744103142546957	10473108253681171589
NA20586	-0.013338313153444149	0.02956983117116868	10473108253681171589
NA20588	-0.014729861310563908	0.02510125383941328	10473108253681171589
NA20589	-0.013445062775324465	0.03573494210580403	10473108253681171589
NA20752	-0.01216368490743689	0.027473310974794708	10473108253681171589
NA20753	-0.01763142659611518	0.03653606332817516	10473108253681171589
NA20754	-0.016738302873170834	0.022408755426142568	10473108253681171589
NA20755	-0.01702059736024181	0.039773138059557823	10473108253681171589
NA20756	-0.013400707988706507	0.04178235024615517	10473108253681171589
NA20757	-0.015266759321382117	0.026964606369515982	10473108253681171589
NA20758	-0.019367182442285157	0.03597491251478434	10473108253681171589
NA20759	-0.015143768594307622	0.038324197105269	10473108253681171589
NA20760	-0.0160586391458485	0.036514707784181276	10473108253681171589
NA20761	-0.015100289701389201	0.023764939291549953	10473108253681171589
NA20765	-0.015546065370286515	0.03785222200619104	10473108253681171589
NA20766	-0.013493610137279542	0.02894662400697969	10473108253681171589
NA20768	-0.014314113050957518	0.035474203619461665	10473108253681171589
NA20769	-0.015038345365822806	0.02518148438196474	10473108253681171589
NA20770	-0.020223539499952793	0.03334621528365332	10473108253681171589
NA20771	-0.014163727290257533	0.04034782196208912	10473108253681171589
NA20772	-0.014225458838482061	0.02082200617224783	10473108253681171589
NA20773	-0.014782568572462204	0.0343374629736275	10473108253681171589
NA20774	-0.018484111041085393	0.038245517434296064	10473108253681171589
NA20775	-0.014544099301059378	0.027124504879117755	10473108253681171589
NA20778	-0.015353969442224417	0.022945955578484896	10473108253681171589
NA20783	-0.01276870371664514	0.026356560031235158	10473108253681171589
NA20785	-0.016124461059245077	0.024723760711061835	10473108253681171589
NA20786	-0.01734297099627576	0.04109436255930088	10473108253681171589
NA20787	-0.011261211826515651	0.023634153084732903	10473108253681171589
NA20790	-0.013435061072953985	0.03711008599728473	10473108253681171589
NA20792	-0.016026626569827077	0.020231989771798953	10473108253681171589
NA20795	-0.015486828772589174	0.03743190543934995	10473108253681171589
NA20796	-0.013908232088923772	0.02517751272100869	10473108253681171589
NA20797	-0.016748677129514635	0.034543942774297766	10473108253681171589
NA20798	-0.013135338654548244	0.024773905293807057	10473108253681171589
NA20799	-0.01292189432531582	0.039668431783919114	10473108253681171589
NA20800	-0.016166205566210623	0.037236550886370394	10473108253681171589
NA20801	-0.016240591228844248	0.024903311982733108	10473108253681171589
NA20802	-0.014647562329353133	0.03989445839676303	10473108253681171589
NA20803	-0.016097953876503455	0.038140577438700106	10473108253681171589
NA20804	-0.012464787230116141	0.026374291208576692	10473108253681171589
NA20805	-0.014576658474556472	0.02400265495557681	10473108253681171589
NA20806	-0.017310439613582702	0.034920601704272664	10473108253681171589
NA20807	-0.015935811124178727	0.03563211425552804	10473108253681171589
NA20808	-0.01692830095509368	0.037577801781315895	10473108253681171589
NA20809	-0.014865113002441732	0.035146894341680474	10473108253681171589
NA20810	-0.018469011289883805	0.032373192597143205	10473108253681171589
NA20811	-0.01369055624777842	0.03921859878123999	10473108253681171589
NA20812	-0.015951552195570946	0.03184251904270592	10473108253681171589
NA20813	-0.009721864369112782	0.020506011635066834	10473108253681171589
NA20814	-0.017668619990217415	0.04261786487080277	10473108253681171589
NA20815	-0.014738552310667025	0.024727502860634205	10473108253681171589
NA20816	-0.017827080688877308	0.0369566020639806	10473108253681171589
NA20818	-0.019173464605734665	0.03978878734635422	10473108253681171589
NA20819	-0.01682508975743876	0.023280893154338466	10473108253681171589
NA20826	-0.017044860348039273	0.038200218816600975	10473108253681171589
NA20828	-0.01632425614822325	0.0376919777980346	10473108253681171589
NA21313	-9.266220106630009E-5	-0.008785301243543849	10473108253681171589
